solid OpenSCAD_Model
  facet normal 0 0 1
    outer loop
      vertex -28.000000000000004 22.35 6.2
      vertex -28.000000000000004 -22.35 6.2
      vertex -26.400000000000002 20.75 6.2
    endloop
  endfacet
  facet normal -1 0 0
    outer loop
      vertex -28.000000000000004 22.35 6.2
      vertex -28.000000000000004 22.35 2.2
      vertex -28.000000000000004 -22.35 2.2
    endloop
  endfacet
  facet normal 0 0 1
    outer loop
      vertex -28.000000000000004 22.35 6.2
      vertex -26.400000000000002 20.75 6.2
      vertex 26.400000000000002 20.75 6.2
    endloop
  endfacet
  facet normal 0 1 0
    outer loop
      vertex -28.000000000000004 22.35 6.2
      vertex 28.000000000000004 22.35 2.2
      vertex -28.000000000000004 22.35 2.2
    endloop
  endfacet
  facet normal 0 0 1
    outer loop
      vertex -26.400000000000002 20.75 6.2
      vertex -28.000000000000004 -22.35 6.2
      vertex -26.400000000000002 -20.75 6.2
    endloop
  endfacet
  facet normal -1 0 0
    outer loop
      vertex -28.000000000000004 22.35 6.2
      vertex -28.000000000000004 -22.35 2.2
      vertex -28.000000000000004 -22.35 6.2
    endloop
  endfacet
  facet normal 0 0 1
    outer loop
      vertex -28.000000000000004 -22.35 6.2
      vertex 28.000000000000004 -22.35 6.2
      vertex -26.400000000000002 -20.75 6.2
    endloop
  endfacet
  facet normal 0 -1 0
    outer loop
      vertex -28.000000000000004 -22.35 6.2
      vertex -28.000000000000004 -22.35 2.2
      vertex 28.000000000000004 -22.35 6.2
    endloop
  endfacet
  facet normal 0 0 1
    outer loop
      vertex -28.000000000000004 22.35 6.2
      vertex 26.400000000000002 20.75 6.2
      vertex 28.000000000000004 22.35 6.2
    endloop
  endfacet
  facet normal 0 1 0
    outer loop
      vertex -28.000000000000004 22.35 6.2
      vertex 28.000000000000004 22.35 6.2
      vertex 28.000000000000004 22.35 2.2
    endloop
  endfacet
  facet normal 0 0 1
    outer loop
      vertex 26.400000000000002 20.75 6.2
      vertex 26.400000000000002 -20.75 6.2
      vertex 28.000000000000004 22.35 6.2
    endloop
  endfacet
  facet normal 1 0 0
    outer loop
      vertex 28.000000000000004 22.35 6.2
      vertex 28.000000000000004 -22.35 6.2
      vertex 28.000000000000004 22.35 2.2
    endloop
  endfacet
  facet normal 0 0 1
    outer loop
      vertex -26.400000000000002 -20.75 6.2
      vertex 28.000000000000004 -22.35 6.2
      vertex 26.400000000000002 -20.75 6.2
    endloop
  endfacet
  facet normal 0 -1 0
    outer loop
      vertex -28.000000000000004 -22.35 2.2
      vertex 28.000000000000004 -22.35 2.2
      vertex 28.000000000000004 -22.35 6.2
    endloop
  endfacet
  facet normal 0 0 1
    outer loop
      vertex 28.000000000000004 22.35 6.2
      vertex 26.400000000000002 -20.75 6.2
      vertex 28.000000000000004 -22.35 6.2
    endloop
  endfacet
  facet normal 1 0 0
    outer loop
      vertex 28.000000000000004 22.35 2.2
      vertex 28.000000000000004 -22.35 6.2
      vertex 28.000000000000004 -22.35 2.2
    endloop
  endfacet
  facet normal 1 0 0
    outer loop
      vertex -26.400000000000002 20.75 6.2
      vertex -26.400000000000002 -20.75 2.2
      vertex -26.400000000000002 20.75 2.2
    endloop
  endfacet
  facet normal 0 -1 0
    outer loop
      vertex -26.400000000000002 20.75 6.2
      vertex -26.400000000000002 20.75 2.2
      vertex 26.400000000000002 20.75 6.2
    endloop
  endfacet
  facet normal 1 0 0
    outer loop
      vertex -26.400000000000002 20.75 6.2
      vertex -26.400000000000002 -20.75 6.2
      vertex -26.400000000000002 -20.75 2.2
    endloop
  endfacet
  facet normal 0 1 0
    outer loop
      vertex -26.400000000000002 -20.75 6.2
      vertex 25.48686868686869 -20.75 2.2
      vertex -26.400000000000002 -20.75 2.2
    endloop
  endfacet
  facet normal 0 -1 0
    outer loop
      vertex -26.400000000000002 20.75 2.2
      vertex 26.400000000000002 20.75 2.2
      vertex 26.400000000000002 20.75 6.2
    endloop
  endfacet
  facet normal -1 0 0
    outer loop
      vertex 26.400000000000002 20.75 6.2
      vertex 26.400000000000002 20.75 2.2
      vertex 26.400000000000002 -20.75 6.2
    endloop
  endfacet
  facet normal 0 1 0
    outer loop
      vertex -26.400000000000002 -20.75 6.2
      vertex 26.400000000000002 -20.75 6.2
      vertex 26.400000000000002 -20.75 2.2
    endloop
  endfacet
  facet normal 0 1 0
    outer loop
      vertex -26.400000000000002 -20.75 6.2
      vertex 26.400000000000002 -20.75 2.2
      vertex 25.48686868686869 -20.75 2.2
    endloop
  endfacet
  facet normal -1 0 0
    outer loop
      vertex 26.400000000000002 20.75 2.2
      vertex 26.400000000000002 -20.75 2.2
      vertex 26.400000000000002 -20.75 6.2
    endloop
  endfacet
  facet normal 0 0 1
    outer loop
      vertex -24.914213562373096 16.414213562373096 18.2
      vertex -24.675570504584947 13.381966011250105 18.2
      vertex -24.675570504584947 16.618033988749893 18.2
    endloop
  endfacet
  facet normal 0 0 1
    outer loop
      vertex -24.407980999479093 16.782013048376736 18.2
      vertex -24.675570504584947 16.618033988749893 18.2
      vertex -24.407980999479093 13.217986951623264 18.2
    endloop
  endfacet
  facet normal 0 0 1
    outer loop
      vertex -24.407980999479093 16.782013048376736 18.2
      vertex -24.118033988749893 13.097886967409693 18.2
      vertex -24.118033988749893 16.902113032590307 18.2
    endloop
  endfacet
  facet normal 0 0 1
    outer loop
      vertex -24.118033988749893 16.902113032590307 18.2
      vertex -23.812868930080462 13.024623318809724 18.2
      vertex -23.812868930080462 16.975376681190276 18.2
    endloop
  endfacet
  facet normal 0 0 1
    outer loop
      vertex -23.812868930080462 16.975376681190276 18.2
      vertex -23.5 13 18.2
      vertex -23.5 17 18.2
    endloop
  endfacet
  facet normal 0 0 1
    outer loop
      vertex -23.5 17 18.2
      vertex -23.187131069919538 13.024623318809724 18.2
      vertex -23.187131069919538 16.975376681190276 18.2
    endloop
  endfacet
  facet normal 0 0 1
    outer loop
      vertex -23.187131069919538 16.975376681190276 18.2
      vertex -22.881966011250107 13.097886967409693 18.2
      vertex -22.881966011250107 16.902113032590307 18.2
    endloop
  endfacet
  facet normal 0 0 1
    outer loop
      vertex -25.402113032590307 15.618033988749895 18.2
      vertex -25.475376681190276 15.312868930080462 18.2
      vertex -25.402113032590307 14.381966011250105 18.2
    endloop
  endfacet
  facet normal 0 0 1
    outer loop
      vertex -25.282013048376736 15.907980999479093 18.2
      vertex -25.402113032590307 15.618033988749895 18.2
      vertex -25.282013048376736 14.092019000520907 18.2
    endloop
  endfacet
  facet normal 0 0 1
    outer loop
      vertex -25.475376681190276 15.312868930080462 18.2
      vertex -25.5 15 18.2
      vertex -25.475376681190276 14.687131069919538 18.2
    endloop
  endfacet
  facet normal 0 0 1
    outer loop
      vertex -25.475376681190276 15.312868930080462 18.2
      vertex -25.475376681190276 14.687131069919538 18.2
      vertex -25.402113032590307 14.381966011250105 18.2
    endloop
  endfacet
  facet normal 0 0 1
    outer loop
      vertex -25.402113032590307 15.618033988749895 18.2
      vertex -25.402113032590307 14.381966011250105 18.2
      vertex -25.282013048376736 14.092019000520907 18.2
    endloop
  endfacet
  facet normal 0 0 1
    outer loop
      vertex -25.282013048376736 15.907980999479093 18.2
      vertex -25.118033988749893 13.824429495415053 18.2
      vertex -25.118033988749893 16.175570504584947 18.2
    endloop
  endfacet
  facet normal 0 0 1
    outer loop
      vertex -24.914213562373096 16.414213562373096 18.2
      vertex -25.118033988749893 16.175570504584947 18.2
      vertex -24.914213562373096 13.585786437626904 18.2
    endloop
  endfacet
  facet normal 0 0 1
    outer loop
      vertex -25.282013048376736 15.907980999479093 18.2
      vertex -25.282013048376736 14.092019000520907 18.2
      vertex -25.118033988749893 13.824429495415053 18.2
    endloop
  endfacet
  facet normal 0 0 1
    outer loop
      vertex -25.118033988749893 16.175570504584947 18.2
      vertex -25.118033988749893 13.824429495415053 18.2
      vertex -24.914213562373096 13.585786437626904 18.2
    endloop
  endfacet
  facet normal 0 0 1
    outer loop
      vertex -24.914213562373096 16.414213562373096 18.2
      vertex -24.914213562373096 13.585786437626904 18.2
      vertex -24.675570504584947 13.381966011250105 18.2
    endloop
  endfacet
  facet normal 0 0 1
    outer loop
      vertex -24.675570504584947 16.618033988749893 18.2
      vertex -24.675570504584947 13.381966011250105 18.2
      vertex -24.407980999479093 13.217986951623264 18.2
    endloop
  endfacet
  facet normal 0 0 1
    outer loop
      vertex -24.407980999479093 16.782013048376736 18.2
      vertex -24.407980999479093 13.217986951623264 18.2
      vertex -24.118033988749893 13.097886967409693 18.2
    endloop
  endfacet
  facet normal 0 0 1
    outer loop
      vertex -24.118033988749893 16.902113032590307 18.2
      vertex -24.118033988749893 13.097886967409693 18.2
      vertex -23.812868930080462 13.024623318809724 18.2
    endloop
  endfacet
  facet normal 0 0 1
    outer loop
      vertex -23.812868930080462 16.975376681190276 18.2
      vertex -23.812868930080462 13.024623318809724 18.2
      vertex -23.5 13 18.2
    endloop
  endfacet
  facet normal 0 0 1
    outer loop
      vertex -23.5 17 18.2
      vertex -23.5 13 18.2
      vertex -23.187131069919538 13.024623318809724 18.2
    endloop
  endfacet
  facet normal 0 0 1
    outer loop
      vertex -23.187131069919538 16.975376681190276 18.2
      vertex -23.187131069919538 13.024623318809724 18.2
      vertex -22.881966011250107 13.097886967409693 18.2
    endloop
  endfacet
  facet normal 0 0 1
    outer loop
      vertex -22.881966011250107 16.902113032590307 18.2
      vertex -22.592019000520907 13.217986951623264 18.2
      vertex -22.592019000520907 16.782013048376736 18.2
    endloop
  endfacet
  facet normal 0 0 1
    outer loop
      vertex -22.592019000520907 16.782013048376736 18.2
      vertex -22.324429495415053 13.381966011250105 18.2
      vertex -22.324429495415053 16.618033988749893 18.2
    endloop
  endfacet
  facet normal 0 0 1
    outer loop
      vertex -22.324429495415053 16.618033988749893 18.2
      vertex -22.085786437626904 13.585786437626904 18.2
      vertex -22.085786437626904 16.414213562373096 18.2
    endloop
  endfacet
  facet normal 0 0 1
    outer loop
      vertex -22.085786437626904 16.414213562373096 18.2
      vertex -21.881966011250107 13.824429495415053 18.2
      vertex -21.881966011250107 16.175570504584947 18.2
    endloop
  endfacet
  facet normal 0 0 1
    outer loop
      vertex -22.881966011250107 16.902113032590307 18.2
      vertex -22.881966011250107 13.097886967409693 18.2
      vertex -22.592019000520907 13.217986951623264 18.2
    endloop
  endfacet
  facet normal 0 0 1
    outer loop
      vertex -22.592019000520907 16.782013048376736 18.2
      vertex -22.592019000520907 13.217986951623264 18.2
      vertex -22.324429495415053 13.381966011250105 18.2
    endloop
  endfacet
  facet normal 0 0 1
    outer loop
      vertex -22.324429495415053 16.618033988749893 18.2
      vertex -22.324429495415053 13.381966011250105 18.2
      vertex -22.085786437626904 13.585786437626904 18.2
    endloop
  endfacet
  facet normal 0 0 1
    outer loop
      vertex -22.085786437626904 16.414213562373096 18.2
      vertex -22.085786437626904 13.585786437626904 18.2
      vertex -21.881966011250107 13.824429495415053 18.2
    endloop
  endfacet
  facet normal 0 0 1
    outer loop
      vertex -21.881966011250107 16.175570504584947 18.2
      vertex -21.717986951623264 14.092019000520907 18.2
      vertex -21.717986951623264 15.907980999479093 18.2
    endloop
  endfacet
  facet normal 0 0 1
    outer loop
      vertex -21.717986951623264 15.907980999479093 18.2
      vertex -21.597886967409693 14.381966011250105 18.2
      vertex -21.597886967409693 15.618033988749895 18.2
    endloop
  endfacet
  facet normal 0 0 1
    outer loop
      vertex -21.597886967409693 15.618033988749895 18.2
      vertex -21.524623318809724 14.687131069919538 18.2
      vertex -21.524623318809724 15.312868930080462 18.2
    endloop
  endfacet
  facet normal 0 0 1
    outer loop
      vertex -21.881966011250107 16.175570504584947 18.2
      vertex -21.881966011250107 13.824429495415053 18.2
      vertex -21.717986951623264 14.092019000520907 18.2
    endloop
  endfacet
  facet normal 0 0 1
    outer loop
      vertex -21.717986951623264 15.907980999479093 18.2
      vertex -21.717986951623264 14.092019000520907 18.2
      vertex -21.597886967409693 14.381966011250105 18.2
    endloop
  endfacet
  facet normal 0 0 1
    outer loop
      vertex -21.524623318809724 15.312868930080462 18.2
      vertex -21.524623318809724 14.687131069919538 18.2
      vertex -21.5 15 18.2
    endloop
  endfacet
  facet normal 0 0 1
    outer loop
      vertex -21.597886967409693 15.618033988749895 18.2
      vertex -21.597886967409693 14.381966011250105 18.2
      vertex -21.524623318809724 14.687131069919538 18.2
    endloop
  endfacet
  facet normal -0.7604059656000353 0.6494480483301787 2.5100699400482035e-19
    outer loop
      vertex -24.914213562373096 16.414213562373096 18.2
      vertex -25.118033988749893 16.175570504584947 2.2
      vertex -25.118033988749893 16.175570504584947 18.2
    endloop
  endfacet
  facet normal -0.6494480483301787 0.7604059656000353 2.5100699400482035e-19
    outer loop
      vertex -24.914213562373096 16.414213562373096 18.2
      vertex -24.675570504584947 16.618033988749893 18.2
      vertex -24.675570504584947 16.618033988749893 2.2
    endloop
  endfacet
  facet normal -0.8526401643540893 0.5224985647159539 0
    outer loop
      vertex -25.282013048376736 15.907980999479093 18.2
      vertex -25.118033988749893 16.175570504584947 18.2
      vertex -25.282013048376736 15.907980999479093 2.2
    endloop
  endfacet
  facet normal -0.9238795325112873 0.3826834323650883 -2.5808024572513936e-19
    outer loop
      vertex -25.282013048376736 15.907980999479093 18.2
      vertex -25.402113032590307 15.618033988749895 2.2
      vertex -25.402113032590307 15.618033988749895 18.2
    endloop
  endfacet
  facet normal -0.5224985647159539 0.8526401643540893 0
    outer loop
      vertex -24.407980999479093 16.782013048376736 18.2
      vertex -24.407980999479093 16.782013048376736 2.2
      vertex -24.675570504584947 16.618033988749893 18.2
    endloop
  endfacet
  facet normal -0.38268343236508634 0.9238795325112882 -6.096333852761835e-19
    outer loop
      vertex -24.407980999479093 16.782013048376736 18.2
      vertex -24.118033988749893 16.902113032590307 18.2
      vertex -24.118033988749893 16.902113032590307 2.2
    endloop
  endfacet
  facet normal -0.2334453638559096 0.9723699203976756 -2.4876219578888566e-19
    outer loop
      vertex -24.118033988749893 16.902113032590307 18.2
      vertex -23.812868930080462 16.975376681190276 18.2
      vertex -23.812868930080462 16.975376681190276 2.2
    endloop
  endfacet
  facet normal -0.0784590957278417 0.9969173337331282 -7.486641679598127e-21
    outer loop
      vertex -23.812868930080462 16.975376681190276 18.2
      vertex -23.5 17 18.2
      vertex -23.5 17 2.2
    endloop
  endfacet
  facet normal 0.0784590957278417 0.9969173337331282 7.486641679598127e-21
    outer loop
      vertex -23.5 17 18.2
      vertex -23.187131069919538 16.975376681190276 18.2
      vertex -23.187131069919538 16.975376681190276 2.2
    endloop
  endfacet
  facet normal 0.2334453638559096 0.9723699203976756 2.4876219578888566e-19
    outer loop
      vertex -23.187131069919538 16.975376681190276 18.2
      vertex -22.881966011250107 16.902113032590307 18.2
      vertex -22.881966011250107 16.902113032590307 2.2
    endloop
  endfacet
  facet normal -0.9723699203976759 0.23344536385590833 1.0429718168868305e-19
    outer loop
      vertex -25.402113032590307 15.618033988749895 18.2
      vertex -25.475376681190276 15.312868930080462 2.2
      vertex -25.475376681190276 15.312868930080462 18.2
    endloop
  endfacet
  facet normal -0.9969173337331282 0.0784590957278417 -7.486641679598127e-21
    outer loop
      vertex -25.475376681190276 15.312868930080462 18.2
      vertex -25.5 15 2.2
      vertex -25.5 15 18.2
    endloop
  endfacet
  facet normal -0.9969173337331282 -0.0784590957278417 7.486641679598127e-21
    outer loop
      vertex -25.5 15 18.2
      vertex -25.475376681190276 14.687131069919538 2.2
      vertex -25.475376681190276 14.687131069919538 18.2
    endloop
  endfacet
  facet normal -0.9723699203976759 -0.23344536385590833 -1.0429718168868305e-19
    outer loop
      vertex -25.475376681190276 14.687131069919538 18.2
      vertex -25.402113032590307 14.381966011250105 2.2
      vertex -25.402113032590307 14.381966011250105 18.2
    endloop
  endfacet
  facet normal -0.9238795325112873 -0.3826834323650883 2.5808024572513936e-19
    outer loop
      vertex -25.402113032590307 14.381966011250105 18.2
      vertex -25.282013048376736 14.092019000520907 2.2
      vertex -25.282013048376736 14.092019000520907 18.2
    endloop
  endfacet
  facet normal -0.8526401643540893 -0.5224985647159539 2.6388944188288895e-19
    outer loop
      vertex -25.282013048376736 14.092019000520907 18.2
      vertex -25.118033988749893 13.824429495415053 2.2
      vertex -25.118033988749893 13.824429495415053 18.2
    endloop
  endfacet
  facet normal -0.7604059656000353 -0.6494480483301787 -2.5100699400482035e-19
    outer loop
      vertex -25.118033988749893 13.824429495415053 18.2
      vertex -24.914213562373096 13.585786437626904 2.2
      vertex -24.914213562373096 13.585786437626904 18.2
    endloop
  endfacet
  facet normal -0.6494480483301819 -0.7604059656000325 0
    outer loop
      vertex -24.914213562373096 13.585786437626904 18.2
      vertex -24.914213562373096 13.585786437626904 2.2
      vertex -24.675570504584947 13.381966011250105 18.2
    endloop
  endfacet
  facet normal -0.5224985647159497 -0.8526401643540917 0
    outer loop
      vertex -24.675570504584947 13.381966011250105 18.2
      vertex -24.675570504584947 13.381966011250105 2.2
      vertex -24.407980999479093 13.217986951623264 18.2
    endloop
  endfacet
  facet normal -0.38268343236508634 -0.9238795325112882 0
    outer loop
      vertex -24.407980999479093 13.217986951623264 18.2
      vertex -24.407980999479093 13.217986951623264 2.2
      vertex -24.118033988749893 13.097886967409693 18.2
    endloop
  endfacet
  facet normal -0.2334453638559096 -0.9723699203976756 0
    outer loop
      vertex -24.118033988749893 13.097886967409693 18.2
      vertex -24.118033988749893 13.097886967409693 2.2
      vertex -23.812868930080462 13.024623318809724 18.2
    endloop
  endfacet
  facet normal -0.0784590957278417 -0.9969173337331282 0
    outer loop
      vertex -23.812868930080462 13.024623318809724 18.2
      vertex -23.812868930080462 13.024623318809724 2.2
      vertex -23.5 13 18.2
    endloop
  endfacet
  facet normal 0.0784590957278417 -0.9969173337331282 0
    outer loop
      vertex -23.5 13 18.2
      vertex -23.5 13 2.2
      vertex -23.187131069919538 13.024623318809724 18.2
    endloop
  endfacet
  facet normal 0.2334453638559096 -0.9723699203976756 0
    outer loop
      vertex -23.187131069919538 13.024623318809724 18.2
      vertex -23.187131069919538 13.024623318809724 2.2
      vertex -22.881966011250107 13.097886967409693 18.2
    endloop
  endfacet
  facet normal 0.38268343236508634 0.9238795325112882 6.096333852761835e-19
    outer loop
      vertex -22.881966011250107 16.902113032590307 18.2
      vertex -22.592019000520907 16.782013048376736 18.2
      vertex -22.592019000520907 16.782013048376736 2.2
    endloop
  endfacet
  facet normal 0.5224985647159539 0.8526401643540893 2.6388944188288895e-19
    outer loop
      vertex -22.592019000520907 16.782013048376736 18.2
      vertex -22.324429495415053 16.618033988749893 18.2
      vertex -22.324429495415053 16.618033988749893 2.2
    endloop
  endfacet
  facet normal 0.6494480483301787 0.7604059656000353 -2.5100699400482035e-19
    outer loop
      vertex -22.324429495415053 16.618033988749893 18.2
      vertex -22.085786437626904 16.414213562373096 18.2
      vertex -22.085786437626904 16.414213562373096 2.2
    endloop
  endfacet
  facet normal 0.7604059656000353 0.6494480483301787 0
    outer loop
      vertex -22.085786437626904 16.414213562373096 18.2
      vertex -21.881966011250107 16.175570504584947 18.2
      vertex -22.085786437626904 16.414213562373096 2.2
    endloop
  endfacet
  facet normal 0.8526401643540893 0.5224985647159539 0
    outer loop
      vertex -21.881966011250107 16.175570504584947 18.2
      vertex -21.717986951623264 15.907980999479093 18.2
      vertex -21.881966011250107 16.175570504584947 2.2
    endloop
  endfacet
  facet normal 0.9238795325112873 0.3826834323650883 0
    outer loop
      vertex -21.717986951623264 15.907980999479093 18.2
      vertex -21.597886967409693 15.618033988749895 18.2
      vertex -21.717986951623264 15.907980999479093 2.2
    endloop
  endfacet
  facet normal 0.9723699203976759 0.23344536385590833 0
    outer loop
      vertex -21.597886967409693 15.618033988749895 18.2
      vertex -21.524623318809724 15.312868930080462 18.2
      vertex -21.597886967409693 15.618033988749895 2.2
    endloop
  endfacet
  facet normal 0.9969173337331282 0.0784590957278417 0
    outer loop
      vertex -21.524623318809724 15.312868930080462 18.2
      vertex -21.5 15 18.2
      vertex -21.524623318809724 15.312868930080462 2.2
    endloop
  endfacet
  facet normal 0.9969173337331282 -0.0784590957278417 0
    outer loop
      vertex -21.5 15 18.2
      vertex -21.524623318809724 14.687131069919538 18.2
      vertex -21.5 15 2.2
    endloop
  endfacet
  facet normal 0.9723699203976759 -0.23344536385590833 0
    outer loop
      vertex -21.524623318809724 14.687131069919538 18.2
      vertex -21.597886967409693 14.381966011250105 18.2
      vertex -21.524623318809724 14.687131069919538 2.2
    endloop
  endfacet
  facet normal 0.9238795325112873 -0.3826834323650883 0
    outer loop
      vertex -21.597886967409693 14.381966011250105 18.2
      vertex -21.717986951623264 14.092019000520907 18.2
      vertex -21.597886967409693 14.381966011250105 2.2
    endloop
  endfacet
  facet normal 0.8526401643540893 -0.5224985647159539 0
    outer loop
      vertex -21.717986951623264 14.092019000520907 18.2
      vertex -21.881966011250107 13.824429495415053 18.2
      vertex -21.717986951623264 14.092019000520907 2.2
    endloop
  endfacet
  facet normal 0.5224985647159497 -0.8526401643540917 0
    outer loop
      vertex -22.592019000520907 13.217986951623264 18.2
      vertex -22.592019000520907 13.217986951623264 2.2
      vertex -22.324429495415053 13.381966011250105 18.2
    endloop
  endfacet
  facet normal 0.7604059656000353 -0.6494480483301787 0
    outer loop
      vertex -21.881966011250107 13.824429495415053 18.2
      vertex -22.085786437626904 13.585786437626904 18.2
      vertex -21.881966011250107 13.824429495415053 2.2
    endloop
  endfacet
  facet normal 0.6494480483301819 -0.7604059656000325 3.7899959102797966e-19
    outer loop
      vertex -22.085786437626904 13.585786437626904 18.2
      vertex -22.324429495415053 13.381966011250105 18.2
      vertex -22.324429495415053 13.381966011250105 2.2
    endloop
  endfacet
  facet normal 0.38268343236508634 -0.9238795325112882 0
    outer loop
      vertex -22.881966011250107 13.097886967409693 18.2
      vertex -22.881966011250107 13.097886967409693 2.2
      vertex -22.592019000520907 13.217986951623264 18.2
    endloop
  endfacet
  facet normal -0.7604059656000353 0.6494480483301787 0
    outer loop
      vertex -24.914213562373096 16.414213562373096 18.2
      vertex -24.914213562373096 16.414213562373096 2.2
      vertex -25.118033988749893 16.175570504584947 2.2
    endloop
  endfacet
  facet normal -0.6494480483301787 0.7604059656000353 0
    outer loop
      vertex -24.914213562373096 16.414213562373096 18.2
      vertex -24.675570504584947 16.618033988749893 2.2
      vertex -24.914213562373096 16.414213562373096 2.2
    endloop
  endfacet
  facet normal -0.9723699203976759 0.23344536385590833 0
    outer loop
      vertex -25.402113032590307 15.618033988749895 18.2
      vertex -25.402113032590307 15.618033988749895 2.2
      vertex -25.475376681190276 15.312868930080462 2.2
    endloop
  endfacet
  facet normal -0.9238795325112873 0.3826834323650883 0
    outer loop
      vertex -25.282013048376736 15.907980999479093 18.2
      vertex -25.282013048376736 15.907980999479093 2.2
      vertex -25.402113032590307 15.618033988749895 2.2
    endloop
  endfacet
  facet normal -0.8526401643540893 0.5224985647159539 0
    outer loop
      vertex -25.118033988749893 16.175570504584947 18.2
      vertex -25.118033988749893 16.175570504584947 2.2
      vertex -25.282013048376736 15.907980999479093 2.2
    endloop
  endfacet
  facet normal -0.5224985647159539 0.8526401643540893 0
    outer loop
      vertex -24.675570504584947 16.618033988749893 18.2
      vertex -24.407980999479093 16.782013048376736 2.2
      vertex -24.675570504584947 16.618033988749893 2.2
    endloop
  endfacet
  facet normal -0.38268343236508634 0.9238795325112882 0
    outer loop
      vertex -24.407980999479093 16.782013048376736 18.2
      vertex -24.118033988749893 16.902113032590307 2.2
      vertex -24.407980999479093 16.782013048376736 2.2
    endloop
  endfacet
  facet normal -0.2334453638559096 0.9723699203976756 0
    outer loop
      vertex -24.118033988749893 16.902113032590307 18.2
      vertex -23.812868930080462 16.975376681190276 2.2
      vertex -24.118033988749893 16.902113032590307 2.2
    endloop
  endfacet
  facet normal -0.0784590957278417 0.9969173337331282 0
    outer loop
      vertex -23.812868930080462 16.975376681190276 18.2
      vertex -23.5 17 2.2
      vertex -23.812868930080462 16.975376681190276 2.2
    endloop
  endfacet
  facet normal 0.0784590957278417 0.9969173337331282 0
    outer loop
      vertex -23.5 17 18.2
      vertex -23.187131069919538 16.975376681190276 2.2
      vertex -23.5 17 2.2
    endloop
  endfacet
  facet normal 0.2334453638559096 0.9723699203976756 0
    outer loop
      vertex -23.187131069919538 16.975376681190276 18.2
      vertex -22.881966011250107 16.902113032590307 2.2
      vertex -23.187131069919538 16.975376681190276 2.2
    endloop
  endfacet
  facet normal -0.9969173337331282 0.0784590957278417 0
    outer loop
      vertex -25.475376681190276 15.312868930080462 18.2
      vertex -25.475376681190276 15.312868930080462 2.2
      vertex -25.5 15 2.2
    endloop
  endfacet
  facet normal -0.9969173337331282 -0.0784590957278417 0
    outer loop
      vertex -25.5 15 18.2
      vertex -25.5 15 2.2
      vertex -25.475376681190276 14.687131069919538 2.2
    endloop
  endfacet
  facet normal -0.9723699203976759 -0.23344536385590833 0
    outer loop
      vertex -25.475376681190276 14.687131069919538 18.2
      vertex -25.475376681190276 14.687131069919538 2.2
      vertex -25.402113032590307 14.381966011250105 2.2
    endloop
  endfacet
  facet normal -0.9238795325112873 -0.3826834323650883 0
    outer loop
      vertex -25.402113032590307 14.381966011250105 18.2
      vertex -25.402113032590307 14.381966011250105 2.2
      vertex -25.282013048376736 14.092019000520907 2.2
    endloop
  endfacet
  facet normal -0.8526401643540893 -0.5224985647159539 0
    outer loop
      vertex -25.282013048376736 14.092019000520907 18.2
      vertex -25.282013048376736 14.092019000520907 2.2
      vertex -25.118033988749893 13.824429495415053 2.2
    endloop
  endfacet
  facet normal -0.7604059656000353 -0.6494480483301787 0
    outer loop
      vertex -25.118033988749893 13.824429495415053 18.2
      vertex -25.118033988749893 13.824429495415053 2.2
      vertex -24.914213562373096 13.585786437626904 2.2
    endloop
  endfacet
  facet normal -0.6494480483301819 -0.7604059656000325 0
    outer loop
      vertex -24.675570504584947 13.381966011250105 18.2
      vertex -24.914213562373096 13.585786437626904 2.2
      vertex -24.675570504584947 13.381966011250105 2.2
    endloop
  endfacet
  facet normal -0.5224985647159497 -0.8526401643540917 0
    outer loop
      vertex -24.407980999479093 13.217986951623264 18.2
      vertex -24.675570504584947 13.381966011250105 2.2
      vertex -24.407980999479093 13.217986951623264 2.2
    endloop
  endfacet
  facet normal -0.38268343236508634 -0.9238795325112882 0
    outer loop
      vertex -24.118033988749893 13.097886967409693 18.2
      vertex -24.407980999479093 13.217986951623264 2.2
      vertex -24.118033988749893 13.097886967409693 2.2
    endloop
  endfacet
  facet normal -0.2334453638559096 -0.9723699203976756 0
    outer loop
      vertex -23.812868930080462 13.024623318809724 18.2
      vertex -24.118033988749893 13.097886967409693 2.2
      vertex -23.812868930080462 13.024623318809724 2.2
    endloop
  endfacet
  facet normal -0.0784590957278417 -0.9969173337331282 0
    outer loop
      vertex -23.5 13 18.2
      vertex -23.812868930080462 13.024623318809724 2.2
      vertex -23.5 13 2.2
    endloop
  endfacet
  facet normal 0.0784590957278417 -0.9969173337331282 0
    outer loop
      vertex -23.187131069919538 13.024623318809724 18.2
      vertex -23.5 13 2.2
      vertex -23.187131069919538 13.024623318809724 2.2
    endloop
  endfacet
  facet normal 0.2334453638559096 -0.9723699203976756 0
    outer loop
      vertex -22.881966011250107 13.097886967409693 18.2
      vertex -23.187131069919538 13.024623318809724 2.2
      vertex -22.881966011250107 13.097886967409693 2.2
    endloop
  endfacet
  facet normal 0.38268343236508634 0.9238795325112882 0
    outer loop
      vertex -22.881966011250107 16.902113032590307 18.2
      vertex -22.592019000520907 16.782013048376736 2.2
      vertex -22.881966011250107 16.902113032590307 2.2
    endloop
  endfacet
  facet normal 0.5224985647159539 0.8526401643540893 0
    outer loop
      vertex -22.592019000520907 16.782013048376736 18.2
      vertex -22.324429495415053 16.618033988749893 2.2
      vertex -22.592019000520907 16.782013048376736 2.2
    endloop
  endfacet
  facet normal 0.6494480483301787 0.7604059656000353 0
    outer loop
      vertex -22.324429495415053 16.618033988749893 18.2
      vertex -22.085786437626904 16.414213562373096 2.2
      vertex -22.324429495415053 16.618033988749893 2.2
    endloop
  endfacet
  facet normal 0.7604059656000353 0.6494480483301787 0
    outer loop
      vertex -21.881966011250107 16.175570504584947 18.2
      vertex -21.881966011250107 16.175570504584947 2.2
      vertex -22.085786437626904 16.414213562373096 2.2
    endloop
  endfacet
  facet normal 0.8526401643540893 0.5224985647159539 0
    outer loop
      vertex -21.717986951623264 15.907980999479093 18.2
      vertex -21.717986951623264 15.907980999479093 2.2
      vertex -21.881966011250107 16.175570504584947 2.2
    endloop
  endfacet
  facet normal 0.9238795325112873 0.3826834323650883 0
    outer loop
      vertex -21.597886967409693 15.618033988749895 18.2
      vertex -21.597886967409693 15.618033988749895 2.2
      vertex -21.717986951623264 15.907980999479093 2.2
    endloop
  endfacet
  facet normal 0.9723699203976759 0.23344536385590833 0
    outer loop
      vertex -21.524623318809724 15.312868930080462 18.2
      vertex -21.524623318809724 15.312868930080462 2.2
      vertex -21.597886967409693 15.618033988749895 2.2
    endloop
  endfacet
  facet normal 0.9969173337331282 0.0784590957278417 0
    outer loop
      vertex -21.5 15 18.2
      vertex -21.5 15 2.2
      vertex -21.524623318809724 15.312868930080462 2.2
    endloop
  endfacet
  facet normal 0.9969173337331282 -0.0784590957278417 0
    outer loop
      vertex -21.524623318809724 14.687131069919538 18.2
      vertex -21.524623318809724 14.687131069919538 2.2
      vertex -21.5 15 2.2
    endloop
  endfacet
  facet normal 0.9723699203976759 -0.23344536385590833 0
    outer loop
      vertex -21.597886967409693 14.381966011250105 18.2
      vertex -21.597886967409693 14.381966011250105 2.2
      vertex -21.524623318809724 14.687131069919538 2.2
    endloop
  endfacet
  facet normal 0.9238795325112873 -0.3826834323650883 0
    outer loop
      vertex -21.717986951623264 14.092019000520907 18.2
      vertex -21.717986951623264 14.092019000520907 2.2
      vertex -21.597886967409693 14.381966011250105 2.2
    endloop
  endfacet
  facet normal 0.38268343236508634 -0.9238795325112882 0
    outer loop
      vertex -22.592019000520907 13.217986951623264 18.2
      vertex -22.881966011250107 13.097886967409693 2.2
      vertex -22.592019000520907 13.217986951623264 2.2
    endloop
  endfacet
  facet normal 0.5224985647159497 -0.8526401643540917 0
    outer loop
      vertex -22.324429495415053 13.381966011250105 18.2
      vertex -22.592019000520907 13.217986951623264 2.2
      vertex -22.324429495415053 13.381966011250105 2.2
    endloop
  endfacet
  facet normal 0.7604059656000353 -0.6494480483301787 0
    outer loop
      vertex -22.085786437626904 13.585786437626904 18.2
      vertex -22.085786437626904 13.585786437626904 2.2
      vertex -21.881966011250107 13.824429495415053 2.2
    endloop
  endfacet
  facet normal 0.6494480483301819 -0.7604059656000325 0
    outer loop
      vertex -22.085786437626904 13.585786437626904 18.2
      vertex -22.324429495415053 13.381966011250105 2.2
      vertex -22.085786437626904 13.585786437626904 2.2
    endloop
  endfacet
  facet normal 0.8526401643540893 -0.5224985647159539 0
    outer loop
      vertex -21.881966011250107 13.824429495415053 18.2
      vertex -21.881966011250107 13.824429495415053 2.2
      vertex -21.717986951623264 14.092019000520907 2.2
    endloop
  endfacet
  facet normal 0 0 1
    outer loop
      vertex -25.118033988749893 -13.824429495415053 18.2
      vertex -24.914213562373096 -16.414213562373096 18.2
      vertex -24.914213562373096 -13.585786437626904 18.2
    endloop
  endfacet
  facet normal 0 0 1
    outer loop
      vertex -24.914213562373096 -13.585786437626904 18.2
      vertex -24.675570504584947 -16.618033988749893 18.2
      vertex -24.675570504584947 -13.381966011250105 18.2
    endloop
  endfacet
  facet normal 0 0 1
    outer loop
      vertex -25.475376681190276 -14.687131069919538 18.2
      vertex -25.402113032590307 -15.618033988749895 18.2
      vertex -25.402113032590307 -14.381966011250105 18.2
    endloop
  endfacet
  facet normal 0 0 1
    outer loop
      vertex -25.475376681190276 -14.687131069919538 18.2
      vertex -25.5 -15 18.2
      vertex -25.475376681190276 -15.312868930080462 18.2
    endloop
  endfacet
  facet normal 0 0 1
    outer loop
      vertex -25.282013048376736 -14.092019000520907 18.2
      vertex -25.402113032590307 -14.381966011250105 18.2
      vertex -25.282013048376736 -15.907980999479093 18.2
    endloop
  endfacet
  facet normal 0 0 1
    outer loop
      vertex -25.475376681190276 -14.687131069919538 18.2
      vertex -25.475376681190276 -15.312868930080462 18.2
      vertex -25.402113032590307 -15.618033988749895 18.2
    endloop
  endfacet
  facet normal 0 0 1
    outer loop
      vertex -25.402113032590307 -14.381966011250105 18.2
      vertex -25.402113032590307 -15.618033988749895 18.2
      vertex -25.282013048376736 -15.907980999479093 18.2
    endloop
  endfacet
  facet normal 0 0 1
    outer loop
      vertex -25.282013048376736 -14.092019000520907 18.2
      vertex -25.282013048376736 -15.907980999479093 18.2
      vertex -25.118033988749893 -16.175570504584947 18.2
    endloop
  endfacet
  facet normal 0 0 1
    outer loop
      vertex -25.118033988749893 -13.824429495415053 18.2
      vertex -25.282013048376736 -14.092019000520907 18.2
      vertex -25.118033988749893 -16.175570504584947 18.2
    endloop
  endfacet
  facet normal 0 0 1
    outer loop
      vertex -24.675570504584947 -13.381966011250105 18.2
      vertex -24.407980999479093 -16.782013048376736 18.2
      vertex -24.407980999479093 -13.217986951623264 18.2
    endloop
  endfacet
  facet normal 0 0 1
    outer loop
      vertex -24.118033988749893 -13.097886967409693 18.2
      vertex -24.407980999479093 -13.217986951623264 18.2
      vertex -24.118033988749893 -16.902113032590307 18.2
    endloop
  endfacet
  facet normal 0 0 1
    outer loop
      vertex -24.118033988749893 -13.097886967409693 18.2
      vertex -23.812868930080462 -16.975376681190276 18.2
      vertex -23.812868930080462 -13.024623318809724 18.2
    endloop
  endfacet
  facet normal 0 0 1
    outer loop
      vertex -23.812868930080462 -13.024623318809724 18.2
      vertex -23.5 -17 18.2
      vertex -23.5 -13 18.2
    endloop
  endfacet
  facet normal 0 0 1
    outer loop
      vertex -23.5 -13 18.2
      vertex -23.187131069919538 -16.975376681190276 18.2
      vertex -23.187131069919538 -13.024623318809724 18.2
    endloop
  endfacet
  facet normal 0 0 1
    outer loop
      vertex -23.187131069919538 -13.024623318809724 18.2
      vertex -22.881966011250107 -16.902113032590307 18.2
      vertex -22.881966011250107 -13.097886967409693 18.2
    endloop
  endfacet
  facet normal 0 0 1
    outer loop
      vertex -25.118033988749893 -13.824429495415053 18.2
      vertex -25.118033988749893 -16.175570504584947 18.2
      vertex -24.914213562373096 -16.414213562373096 18.2
    endloop
  endfacet
  facet normal 0 0 1
    outer loop
      vertex -24.914213562373096 -13.585786437626904 18.2
      vertex -24.914213562373096 -16.414213562373096 18.2
      vertex -24.675570504584947 -16.618033988749893 18.2
    endloop
  endfacet
  facet normal 0 0 1
    outer loop
      vertex -24.675570504584947 -13.381966011250105 18.2
      vertex -24.675570504584947 -16.618033988749893 18.2
      vertex -24.407980999479093 -16.782013048376736 18.2
    endloop
  endfacet
  facet normal 0 0 1
    outer loop
      vertex -24.407980999479093 -13.217986951623264 18.2
      vertex -24.407980999479093 -16.782013048376736 18.2
      vertex -24.118033988749893 -16.902113032590307 18.2
    endloop
  endfacet
  facet normal 0 0 1
    outer loop
      vertex -24.118033988749893 -13.097886967409693 18.2
      vertex -24.118033988749893 -16.902113032590307 18.2
      vertex -23.812868930080462 -16.975376681190276 18.2
    endloop
  endfacet
  facet normal 0 0 1
    outer loop
      vertex -23.812868930080462 -13.024623318809724 18.2
      vertex -23.812868930080462 -16.975376681190276 18.2
      vertex -23.5 -17 18.2
    endloop
  endfacet
  facet normal 0 0 1
    outer loop
      vertex -23.5 -13 18.2
      vertex -23.5 -17 18.2
      vertex -23.187131069919538 -16.975376681190276 18.2
    endloop
  endfacet
  facet normal 0 0 1
    outer loop
      vertex -23.187131069919538 -13.024623318809724 18.2
      vertex -23.187131069919538 -16.975376681190276 18.2
      vertex -22.881966011250107 -16.902113032590307 18.2
    endloop
  endfacet
  facet normal 0 0 1
    outer loop
      vertex -22.881966011250107 -13.097886967409693 18.2
      vertex -22.592019000520907 -16.782013048376736 18.2
      vertex -22.592019000520907 -13.217986951623264 18.2
    endloop
  endfacet
  facet normal 0 0 1
    outer loop
      vertex -22.592019000520907 -13.217986951623264 18.2
      vertex -22.324429495415053 -16.618033988749893 18.2
      vertex -22.324429495415053 -13.381966011250105 18.2
    endloop
  endfacet
  facet normal 0 0 1
    outer loop
      vertex -22.324429495415053 -13.381966011250105 18.2
      vertex -22.085786437626904 -16.414213562373096 18.2
      vertex -22.085786437626904 -13.585786437626904 18.2
    endloop
  endfacet
  facet normal 0 0 1
    outer loop
      vertex -22.085786437626904 -13.585786437626904 18.2
      vertex -21.881966011250107 -16.175570504584947 18.2
      vertex -21.881966011250107 -13.824429495415053 18.2
    endloop
  endfacet
  facet normal 0 0 1
    outer loop
      vertex -22.085786437626904 -13.585786437626904 18.2
      vertex -22.085786437626904 -16.414213562373096 18.2
      vertex -21.881966011250107 -16.175570504584947 18.2
    endloop
  endfacet
  facet normal 0 0 1
    outer loop
      vertex -21.881966011250107 -13.824429495415053 18.2
      vertex -21.717986951623264 -15.907980999479093 18.2
      vertex -21.717986951623264 -14.092019000520907 18.2
    endloop
  endfacet
  facet normal 0 0 1
    outer loop
      vertex -21.717986951623264 -14.092019000520907 18.2
      vertex -21.597886967409693 -15.618033988749895 18.2
      vertex -21.597886967409693 -14.381966011250105 18.2
    endloop
  endfacet
  facet normal 0 0 1
    outer loop
      vertex -21.597886967409693 -14.381966011250105 18.2
      vertex -21.524623318809724 -15.312868930080462 18.2
      vertex -21.524623318809724 -14.687131069919538 18.2
    endloop
  endfacet
  facet normal 0 0 1
    outer loop
      vertex -21.524623318809724 -14.687131069919538 18.2
      vertex -21.524623318809724 -15.312868930080462 18.2
      vertex -21.5 -15 18.2
    endloop
  endfacet
  facet normal 0 0 1
    outer loop
      vertex -21.717986951623264 -14.092019000520907 18.2
      vertex -21.717986951623264 -15.907980999479093 18.2
      vertex -21.597886967409693 -15.618033988749895 18.2
    endloop
  endfacet
  facet normal 0 0 1
    outer loop
      vertex -21.881966011250107 -13.824429495415053 18.2
      vertex -21.881966011250107 -16.175570504584947 18.2
      vertex -21.717986951623264 -15.907980999479093 18.2
    endloop
  endfacet
  facet normal 0 0 1
    outer loop
      vertex -21.597886967409693 -14.381966011250105 18.2
      vertex -21.597886967409693 -15.618033988749895 18.2
      vertex -21.524623318809724 -15.312868930080462 18.2
    endloop
  endfacet
  facet normal 0 0 1
    outer loop
      vertex -22.881966011250107 -13.097886967409693 18.2
      vertex -22.881966011250107 -16.902113032590307 18.2
      vertex -22.592019000520907 -16.782013048376736 18.2
    endloop
  endfacet
  facet normal 0 0 1
    outer loop
      vertex -22.592019000520907 -13.217986951623264 18.2
      vertex -22.592019000520907 -16.782013048376736 18.2
      vertex -22.324429495415053 -16.618033988749893 18.2
    endloop
  endfacet
  facet normal 0 0 1
    outer loop
      vertex -22.324429495415053 -13.381966011250105 18.2
      vertex -22.324429495415053 -16.618033988749893 18.2
      vertex -22.085786437626904 -16.414213562373096 18.2
    endloop
  endfacet
  facet normal -0.6494480483301819 0.7604059656000325 3.7899959102797966e-19
    outer loop
      vertex -24.914213562373096 -13.585786437626904 18.2
      vertex -24.675570504584947 -13.381966011250105 18.2
      vertex -24.675570504584947 -13.381966011250105 2.2
    endloop
  endfacet
  facet normal -0.7604059656000353 0.6494480483301787 0
    outer loop
      vertex -25.118033988749893 -13.824429495415053 18.2
      vertex -24.914213562373096 -13.585786437626904 18.2
      vertex -25.118033988749893 -13.824429495415053 2.2
    endloop
  endfacet
  facet normal -0.8526401643540893 0.5224985647159539 -2.6388944188288895e-19
    outer loop
      vertex -25.118033988749893 -13.824429495415053 18.2
      vertex -25.282013048376736 -14.092019000520907 2.2
      vertex -25.282013048376736 -14.092019000520907 18.2
    endloop
  endfacet
  facet normal -0.9238795325112873 0.3826834323650883 -2.5808024572513936e-19
    outer loop
      vertex -25.282013048376736 -14.092019000520907 18.2
      vertex -25.402113032590307 -14.381966011250105 2.2
      vertex -25.402113032590307 -14.381966011250105 18.2
    endloop
  endfacet
  facet normal -0.9723699203976759 0.23344536385590833 0
    outer loop
      vertex -25.475376681190276 -14.687131069919538 18.2
      vertex -25.402113032590307 -14.381966011250105 18.2
      vertex -25.475376681190276 -14.687131069919538 2.2
    endloop
  endfacet
  facet normal -0.9969173337331282 0.0784590957278417 -7.486641679598127e-21
    outer loop
      vertex -25.475376681190276 -14.687131069919538 18.2
      vertex -25.5 -15 2.2
      vertex -25.5 -15 18.2
    endloop
  endfacet
  facet normal -0.9969173337331282 -0.0784590957278417 7.486641679598127e-21
    outer loop
      vertex -25.5 -15 18.2
      vertex -25.475376681190276 -15.312868930080462 2.2
      vertex -25.475376681190276 -15.312868930080462 18.2
    endloop
  endfacet
  facet normal -0.38268343236508634 0.9238795325112882 0
    outer loop
      vertex -24.118033988749893 -13.097886967409693 18.2
      vertex -24.118033988749893 -13.097886967409693 2.2
      vertex -24.407980999479093 -13.217986951623264 18.2
    endloop
  endfacet
  facet normal -0.2334453638559096 0.9723699203976756 -2.4876219578888566e-19
    outer loop
      vertex -24.118033988749893 -13.097886967409693 18.2
      vertex -23.812868930080462 -13.024623318809724 18.2
      vertex -23.812868930080462 -13.024623318809724 2.2
    endloop
  endfacet
  facet normal -0.5224985647159497 0.8526401643540917 4.230194083375854e-19
    outer loop
      vertex -24.675570504584947 -13.381966011250105 18.2
      vertex -24.407980999479093 -13.217986951623264 18.2
      vertex -24.407980999479093 -13.217986951623264 2.2
    endloop
  endfacet
  facet normal -0.0784590957278417 0.9969173337331282 -7.486641679598127e-21
    outer loop
      vertex -23.812868930080462 -13.024623318809724 18.2
      vertex -23.5 -13 18.2
      vertex -23.5 -13 2.2
    endloop
  endfacet
  facet normal 0.0784590957278417 0.9969173337331282 7.486641679598127e-21
    outer loop
      vertex -23.5 -13 18.2
      vertex -23.187131069919538 -13.024623318809724 18.2
      vertex -23.187131069919538 -13.024623318809724 2.2
    endloop
  endfacet
  facet normal 0.2334453638559096 0.9723699203976756 2.4876219578888566e-19
    outer loop
      vertex -23.187131069919538 -13.024623318809724 18.2
      vertex -22.881966011250107 -13.097886967409693 18.2
      vertex -22.881966011250107 -13.097886967409693 2.2
    endloop
  endfacet
  facet normal -0.9723699203976759 -0.23344536385590833 -1.0429718168868305e-19
    outer loop
      vertex -25.475376681190276 -15.312868930080462 18.2
      vertex -25.402113032590307 -15.618033988749895 2.2
      vertex -25.402113032590307 -15.618033988749895 18.2
    endloop
  endfacet
  facet normal -0.9238795325112873 -0.3826834323650883 2.5808024572513936e-19
    outer loop
      vertex -25.402113032590307 -15.618033988749895 18.2
      vertex -25.282013048376736 -15.907980999479093 2.2
      vertex -25.282013048376736 -15.907980999479093 18.2
    endloop
  endfacet
  facet normal -0.8526401643540893 -0.5224985647159539 2.6388944188288895e-19
    outer loop
      vertex -25.282013048376736 -15.907980999479093 18.2
      vertex -25.118033988749893 -16.175570504584947 2.2
      vertex -25.118033988749893 -16.175570504584947 18.2
    endloop
  endfacet
  facet normal -0.7604059656000353 -0.6494480483301787 -2.5100699400482035e-19
    outer loop
      vertex -25.118033988749893 -16.175570504584947 18.2
      vertex -24.914213562373096 -16.414213562373096 2.2
      vertex -24.914213562373096 -16.414213562373096 18.2
    endloop
  endfacet
  facet normal -0.6494480483301787 -0.7604059656000353 0
    outer loop
      vertex -24.914213562373096 -16.414213562373096 18.2
      vertex -24.914213562373096 -16.414213562373096 2.2
      vertex -24.675570504584947 -16.618033988749893 18.2
    endloop
  endfacet
  facet normal -0.5224985647159539 -0.8526401643540893 0
    outer loop
      vertex -24.675570504584947 -16.618033988749893 18.2
      vertex -24.675570504584947 -16.618033988749893 2.2
      vertex -24.407980999479093 -16.782013048376736 18.2
    endloop
  endfacet
  facet normal -0.38268343236508634 -0.9238795325112882 0
    outer loop
      vertex -24.407980999479093 -16.782013048376736 18.2
      vertex -24.407980999479093 -16.782013048376736 2.2
      vertex -24.118033988749893 -16.902113032590307 18.2
    endloop
  endfacet
  facet normal -0.2334453638559096 -0.9723699203976756 0
    outer loop
      vertex -24.118033988749893 -16.902113032590307 18.2
      vertex -24.118033988749893 -16.902113032590307 2.2
      vertex -23.812868930080462 -16.975376681190276 18.2
    endloop
  endfacet
  facet normal -0.0784590957278417 -0.9969173337331282 0
    outer loop
      vertex -23.812868930080462 -16.975376681190276 18.2
      vertex -23.812868930080462 -16.975376681190276 2.2
      vertex -23.5 -17 18.2
    endloop
  endfacet
  facet normal 0.0784590957278417 -0.9969173337331282 0
    outer loop
      vertex -23.5 -17 18.2
      vertex -23.5 -17 2.2
      vertex -23.187131069919538 -16.975376681190276 18.2
    endloop
  endfacet
  facet normal 0.2334453638559096 -0.9723699203976756 0
    outer loop
      vertex -23.187131069919538 -16.975376681190276 18.2
      vertex -23.187131069919538 -16.975376681190276 2.2
      vertex -22.881966011250107 -16.902113032590307 18.2
    endloop
  endfacet
  facet normal 0.38268343236508634 0.9238795325112882 6.096333852761835e-19
    outer loop
      vertex -22.881966011250107 -13.097886967409693 18.2
      vertex -22.592019000520907 -13.217986951623264 18.2
      vertex -22.592019000520907 -13.217986951623264 2.2
    endloop
  endfacet
  facet normal 0.5224985647159497 0.8526401643540917 -4.230194083375854e-19
    outer loop
      vertex -22.592019000520907 -13.217986951623264 18.2
      vertex -22.324429495415053 -13.381966011250105 18.2
      vertex -22.324429495415053 -13.381966011250105 2.2
    endloop
  endfacet
  facet normal 0.6494480483301819 0.7604059656000325 -3.7899959102797966e-19
    outer loop
      vertex -22.324429495415053 -13.381966011250105 18.2
      vertex -22.085786437626904 -13.585786437626904 18.2
      vertex -22.085786437626904 -13.585786437626904 2.2
    endloop
  endfacet
  facet normal 0.7604059656000353 0.6494480483301787 0
    outer loop
      vertex -22.085786437626904 -13.585786437626904 18.2
      vertex -21.881966011250107 -13.824429495415053 18.2
      vertex -22.085786437626904 -13.585786437626904 2.2
    endloop
  endfacet
  facet normal 0.8526401643540893 0.5224985647159539 0
    outer loop
      vertex -21.881966011250107 -13.824429495415053 18.2
      vertex -21.717986951623264 -14.092019000520907 18.2
      vertex -21.881966011250107 -13.824429495415053 2.2
    endloop
  endfacet
  facet normal 0.9238795325112873 0.3826834323650883 0
    outer loop
      vertex -21.717986951623264 -14.092019000520907 18.2
      vertex -21.597886967409693 -14.381966011250105 18.2
      vertex -21.717986951623264 -14.092019000520907 2.2
    endloop
  endfacet
  facet normal 0.9723699203976759 0.23344536385590833 0
    outer loop
      vertex -21.597886967409693 -14.381966011250105 18.2
      vertex -21.524623318809724 -14.687131069919538 18.2
      vertex -21.597886967409693 -14.381966011250105 2.2
    endloop
  endfacet
  facet normal 0.9969173337331282 0.0784590957278417 0
    outer loop
      vertex -21.524623318809724 -14.687131069919538 18.2
      vertex -21.5 -15 18.2
      vertex -21.524623318809724 -14.687131069919538 2.2
    endloop
  endfacet
  facet normal 0.9969173337331282 -0.0784590957278417 0
    outer loop
      vertex -21.5 -15 18.2
      vertex -21.524623318809724 -15.312868930080462 18.2
      vertex -21.5 -15 2.2
    endloop
  endfacet
  facet normal 0.9723699203976759 -0.23344536385590833 0
    outer loop
      vertex -21.524623318809724 -15.312868930080462 18.2
      vertex -21.597886967409693 -15.618033988749895 18.2
      vertex -21.524623318809724 -15.312868930080462 2.2
    endloop
  endfacet
  facet normal 0.38268343236508634 -0.9238795325112882 0
    outer loop
      vertex -22.881966011250107 -16.902113032590307 18.2
      vertex -22.881966011250107 -16.902113032590307 2.2
      vertex -22.592019000520907 -16.782013048376736 18.2
    endloop
  endfacet
  facet normal 0.5224985647159539 -0.8526401643540893 0
    outer loop
      vertex -22.592019000520907 -16.782013048376736 18.2
      vertex -22.592019000520907 -16.782013048376736 2.2
      vertex -22.324429495415053 -16.618033988749893 18.2
    endloop
  endfacet
  facet normal 0.6494480483301787 -0.7604059656000353 0
    outer loop
      vertex -22.324429495415053 -16.618033988749893 18.2
      vertex -22.324429495415053 -16.618033988749893 2.2
      vertex -22.085786437626904 -16.414213562373096 18.2
    endloop
  endfacet
  facet normal 0.7604059656000353 -0.6494480483301787 0
    outer loop
      vertex -21.881966011250107 -16.175570504584947 18.2
      vertex -22.085786437626904 -16.414213562373096 18.2
      vertex -21.881966011250107 -16.175570504584947 2.2
    endloop
  endfacet
  facet normal 0.9238795325112873 -0.3826834323650883 0
    outer loop
      vertex -21.597886967409693 -15.618033988749895 18.2
      vertex -21.717986951623264 -15.907980999479093 18.2
      vertex -21.597886967409693 -15.618033988749895 2.2
    endloop
  endfacet
  facet normal 0.8526401643540893 -0.5224985647159539 -2.6388944188288895e-19
    outer loop
      vertex -21.881966011250107 -16.175570504584947 18.2
      vertex -21.717986951623264 -15.907980999479093 2.2
      vertex -21.717986951623264 -15.907980999479093 18.2
    endloop
  endfacet
  facet normal -0.6494480483301819 0.7604059656000325 0
    outer loop
      vertex -24.914213562373096 -13.585786437626904 18.2
      vertex -24.675570504584947 -13.381966011250105 2.2
      vertex -24.914213562373096 -13.585786437626904 2.2
    endloop
  endfacet
  facet normal -0.7604059656000353 0.6494480483301787 0
    outer loop
      vertex -24.914213562373096 -13.585786437626904 18.2
      vertex -24.914213562373096 -13.585786437626904 2.2
      vertex -25.118033988749893 -13.824429495415053 2.2
    endloop
  endfacet
  facet normal -0.8526401643540893 0.5224985647159539 0
    outer loop
      vertex -25.118033988749893 -13.824429495415053 18.2
      vertex -25.118033988749893 -13.824429495415053 2.2
      vertex -25.282013048376736 -14.092019000520907 2.2
    endloop
  endfacet
  facet normal -0.9238795325112873 0.3826834323650883 0
    outer loop
      vertex -25.282013048376736 -14.092019000520907 18.2
      vertex -25.282013048376736 -14.092019000520907 2.2
      vertex -25.402113032590307 -14.381966011250105 2.2
    endloop
  endfacet
  facet normal -0.9723699203976759 0.23344536385590833 0
    outer loop
      vertex -25.402113032590307 -14.381966011250105 18.2
      vertex -25.402113032590307 -14.381966011250105 2.2
      vertex -25.475376681190276 -14.687131069919538 2.2
    endloop
  endfacet
  facet normal -0.9969173337331282 0.0784590957278417 0
    outer loop
      vertex -25.475376681190276 -14.687131069919538 18.2
      vertex -25.475376681190276 -14.687131069919538 2.2
      vertex -25.5 -15 2.2
    endloop
  endfacet
  facet normal -0.9969173337331282 -0.0784590957278417 0
    outer loop
      vertex -25.5 -15 18.2
      vertex -25.5 -15 2.2
      vertex -25.475376681190276 -15.312868930080462 2.2
    endloop
  endfacet
  facet normal -0.9723699203976759 -0.23344536385590833 0
    outer loop
      vertex -25.475376681190276 -15.312868930080462 18.2
      vertex -25.475376681190276 -15.312868930080462 2.2
      vertex -25.402113032590307 -15.618033988749895 2.2
    endloop
  endfacet
  facet normal -0.2334453638559096 0.9723699203976756 0
    outer loop
      vertex -24.118033988749893 -13.097886967409693 18.2
      vertex -23.812868930080462 -13.024623318809724 2.2
      vertex -24.118033988749893 -13.097886967409693 2.2
    endloop
  endfacet
  facet normal -0.5224985647159497 0.8526401643540917 0
    outer loop
      vertex -24.675570504584947 -13.381966011250105 18.2
      vertex -24.407980999479093 -13.217986951623264 2.2
      vertex -24.675570504584947 -13.381966011250105 2.2
    endloop
  endfacet
  facet normal -0.38268343236508634 0.9238795325112882 0
    outer loop
      vertex -24.407980999479093 -13.217986951623264 18.2
      vertex -24.118033988749893 -13.097886967409693 2.2
      vertex -24.407980999479093 -13.217986951623264 2.2
    endloop
  endfacet
  facet normal -0.0784590957278417 0.9969173337331282 0
    outer loop
      vertex -23.812868930080462 -13.024623318809724 18.2
      vertex -23.5 -13 2.2
      vertex -23.812868930080462 -13.024623318809724 2.2
    endloop
  endfacet
  facet normal 0.0784590957278417 0.9969173337331282 0
    outer loop
      vertex -23.5 -13 18.2
      vertex -23.187131069919538 -13.024623318809724 2.2
      vertex -23.5 -13 2.2
    endloop
  endfacet
  facet normal 0.2334453638559096 0.9723699203976756 0
    outer loop
      vertex -23.187131069919538 -13.024623318809724 18.2
      vertex -22.881966011250107 -13.097886967409693 2.2
      vertex -23.187131069919538 -13.024623318809724 2.2
    endloop
  endfacet
  facet normal -0.9238795325112873 -0.3826834323650883 0
    outer loop
      vertex -25.402113032590307 -15.618033988749895 18.2
      vertex -25.402113032590307 -15.618033988749895 2.2
      vertex -25.282013048376736 -15.907980999479093 2.2
    endloop
  endfacet
  facet normal -0.8526401643540893 -0.5224985647159539 0
    outer loop
      vertex -25.282013048376736 -15.907980999479093 18.2
      vertex -25.282013048376736 -15.907980999479093 2.2
      vertex -25.118033988749893 -16.175570504584947 2.2
    endloop
  endfacet
  facet normal -0.7604059656000353 -0.6494480483301787 0
    outer loop
      vertex -25.118033988749893 -16.175570504584947 18.2
      vertex -25.118033988749893 -16.175570504584947 2.2
      vertex -24.914213562373096 -16.414213562373096 2.2
    endloop
  endfacet
  facet normal -0.6494480483301787 -0.7604059656000353 0
    outer loop
      vertex -24.675570504584947 -16.618033988749893 18.2
      vertex -24.914213562373096 -16.414213562373096 2.2
      vertex -24.675570504584947 -16.618033988749893 2.2
    endloop
  endfacet
  facet normal -0.5224985647159539 -0.8526401643540893 0
    outer loop
      vertex -24.407980999479093 -16.782013048376736 18.2
      vertex -24.675570504584947 -16.618033988749893 2.2
      vertex -24.407980999479093 -16.782013048376736 2.2
    endloop
  endfacet
  facet normal -0.38268343236508634 -0.9238795325112882 0
    outer loop
      vertex -24.118033988749893 -16.902113032590307 18.2
      vertex -24.407980999479093 -16.782013048376736 2.2
      vertex -24.118033988749893 -16.902113032590307 2.2
    endloop
  endfacet
  facet normal -0.2334453638559096 -0.9723699203976756 0
    outer loop
      vertex -23.812868930080462 -16.975376681190276 18.2
      vertex -24.118033988749893 -16.902113032590307 2.2
      vertex -23.812868930080462 -16.975376681190276 2.2
    endloop
  endfacet
  facet normal -0.0784590957278417 -0.9969173337331282 0
    outer loop
      vertex -23.5 -17 18.2
      vertex -23.812868930080462 -16.975376681190276 2.2
      vertex -23.5 -17 2.2
    endloop
  endfacet
  facet normal 0.0784590957278417 -0.9969173337331282 0
    outer loop
      vertex -23.187131069919538 -16.975376681190276 18.2
      vertex -23.5 -17 2.2
      vertex -23.187131069919538 -16.975376681190276 2.2
    endloop
  endfacet
  facet normal 0.2334453638559096 -0.9723699203976756 0
    outer loop
      vertex -22.881966011250107 -16.902113032590307 18.2
      vertex -23.187131069919538 -16.975376681190276 2.2
      vertex -22.881966011250107 -16.902113032590307 2.2
    endloop
  endfacet
  facet normal 0.38268343236508634 0.9238795325112882 0
    outer loop
      vertex -22.881966011250107 -13.097886967409693 18.2
      vertex -22.592019000520907 -13.217986951623264 2.2
      vertex -22.881966011250107 -13.097886967409693 2.2
    endloop
  endfacet
  facet normal 0.5224985647159497 0.8526401643540917 0
    outer loop
      vertex -22.592019000520907 -13.217986951623264 18.2
      vertex -22.324429495415053 -13.381966011250105 2.2
      vertex -22.592019000520907 -13.217986951623264 2.2
    endloop
  endfacet
  facet normal 0.6494480483301819 0.7604059656000325 0
    outer loop
      vertex -22.324429495415053 -13.381966011250105 18.2
      vertex -22.085786437626904 -13.585786437626904 2.2
      vertex -22.324429495415053 -13.381966011250105 2.2
    endloop
  endfacet
  facet normal 0.7604059656000353 0.6494480483301787 0
    outer loop
      vertex -21.881966011250107 -13.824429495415053 18.2
      vertex -21.881966011250107 -13.824429495415053 2.2
      vertex -22.085786437626904 -13.585786437626904 2.2
    endloop
  endfacet
  facet normal 0.8526401643540893 0.5224985647159539 0
    outer loop
      vertex -21.717986951623264 -14.092019000520907 18.2
      vertex -21.717986951623264 -14.092019000520907 2.2
      vertex -21.881966011250107 -13.824429495415053 2.2
    endloop
  endfacet
  facet normal 0.9238795325112873 0.3826834323650883 0
    outer loop
      vertex -21.597886967409693 -14.381966011250105 18.2
      vertex -21.597886967409693 -14.381966011250105 2.2
      vertex -21.717986951623264 -14.092019000520907 2.2
    endloop
  endfacet
  facet normal 0.9723699203976759 0.23344536385590833 0
    outer loop
      vertex -21.524623318809724 -14.687131069919538 18.2
      vertex -21.524623318809724 -14.687131069919538 2.2
      vertex -21.597886967409693 -14.381966011250105 2.2
    endloop
  endfacet
  facet normal 0.9969173337331282 0.0784590957278417 0
    outer loop
      vertex -21.5 -15 18.2
      vertex -21.5 -15 2.2
      vertex -21.524623318809724 -14.687131069919538 2.2
    endloop
  endfacet
  facet normal 0.9969173337331282 -0.0784590957278417 0
    outer loop
      vertex -21.524623318809724 -15.312868930080462 18.2
      vertex -21.524623318809724 -15.312868930080462 2.2
      vertex -21.5 -15 2.2
    endloop
  endfacet
  facet normal 0.38268343236508634 -0.9238795325112882 0
    outer loop
      vertex -22.592019000520907 -16.782013048376736 18.2
      vertex -22.881966011250107 -16.902113032590307 2.2
      vertex -22.592019000520907 -16.782013048376736 2.2
    endloop
  endfacet
  facet normal 0.5224985647159539 -0.8526401643540893 0
    outer loop
      vertex -22.324429495415053 -16.618033988749893 18.2
      vertex -22.592019000520907 -16.782013048376736 2.2
      vertex -22.324429495415053 -16.618033988749893 2.2
    endloop
  endfacet
  facet normal 0.6494480483301787 -0.7604059656000353 0
    outer loop
      vertex -22.085786437626904 -16.414213562373096 18.2
      vertex -22.324429495415053 -16.618033988749893 2.2
      vertex -22.085786437626904 -16.414213562373096 2.2
    endloop
  endfacet
  facet normal 0.7604059656000353 -0.6494480483301787 0
    outer loop
      vertex -22.085786437626904 -16.414213562373096 18.2
      vertex -22.085786437626904 -16.414213562373096 2.2
      vertex -21.881966011250107 -16.175570504584947 2.2
    endloop
  endfacet
  facet normal 0.9238795325112873 -0.3826834323650883 0
    outer loop
      vertex -21.717986951623264 -15.907980999479093 18.2
      vertex -21.717986951623264 -15.907980999479093 2.2
      vertex -21.597886967409693 -15.618033988749895 2.2
    endloop
  endfacet
  facet normal 0.9723699203976759 -0.23344536385590833 0
    outer loop
      vertex -21.597886967409693 -15.618033988749895 18.2
      vertex -21.597886967409693 -15.618033988749895 2.2
      vertex -21.524623318809724 -15.312868930080462 2.2
    endloop
  endfacet
  facet normal 0.8526401643540893 -0.5224985647159539 0
    outer loop
      vertex -21.881966011250107 -16.175570504584947 18.2
      vertex -21.881966011250107 -16.175570504584947 2.2
      vertex -21.717986951623264 -15.907980999479093 2.2
    endloop
  endfacet
  facet normal 0 0 1
    outer loop
      vertex 22.085786437626904 16.414213562373096 18.2
      vertex 22.324429495415053 13.381966011250105 18.2
      vertex 22.324429495415053 16.618033988749893 18.2
    endloop
  endfacet
  facet normal 0 0 1
    outer loop
      vertex 22.324429495415053 16.618033988749893 18.2
      vertex 22.592019000520907 13.217986951623264 18.2
      vertex 22.592019000520907 16.782013048376736 18.2
    endloop
  endfacet
  facet normal 0 0 1
    outer loop
      vertex 22.592019000520907 16.782013048376736 18.2
      vertex 22.881966011250107 13.097886967409693 18.2
      vertex 22.881966011250107 16.902113032590307 18.2
    endloop
  endfacet
  facet normal 0 0 1
    outer loop
      vertex 21.597886967409693 15.618033988749895 18.2
      vertex 21.524623318809724 15.312868930080462 18.2
      vertex 21.597886967409693 14.381966011250105 18.2
    endloop
  endfacet
  facet normal 0 0 1
    outer loop
      vertex 21.717986951623264 15.907980999479093 18.2
      vertex 21.881966011250107 13.824429495415053 18.2
      vertex 21.881966011250107 16.175570504584947 18.2
    endloop
  endfacet
  facet normal 0 0 1
    outer loop
      vertex 21.717986951623264 15.907980999479093 18.2
      vertex 21.597886967409693 15.618033988749895 18.2
      vertex 21.717986951623264 14.092019000520907 18.2
    endloop
  endfacet
  facet normal 0 0 1
    outer loop
      vertex 21.524623318809724 15.312868930080462 18.2
      vertex 21.5 15 18.2
      vertex 21.524623318809724 14.687131069919538 18.2
    endloop
  endfacet
  facet normal 0 0 1
    outer loop
      vertex 21.524623318809724 15.312868930080462 18.2
      vertex 21.524623318809724 14.687131069919538 18.2
      vertex 21.597886967409693 14.381966011250105 18.2
    endloop
  endfacet
  facet normal 0 0 1
    outer loop
      vertex 21.597886967409693 15.618033988749895 18.2
      vertex 21.597886967409693 14.381966011250105 18.2
      vertex 21.717986951623264 14.092019000520907 18.2
    endloop
  endfacet
  facet normal 0 0 1
    outer loop
      vertex 21.717986951623264 15.907980999479093 18.2
      vertex 21.717986951623264 14.092019000520907 18.2
      vertex 21.881966011250107 13.824429495415053 18.2
    endloop
  endfacet
  facet normal 0 0 1
    outer loop
      vertex 22.085786437626904 16.414213562373096 18.2
      vertex 21.881966011250107 16.175570504584947 18.2
      vertex 22.085786437626904 13.585786437626904 18.2
    endloop
  endfacet
  facet normal 0 0 1
    outer loop
      vertex 21.881966011250107 16.175570504584947 18.2
      vertex 21.881966011250107 13.824429495415053 18.2
      vertex 22.085786437626904 13.585786437626904 18.2
    endloop
  endfacet
  facet normal 0 0 1
    outer loop
      vertex 22.085786437626904 16.414213562373096 18.2
      vertex 22.085786437626904 13.585786437626904 18.2
      vertex 22.324429495415053 13.381966011250105 18.2
    endloop
  endfacet
  facet normal 0 0 1
    outer loop
      vertex 22.324429495415053 16.618033988749893 18.2
      vertex 22.324429495415053 13.381966011250105 18.2
      vertex 22.592019000520907 13.217986951623264 18.2
    endloop
  endfacet
  facet normal 0 0 1
    outer loop
      vertex 22.592019000520907 16.782013048376736 18.2
      vertex 22.592019000520907 13.217986951623264 18.2
      vertex 22.881966011250107 13.097886967409693 18.2
    endloop
  endfacet
  facet normal 0 0 1
    outer loop
      vertex 22.881966011250107 16.902113032590307 18.2
      vertex 23.187131069919538 13.024623318809724 18.2
      vertex 23.187131069919538 16.975376681190276 18.2
    endloop
  endfacet
  facet normal 0 0 1
    outer loop
      vertex 23.187131069919538 16.975376681190276 18.2
      vertex 23.5 13 18.2
      vertex 23.5 17 18.2
    endloop
  endfacet
  facet normal 0 0 1
    outer loop
      vertex 23.5 17 18.2
      vertex 23.812868930080462 13.024623318809724 18.2
      vertex 23.812868930080462 16.975376681190276 18.2
    endloop
  endfacet
  facet normal 0 0 1
    outer loop
      vertex 23.812868930080462 16.975376681190276 18.2
      vertex 24.118033988749893 13.097886967409693 18.2
      vertex 24.118033988749893 16.902113032590307 18.2
    endloop
  endfacet
  facet normal 0 0 1
    outer loop
      vertex 24.118033988749893 16.902113032590307 18.2
      vertex 24.407980999479093 13.217986951623264 18.2
      vertex 24.407980999479093 16.782013048376736 18.2
    endloop
  endfacet
  facet normal 0 0 1
    outer loop
      vertex 24.407980999479093 16.782013048376736 18.2
      vertex 24.675570504584947 13.381966011250105 18.2
      vertex 24.675570504584947 16.618033988749893 18.2
    endloop
  endfacet
  facet normal 0 0 1
    outer loop
      vertex 24.675570504584947 16.618033988749893 18.2
      vertex 24.914213562373096 13.585786437626904 18.2
      vertex 24.914213562373096 16.414213562373096 18.2
    endloop
  endfacet
  facet normal 0 0 1
    outer loop
      vertex 24.914213562373096 16.414213562373096 18.2
      vertex 25.118033988749893 13.824429495415053 18.2
      vertex 25.118033988749893 16.175570504584947 18.2
    endloop
  endfacet
  facet normal 0 0 1
    outer loop
      vertex 22.881966011250107 16.902113032590307 18.2
      vertex 22.881966011250107 13.097886967409693 18.2
      vertex 23.187131069919538 13.024623318809724 18.2
    endloop
  endfacet
  facet normal 0 0 1
    outer loop
      vertex 23.187131069919538 16.975376681190276 18.2
      vertex 23.187131069919538 13.024623318809724 18.2
      vertex 23.5 13 18.2
    endloop
  endfacet
  facet normal 0 0 1
    outer loop
      vertex 23.5 17 18.2
      vertex 23.5 13 18.2
      vertex 23.812868930080462 13.024623318809724 18.2
    endloop
  endfacet
  facet normal 0 0 1
    outer loop
      vertex 23.812868930080462 16.975376681190276 18.2
      vertex 23.812868930080462 13.024623318809724 18.2
      vertex 24.118033988749893 13.097886967409693 18.2
    endloop
  endfacet
  facet normal 0 0 1
    outer loop
      vertex 24.118033988749893 16.902113032590307 18.2
      vertex 24.118033988749893 13.097886967409693 18.2
      vertex 24.407980999479093 13.217986951623264 18.2
    endloop
  endfacet
  facet normal 0 0 1
    outer loop
      vertex 24.407980999479093 16.782013048376736 18.2
      vertex 24.407980999479093 13.217986951623264 18.2
      vertex 24.675570504584947 13.381966011250105 18.2
    endloop
  endfacet
  facet normal 0 0 1
    outer loop
      vertex 25.118033988749893 16.175570504584947 18.2
      vertex 25.118033988749893 13.824429495415053 18.2
      vertex 25.282013048376736 14.092019000520907 18.2
    endloop
  endfacet
  facet normal 0 0 1
    outer loop
      vertex 25.118033988749893 16.175570504584947 18.2
      vertex 25.282013048376736 14.092019000520907 18.2
      vertex 25.282013048376736 15.907980999479093 18.2
    endloop
  endfacet
  facet normal 0 0 1
    outer loop
      vertex 25.282013048376736 15.907980999479093 18.2
      vertex 25.402113032590307 14.381966011250105 18.2
      vertex 25.402113032590307 15.618033988749895 18.2
    endloop
  endfacet
  facet normal 0 0 1
    outer loop
      vertex 25.402113032590307 15.618033988749895 18.2
      vertex 25.475376681190276 14.687131069919538 18.2
      vertex 25.475376681190276 15.312868930080462 18.2
    endloop
  endfacet
  facet normal 0 0 1
    outer loop
      vertex 25.282013048376736 15.907980999479093 18.2
      vertex 25.282013048376736 14.092019000520907 18.2
      vertex 25.402113032590307 14.381966011250105 18.2
    endloop
  endfacet
  facet normal 0 0 1
    outer loop
      vertex 25.475376681190276 15.312868930080462 18.2
      vertex 25.475376681190276 14.687131069919538 18.2
      vertex 25.5 15 18.2
    endloop
  endfacet
  facet normal 0 0 1
    outer loop
      vertex 25.402113032590307 15.618033988749895 18.2
      vertex 25.402113032590307 14.381966011250105 18.2
      vertex 25.475376681190276 14.687131069919538 18.2
    endloop
  endfacet
  facet normal 0 0 1
    outer loop
      vertex 24.675570504584947 16.618033988749893 18.2
      vertex 24.675570504584947 13.381966011250105 18.2
      vertex 24.914213562373096 13.585786437626904 18.2
    endloop
  endfacet
  facet normal 0 0 1
    outer loop
      vertex 24.914213562373096 16.414213562373096 18.2
      vertex 24.914213562373096 13.585786437626904 18.2
      vertex 25.118033988749893 13.824429495415053 18.2
    endloop
  endfacet
  facet normal -0.8526401643540893 0.5224985647159539 0
    outer loop
      vertex 21.717986951623264 15.907980999479093 18.2
      vertex 21.881966011250107 16.175570504584947 18.2
      vertex 21.717986951623264 15.907980999479093 2.2
    endloop
  endfacet
  facet normal -0.9238795325112873 0.3826834323650883 -2.5808024572513936e-19
    outer loop
      vertex 21.717986951623264 15.907980999479093 18.2
      vertex 21.597886967409693 15.618033988749895 2.2
      vertex 21.597886967409693 15.618033988749895 18.2
    endloop
  endfacet
  facet normal -0.7604059656000353 0.6494480483301787 2.5100699400482035e-19
    outer loop
      vertex 22.085786437626904 16.414213562373096 18.2
      vertex 21.881966011250107 16.175570504584947 2.2
      vertex 21.881966011250107 16.175570504584947 18.2
    endloop
  endfacet
  facet normal -0.6494480483301787 0.7604059656000353 2.5100699400482035e-19
    outer loop
      vertex 22.085786437626904 16.414213562373096 18.2
      vertex 22.324429495415053 16.618033988749893 18.2
      vertex 22.324429495415053 16.618033988749893 2.2
    endloop
  endfacet
  facet normal -0.5224985647159539 0.8526401643540893 -2.6388944188288895e-19
    outer loop
      vertex 22.324429495415053 16.618033988749893 18.2
      vertex 22.592019000520907 16.782013048376736 18.2
      vertex 22.592019000520907 16.782013048376736 2.2
    endloop
  endfacet
  facet normal -0.38268343236508634 0.9238795325112882 -6.096333852761835e-19
    outer loop
      vertex 22.592019000520907 16.782013048376736 18.2
      vertex 22.881966011250107 16.902113032590307 18.2
      vertex 22.881966011250107 16.902113032590307 2.2
    endloop
  endfacet
  facet normal -0.9723699203976759 0.23344536385590833 1.0429718168868305e-19
    outer loop
      vertex 21.597886967409693 15.618033988749895 18.2
      vertex 21.524623318809724 15.312868930080462 2.2
      vertex 21.524623318809724 15.312868930080462 18.2
    endloop
  endfacet
  facet normal -0.9969173337331282 0.0784590957278417 -7.486641679598127e-21
    outer loop
      vertex 21.524623318809724 15.312868930080462 18.2
      vertex 21.5 15 2.2
      vertex 21.5 15 18.2
    endloop
  endfacet
  facet normal -0.9969173337331282 -0.0784590957278417 7.486641679598127e-21
    outer loop
      vertex 21.5 15 18.2
      vertex 21.524623318809724 14.687131069919538 2.2
      vertex 21.524623318809724 14.687131069919538 18.2
    endloop
  endfacet
  facet normal -0.9723699203976759 -0.23344536385590833 -1.0429718168868305e-19
    outer loop
      vertex 21.524623318809724 14.687131069919538 18.2
      vertex 21.597886967409693 14.381966011250105 2.2
      vertex 21.597886967409693 14.381966011250105 18.2
    endloop
  endfacet
  facet normal -0.9238795325112873 -0.3826834323650883 2.5808024572513936e-19
    outer loop
      vertex 21.597886967409693 14.381966011250105 18.2
      vertex 21.717986951623264 14.092019000520907 2.2
      vertex 21.717986951623264 14.092019000520907 18.2
    endloop
  endfacet
  facet normal -0.8526401643540893 -0.5224985647159539 2.6388944188288895e-19
    outer loop
      vertex 21.717986951623264 14.092019000520907 18.2
      vertex 21.881966011250107 13.824429495415053 2.2
      vertex 21.881966011250107 13.824429495415053 18.2
    endloop
  endfacet
  facet normal -0.7604059656000353 -0.6494480483301787 -2.5100699400482035e-19
    outer loop
      vertex 21.881966011250107 13.824429495415053 18.2
      vertex 22.085786437626904 13.585786437626904 2.2
      vertex 22.085786437626904 13.585786437626904 18.2
    endloop
  endfacet
  facet normal -0.6494480483301819 -0.7604059656000325 0
    outer loop
      vertex 22.085786437626904 13.585786437626904 18.2
      vertex 22.085786437626904 13.585786437626904 2.2
      vertex 22.324429495415053 13.381966011250105 18.2
    endloop
  endfacet
  facet normal -0.5224985647159497 -0.8526401643540917 0
    outer loop
      vertex 22.324429495415053 13.381966011250105 18.2
      vertex 22.324429495415053 13.381966011250105 2.2
      vertex 22.592019000520907 13.217986951623264 18.2
    endloop
  endfacet
  facet normal -0.38268343236508634 -0.9238795325112882 0
    outer loop
      vertex 22.592019000520907 13.217986951623264 18.2
      vertex 22.592019000520907 13.217986951623264 2.2
      vertex 22.881966011250107 13.097886967409693 18.2
    endloop
  endfacet
  facet normal -0.2334453638559096 0.9723699203976756 -2.4876219578888566e-19
    outer loop
      vertex 22.881966011250107 16.902113032590307 18.2
      vertex 23.187131069919538 16.975376681190276 18.2
      vertex 23.187131069919538 16.975376681190276 2.2
    endloop
  endfacet
  facet normal -0.0784590957278417 0.9969173337331282 -7.486641679598127e-21
    outer loop
      vertex 23.187131069919538 16.975376681190276 18.2
      vertex 23.5 17 18.2
      vertex 23.5 17 2.2
    endloop
  endfacet
  facet normal 0.0784590957278417 0.9969173337331282 7.486641679598127e-21
    outer loop
      vertex 23.5 17 18.2
      vertex 23.812868930080462 16.975376681190276 18.2
      vertex 23.812868930080462 16.975376681190276 2.2
    endloop
  endfacet
  facet normal 0.2334453638559096 0.9723699203976756 2.4876219578888566e-19
    outer loop
      vertex 23.812868930080462 16.975376681190276 18.2
      vertex 24.118033988749893 16.902113032590307 18.2
      vertex 24.118033988749893 16.902113032590307 2.2
    endloop
  endfacet
  facet normal 0.38268343236508634 0.9238795325112882 6.096333852761835e-19
    outer loop
      vertex 24.118033988749893 16.902113032590307 18.2
      vertex 24.407980999479093 16.782013048376736 18.2
      vertex 24.407980999479093 16.782013048376736 2.2
    endloop
  endfacet
  facet normal 0.5224985647159539 0.8526401643540893 2.6388944188288895e-19
    outer loop
      vertex 24.407980999479093 16.782013048376736 18.2
      vertex 24.675570504584947 16.618033988749893 18.2
      vertex 24.675570504584947 16.618033988749893 2.2
    endloop
  endfacet
  facet normal 0.6494480483301787 0.7604059656000353 -2.5100699400482035e-19
    outer loop
      vertex 24.675570504584947 16.618033988749893 18.2
      vertex 24.914213562373096 16.414213562373096 18.2
      vertex 24.914213562373096 16.414213562373096 2.2
    endloop
  endfacet
  facet normal 0.7604059656000353 0.6494480483301787 0
    outer loop
      vertex 24.914213562373096 16.414213562373096 18.2
      vertex 25.118033988749893 16.175570504584947 18.2
      vertex 24.914213562373096 16.414213562373096 2.2
    endloop
  endfacet
  facet normal 0.8526401643540893 0.5224985647159539 0
    outer loop
      vertex 25.118033988749893 16.175570504584947 18.2
      vertex 25.282013048376736 15.907980999479093 18.2
      vertex 25.118033988749893 16.175570504584947 2.2
    endloop
  endfacet
  facet normal 0.9238795325112873 0.3826834323650883 0
    outer loop
      vertex 25.282013048376736 15.907980999479093 18.2
      vertex 25.402113032590307 15.618033988749895 18.2
      vertex 25.282013048376736 15.907980999479093 2.2
    endloop
  endfacet
  facet normal 0.9723699203976759 0.23344536385590833 0
    outer loop
      vertex 25.402113032590307 15.618033988749895 18.2
      vertex 25.475376681190276 15.312868930080462 18.2
      vertex 25.402113032590307 15.618033988749895 2.2
    endloop
  endfacet
  facet normal -0.2334453638559096 -0.9723699203976756 0
    outer loop
      vertex 22.881966011250107 13.097886967409693 18.2
      vertex 22.881966011250107 13.097886967409693 2.2
      vertex 23.187131069919538 13.024623318809724 18.2
    endloop
  endfacet
  facet normal -0.0784590957278417 -0.9969173337331282 0
    outer loop
      vertex 23.187131069919538 13.024623318809724 18.2
      vertex 23.187131069919538 13.024623318809724 2.2
      vertex 23.5 13 18.2
    endloop
  endfacet
  facet normal 0.0784590957278417 -0.9969173337331282 0
    outer loop
      vertex 23.5 13 18.2
      vertex 23.5 13 2.2
      vertex 23.812868930080462 13.024623318809724 18.2
    endloop
  endfacet
  facet normal 0.5224985647159497 -0.8526401643540917 0
    outer loop
      vertex 24.407980999479093 13.217986951623264 18.2
      vertex 24.407980999479093 13.217986951623264 2.2
      vertex 24.675570504584947 13.381966011250105 18.2
    endloop
  endfacet
  facet normal 0.2334453638559096 -0.9723699203976756 0
    outer loop
      vertex 23.812868930080462 13.024623318809724 18.2
      vertex 23.812868930080462 13.024623318809724 2.2
      vertex 24.118033988749893 13.097886967409693 18.2
    endloop
  endfacet
  facet normal 0.38268343236508634 -0.9238795325112882 -6.096333852761835e-19
    outer loop
      vertex 24.407980999479093 13.217986951623264 18.2
      vertex 24.118033988749893 13.097886967409693 18.2
      vertex 24.118033988749893 13.097886967409693 2.2
    endloop
  endfacet
  facet normal 0.9969173337331282 0.0784590957278417 0
    outer loop
      vertex 25.475376681190276 15.312868930080462 18.2
      vertex 25.5 15 18.2
      vertex 25.475376681190276 15.312868930080462 2.2
    endloop
  endfacet
  facet normal 0.9969173337331282 -0.0784590957278417 0
    outer loop
      vertex 25.5 15 18.2
      vertex 25.475376681190276 14.687131069919538 18.2
      vertex 25.5 15 2.2
    endloop
  endfacet
  facet normal 0.9723699203976759 -0.23344536385590833 1.0429718168868305e-19
    outer loop
      vertex 25.402113032590307 14.381966011250105 18.2
      vertex 25.475376681190276 14.687131069919538 2.2
      vertex 25.475376681190276 14.687131069919538 18.2
    endloop
  endfacet
  facet normal 0.9238795325112873 -0.3826834323650883 0
    outer loop
      vertex 25.402113032590307 14.381966011250105 18.2
      vertex 25.282013048376736 14.092019000520907 18.2
      vertex 25.402113032590307 14.381966011250105 2.2
    endloop
  endfacet
  facet normal 0.8526401643540893 -0.5224985647159539 0
    outer loop
      vertex 25.282013048376736 14.092019000520907 18.2
      vertex 25.118033988749893 13.824429495415053 18.2
      vertex 25.282013048376736 14.092019000520907 2.2
    endloop
  endfacet
  facet normal 0.7604059656000353 -0.6494480483301787 2.5100699400482035e-19
    outer loop
      vertex 24.914213562373096 13.585786437626904 18.2
      vertex 25.118033988749893 13.824429495415053 2.2
      vertex 25.118033988749893 13.824429495415053 18.2
    endloop
  endfacet
  facet normal 0.6494480483301819 -0.7604059656000325 0
    outer loop
      vertex 24.675570504584947 13.381966011250105 18.2
      vertex 24.675570504584947 13.381966011250105 2.2
      vertex 24.914213562373096 13.585786437626904 18.2
    endloop
  endfacet
  facet normal -0.8526401643540893 0.5224985647159539 0
    outer loop
      vertex 21.881966011250107 16.175570504584947 18.2
      vertex 21.881966011250107 16.175570504584947 2.2
      vertex 21.717986951623264 15.907980999479093 2.2
    endloop
  endfacet
  facet normal -0.9723699203976759 0.23344536385590833 0
    outer loop
      vertex 21.597886967409693 15.618033988749895 18.2
      vertex 21.597886967409693 15.618033988749895 2.2
      vertex 21.524623318809724 15.312868930080462 2.2
    endloop
  endfacet
  facet normal -0.9238795325112873 0.3826834323650883 0
    outer loop
      vertex 21.717986951623264 15.907980999479093 18.2
      vertex 21.717986951623264 15.907980999479093 2.2
      vertex 21.597886967409693 15.618033988749895 2.2
    endloop
  endfacet
  facet normal -0.7604059656000353 0.6494480483301787 0
    outer loop
      vertex 22.085786437626904 16.414213562373096 18.2
      vertex 22.085786437626904 16.414213562373096 2.2
      vertex 21.881966011250107 16.175570504584947 2.2
    endloop
  endfacet
  facet normal -0.6494480483301787 0.7604059656000353 0
    outer loop
      vertex 22.085786437626904 16.414213562373096 18.2
      vertex 22.324429495415053 16.618033988749893 2.2
      vertex 22.085786437626904 16.414213562373096 2.2
    endloop
  endfacet
  facet normal -0.5224985647159539 0.8526401643540893 0
    outer loop
      vertex 22.324429495415053 16.618033988749893 18.2
      vertex 22.592019000520907 16.782013048376736 2.2
      vertex 22.324429495415053 16.618033988749893 2.2
    endloop
  endfacet
  facet normal -0.38268343236508634 0.9238795325112882 0
    outer loop
      vertex 22.592019000520907 16.782013048376736 18.2
      vertex 22.881966011250107 16.902113032590307 2.2
      vertex 22.592019000520907 16.782013048376736 2.2
    endloop
  endfacet
  facet normal -0.9969173337331282 0.0784590957278417 0
    outer loop
      vertex 21.524623318809724 15.312868930080462 18.2
      vertex 21.524623318809724 15.312868930080462 2.2
      vertex 21.5 15 2.2
    endloop
  endfacet
  facet normal -0.9969173337331282 -0.0784590957278417 0
    outer loop
      vertex 21.5 15 18.2
      vertex 21.5 15 2.2
      vertex 21.524623318809724 14.687131069919538 2.2
    endloop
  endfacet
  facet normal -0.9723699203976759 -0.23344536385590833 0
    outer loop
      vertex 21.524623318809724 14.687131069919538 18.2
      vertex 21.524623318809724 14.687131069919538 2.2
      vertex 21.597886967409693 14.381966011250105 2.2
    endloop
  endfacet
  facet normal -0.9238795325112873 -0.3826834323650883 0
    outer loop
      vertex 21.597886967409693 14.381966011250105 18.2
      vertex 21.597886967409693 14.381966011250105 2.2
      vertex 21.717986951623264 14.092019000520907 2.2
    endloop
  endfacet
  facet normal -0.8526401643540893 -0.5224985647159539 0
    outer loop
      vertex 21.717986951623264 14.092019000520907 18.2
      vertex 21.717986951623264 14.092019000520907 2.2
      vertex 21.881966011250107 13.824429495415053 2.2
    endloop
  endfacet
  facet normal -0.7604059656000353 -0.6494480483301787 0
    outer loop
      vertex 21.881966011250107 13.824429495415053 18.2
      vertex 21.881966011250107 13.824429495415053 2.2
      vertex 22.085786437626904 13.585786437626904 2.2
    endloop
  endfacet
  facet normal -0.6494480483301819 -0.7604059656000325 0
    outer loop
      vertex 22.324429495415053 13.381966011250105 18.2
      vertex 22.085786437626904 13.585786437626904 2.2
      vertex 22.324429495415053 13.381966011250105 2.2
    endloop
  endfacet
  facet normal -0.5224985647159497 -0.8526401643540917 0
    outer loop
      vertex 22.592019000520907 13.217986951623264 18.2
      vertex 22.324429495415053 13.381966011250105 2.2
      vertex 22.592019000520907 13.217986951623264 2.2
    endloop
  endfacet
  facet normal -0.38268343236508634 -0.9238795325112882 0
    outer loop
      vertex 22.881966011250107 13.097886967409693 18.2
      vertex 22.592019000520907 13.217986951623264 2.2
      vertex 22.881966011250107 13.097886967409693 2.2
    endloop
  endfacet
  facet normal -0.2334453638559096 0.9723699203976756 0
    outer loop
      vertex 22.881966011250107 16.902113032590307 18.2
      vertex 23.187131069919538 16.975376681190276 2.2
      vertex 22.881966011250107 16.902113032590307 2.2
    endloop
  endfacet
  facet normal -0.0784590957278417 0.9969173337331282 0
    outer loop
      vertex 23.187131069919538 16.975376681190276 18.2
      vertex 23.5 17 2.2
      vertex 23.187131069919538 16.975376681190276 2.2
    endloop
  endfacet
  facet normal 0.0784590957278417 0.9969173337331282 0
    outer loop
      vertex 23.5 17 18.2
      vertex 23.812868930080462 16.975376681190276 2.2
      vertex 23.5 17 2.2
    endloop
  endfacet
  facet normal 0.2334453638559096 0.9723699203976756 0
    outer loop
      vertex 23.812868930080462 16.975376681190276 18.2
      vertex 24.118033988749893 16.902113032590307 2.2
      vertex 23.812868930080462 16.975376681190276 2.2
    endloop
  endfacet
  facet normal 0.38268343236508634 0.9238795325112882 0
    outer loop
      vertex 24.118033988749893 16.902113032590307 18.2
      vertex 24.407980999479093 16.782013048376736 2.2
      vertex 24.118033988749893 16.902113032590307 2.2
    endloop
  endfacet
  facet normal 0.5224985647159539 0.8526401643540893 0
    outer loop
      vertex 24.407980999479093 16.782013048376736 18.2
      vertex 24.675570504584947 16.618033988749893 2.2
      vertex 24.407980999479093 16.782013048376736 2.2
    endloop
  endfacet
  facet normal 0.6494480483301787 0.7604059656000353 0
    outer loop
      vertex 24.675570504584947 16.618033988749893 18.2
      vertex 24.914213562373096 16.414213562373096 2.2
      vertex 24.675570504584947 16.618033988749893 2.2
    endloop
  endfacet
  facet normal 0.7604059656000353 0.6494480483301787 0
    outer loop
      vertex 25.118033988749893 16.175570504584947 18.2
      vertex 25.118033988749893 16.175570504584947 2.2
      vertex 24.914213562373096 16.414213562373096 2.2
    endloop
  endfacet
  facet normal 0.8526401643540893 0.5224985647159539 0
    outer loop
      vertex 25.282013048376736 15.907980999479093 18.2
      vertex 25.282013048376736 15.907980999479093 2.2
      vertex 25.118033988749893 16.175570504584947 2.2
    endloop
  endfacet
  facet normal 0.9238795325112873 0.3826834323650883 0
    outer loop
      vertex 25.402113032590307 15.618033988749895 18.2
      vertex 25.402113032590307 15.618033988749895 2.2
      vertex 25.282013048376736 15.907980999479093 2.2
    endloop
  endfacet
  facet normal -0.2334453638559096 -0.9723699203976756 0
    outer loop
      vertex 23.187131069919538 13.024623318809724 18.2
      vertex 22.881966011250107 13.097886967409693 2.2
      vertex 23.187131069919538 13.024623318809724 2.2
    endloop
  endfacet
  facet normal -0.0784590957278417 -0.9969173337331282 0
    outer loop
      vertex 23.5 13 18.2
      vertex 23.187131069919538 13.024623318809724 2.2
      vertex 23.5 13 2.2
    endloop
  endfacet
  facet normal 0.0784590957278417 -0.9969173337331282 0
    outer loop
      vertex 23.812868930080462 13.024623318809724 18.2
      vertex 23.5 13 2.2
      vertex 23.812868930080462 13.024623318809724 2.2
    endloop
  endfacet
  facet normal 0.38268343236508634 -0.9238795325112882 0
    outer loop
      vertex 24.407980999479093 13.217986951623264 18.2
      vertex 24.118033988749893 13.097886967409693 2.2
      vertex 24.407980999479093 13.217986951623264 2.2
    endloop
  endfacet
  facet normal 0.5224985647159497 -0.8526401643540917 0
    outer loop
      vertex 24.675570504584947 13.381966011250105 18.2
      vertex 24.407980999479093 13.217986951623264 2.2
      vertex 24.675570504584947 13.381966011250105 2.2
    endloop
  endfacet
  facet normal 0.2334453638559096 -0.9723699203976756 0
    outer loop
      vertex 24.118033988749893 13.097886967409693 18.2
      vertex 23.812868930080462 13.024623318809724 2.2
      vertex 24.118033988749893 13.097886967409693 2.2
    endloop
  endfacet
  facet normal 0.9723699203976759 0.23344536385590833 0
    outer loop
      vertex 25.475376681190276 15.312868930080462 18.2
      vertex 25.475376681190276 15.312868930080462 2.2
      vertex 25.402113032590307 15.618033988749895 2.2
    endloop
  endfacet
  facet normal 0.9969173337331282 0.0784590957278417 0
    outer loop
      vertex 25.5 15 18.2
      vertex 25.5 15 2.2
      vertex 25.475376681190276 15.312868930080462 2.2
    endloop
  endfacet
  facet normal 0.9969173337331282 -0.0784590957278417 0
    outer loop
      vertex 25.475376681190276 14.687131069919538 18.2
      vertex 25.475376681190276 14.687131069919538 2.2
      vertex 25.5 15 2.2
    endloop
  endfacet
  facet normal 0.9723699203976759 -0.23344536385590833 0
    outer loop
      vertex 25.402113032590307 14.381966011250105 18.2
      vertex 25.402113032590307 14.381966011250105 2.2
      vertex 25.475376681190276 14.687131069919538 2.2
    endloop
  endfacet
  facet normal 0.9238795325112873 -0.3826834323650883 0
    outer loop
      vertex 25.282013048376736 14.092019000520907 18.2
      vertex 25.282013048376736 14.092019000520907 2.2
      vertex 25.402113032590307 14.381966011250105 2.2
    endloop
  endfacet
  facet normal 0.8526401643540893 -0.5224985647159539 0
    outer loop
      vertex 25.118033988749893 13.824429495415053 18.2
      vertex 25.118033988749893 13.824429495415053 2.2
      vertex 25.282013048376736 14.092019000520907 2.2
    endloop
  endfacet
  facet normal 0.7604059656000353 -0.6494480483301787 0
    outer loop
      vertex 24.914213562373096 13.585786437626904 18.2
      vertex 24.914213562373096 13.585786437626904 2.2
      vertex 25.118033988749893 13.824429495415053 2.2
    endloop
  endfacet
  facet normal 0.6494480483301819 -0.7604059656000325 0
    outer loop
      vertex 24.914213562373096 13.585786437626904 18.2
      vertex 24.675570504584947 13.381966011250105 2.2
      vertex 24.914213562373096 13.585786437626904 2.2
    endloop
  endfacet
  facet normal 0 0 1
    outer loop
      vertex 21.597886967409693 -14.381966011250105 18.2
      vertex 21.524623318809724 -14.687131069919538 18.2
      vertex 21.597886967409693 -15.618033988749895 18.2
    endloop
  endfacet
  facet normal 0 0 1
    outer loop
      vertex 21.524623318809724 -14.687131069919538 18.2
      vertex 21.5 -15 18.2
      vertex 21.524623318809724 -15.312868930080462 18.2
    endloop
  endfacet
  facet normal 0 0 1
    outer loop
      vertex 21.717986951623264 -14.092019000520907 18.2
      vertex 21.597886967409693 -14.381966011250105 18.2
      vertex 21.717986951623264 -15.907980999479093 18.2
    endloop
  endfacet
  facet normal 0 0 1
    outer loop
      vertex 21.881966011250107 -13.824429495415053 18.2
      vertex 21.717986951623264 -14.092019000520907 18.2
      vertex 21.881966011250107 -16.175570504584947 18.2
    endloop
  endfacet
  facet normal 0 0 1
    outer loop
      vertex 21.524623318809724 -14.687131069919538 18.2
      vertex 21.524623318809724 -15.312868930080462 18.2
      vertex 21.597886967409693 -15.618033988749895 18.2
    endloop
  endfacet
  facet normal 0 0 1
    outer loop
      vertex 21.597886967409693 -14.381966011250105 18.2
      vertex 21.597886967409693 -15.618033988749895 18.2
      vertex 21.717986951623264 -15.907980999479093 18.2
    endloop
  endfacet
  facet normal 0 0 1
    outer loop
      vertex 21.717986951623264 -14.092019000520907 18.2
      vertex 21.717986951623264 -15.907980999479093 18.2
      vertex 21.881966011250107 -16.175570504584947 18.2
    endloop
  endfacet
  facet normal 0 0 1
    outer loop
      vertex 22.085786437626904 -13.585786437626904 18.2
      vertex 21.881966011250107 -13.824429495415053 18.2
      vertex 22.085786437626904 -16.414213562373096 18.2
    endloop
  endfacet
  facet normal 0 0 1
    outer loop
      vertex 22.324429495415053 -13.381966011250105 18.2
      vertex 22.085786437626904 -13.585786437626904 18.2
      vertex 22.324429495415053 -16.618033988749893 18.2
    endloop
  endfacet
  facet normal 0 0 1
    outer loop
      vertex 22.324429495415053 -13.381966011250105 18.2
      vertex 22.592019000520907 -16.782013048376736 18.2
      vertex 22.592019000520907 -13.217986951623264 18.2
    endloop
  endfacet
  facet normal 0 0 1
    outer loop
      vertex 22.592019000520907 -13.217986951623264 18.2
      vertex 22.881966011250107 -16.902113032590307 18.2
      vertex 22.881966011250107 -13.097886967409693 18.2
    endloop
  endfacet
  facet normal 0 0 1
    outer loop
      vertex 21.881966011250107 -13.824429495415053 18.2
      vertex 21.881966011250107 -16.175570504584947 18.2
      vertex 22.085786437626904 -16.414213562373096 18.2
    endloop
  endfacet
  facet normal 0 0 1
    outer loop
      vertex 22.085786437626904 -13.585786437626904 18.2
      vertex 22.085786437626904 -16.414213562373096 18.2
      vertex 22.324429495415053 -16.618033988749893 18.2
    endloop
  endfacet
  facet normal 0 0 1
    outer loop
      vertex 22.324429495415053 -13.381966011250105 18.2
      vertex 22.324429495415053 -16.618033988749893 18.2
      vertex 22.592019000520907 -16.782013048376736 18.2
    endloop
  endfacet
  facet normal 0 0 1
    outer loop
      vertex 22.592019000520907 -13.217986951623264 18.2
      vertex 22.592019000520907 -16.782013048376736 18.2
      vertex 22.881966011250107 -16.902113032590307 18.2
    endloop
  endfacet
  facet normal 0 0 1
    outer loop
      vertex 22.881966011250107 -13.097886967409693 18.2
      vertex 23.187131069919538 -16.975376681190276 18.2
      vertex 23.187131069919538 -13.024623318809724 18.2
    endloop
  endfacet
  facet normal 0 0 1
    outer loop
      vertex 23.187131069919538 -13.024623318809724 18.2
      vertex 23.5 -17 18.2
      vertex 23.5 -13 18.2
    endloop
  endfacet
  facet normal 0 0 1
    outer loop
      vertex 23.5 -13 18.2
      vertex 23.812868930080462 -16.975376681190276 18.2
      vertex 23.812868930080462 -13.024623318809724 18.2
    endloop
  endfacet
  facet normal 0 0 1
    outer loop
      vertex 23.812868930080462 -13.024623318809724 18.2
      vertex 24.118033988749893 -16.902113032590307 18.2
      vertex 24.118033988749893 -13.097886967409693 18.2
    endloop
  endfacet
  facet normal 0 0 1
    outer loop
      vertex 24.118033988749893 -13.097886967409693 18.2
      vertex 24.407980999479093 -16.782013048376736 18.2
      vertex 24.407980999479093 -13.217986951623264 18.2
    endloop
  endfacet
  facet normal 0 0 1
    outer loop
      vertex 24.407980999479093 -13.217986951623264 18.2
      vertex 24.675570504584947 -16.618033988749893 18.2
      vertex 24.675570504584947 -13.381966011250105 18.2
    endloop
  endfacet
  facet normal 0 0 1
    outer loop
      vertex 24.675570504584947 -13.381966011250105 18.2
      vertex 24.914213562373096 -16.414213562373096 18.2
      vertex 24.914213562373096 -13.585786437626904 18.2
    endloop
  endfacet
  facet normal 0 0 1
    outer loop
      vertex 24.914213562373096 -13.585786437626904 18.2
      vertex 25.118033988749893 -16.175570504584947 18.2
      vertex 25.118033988749893 -13.824429495415053 18.2
    endloop
  endfacet
  facet normal 0 0 1
    outer loop
      vertex 25.118033988749893 -13.824429495415053 18.2
      vertex 25.282013048376736 -15.907980999479093 18.2
      vertex 25.282013048376736 -14.092019000520907 18.2
    endloop
  endfacet
  facet normal 0 0 1
    outer loop
      vertex 24.914213562373096 -13.585786437626904 18.2
      vertex 24.914213562373096 -16.414213562373096 18.2
      vertex 25.118033988749893 -16.175570504584947 18.2
    endloop
  endfacet
  facet normal 0 0 1
    outer loop
      vertex 25.118033988749893 -13.824429495415053 18.2
      vertex 25.118033988749893 -16.175570504584947 18.2
      vertex 25.282013048376736 -15.907980999479093 18.2
    endloop
  endfacet
  facet normal 0 0 1
    outer loop
      vertex 25.282013048376736 -14.092019000520907 18.2
      vertex 25.402113032590307 -15.618033988749895 18.2
      vertex 25.402113032590307 -14.381966011250105 18.2
    endloop
  endfacet
  facet normal 0 0 1
    outer loop
      vertex 25.402113032590307 -14.381966011250105 18.2
      vertex 25.475376681190276 -15.312868930080462 18.2
      vertex 25.475376681190276 -14.687131069919538 18.2
    endloop
  endfacet
  facet normal 0 0 1
    outer loop
      vertex 25.475376681190276 -14.687131069919538 18.2
      vertex 25.475376681190276 -15.312868930080462 18.2
      vertex 25.5 -15 18.2
    endloop
  endfacet
  facet normal 0 0 1
    outer loop
      vertex 25.282013048376736 -14.092019000520907 18.2
      vertex 25.282013048376736 -15.907980999479093 18.2
      vertex 25.402113032590307 -15.618033988749895 18.2
    endloop
  endfacet
  facet normal 0 0 1
    outer loop
      vertex 25.402113032590307 -14.381966011250105 18.2
      vertex 25.402113032590307 -15.618033988749895 18.2
      vertex 25.475376681190276 -15.312868930080462 18.2
    endloop
  endfacet
  facet normal 0 0 1
    outer loop
      vertex 22.881966011250107 -13.097886967409693 18.2
      vertex 22.881966011250107 -16.902113032590307 18.2
      vertex 23.187131069919538 -16.975376681190276 18.2
    endloop
  endfacet
  facet normal 0 0 1
    outer loop
      vertex 23.187131069919538 -13.024623318809724 18.2
      vertex 23.187131069919538 -16.975376681190276 18.2
      vertex 23.5 -17 18.2
    endloop
  endfacet
  facet normal 0 0 1
    outer loop
      vertex 23.5 -13 18.2
      vertex 23.5 -17 18.2
      vertex 23.812868930080462 -16.975376681190276 18.2
    endloop
  endfacet
  facet normal 0 0 1
    outer loop
      vertex 23.812868930080462 -13.024623318809724 18.2
      vertex 23.812868930080462 -16.975376681190276 18.2
      vertex 24.118033988749893 -16.902113032590307 18.2
    endloop
  endfacet
  facet normal 0 0 1
    outer loop
      vertex 24.118033988749893 -13.097886967409693 18.2
      vertex 24.118033988749893 -16.902113032590307 18.2
      vertex 24.407980999479093 -16.782013048376736 18.2
    endloop
  endfacet
  facet normal 0 0 1
    outer loop
      vertex 24.407980999479093 -13.217986951623264 18.2
      vertex 24.407980999479093 -16.782013048376736 18.2
      vertex 24.675570504584947 -16.618033988749893 18.2
    endloop
  endfacet
  facet normal 0 0 1
    outer loop
      vertex 24.675570504584947 -13.381966011250105 18.2
      vertex 24.675570504584947 -16.618033988749893 18.2
      vertex 24.914213562373096 -16.414213562373096 18.2
    endloop
  endfacet
  facet normal -0.38268343236508634 0.9238795325112882 -6.096333852761835e-19
    outer loop
      vertex 22.592019000520907 -13.217986951623264 18.2
      vertex 22.881966011250107 -13.097886967409693 18.2
      vertex 22.881966011250107 -13.097886967409693 2.2
    endloop
  endfacet
  facet normal -0.6494480483301819 0.7604059656000325 0
    outer loop
      vertex 22.324429495415053 -13.381966011250105 18.2
      vertex 22.324429495415053 -13.381966011250105 2.2
      vertex 22.085786437626904 -13.585786437626904 18.2
    endloop
  endfacet
  facet normal -0.7604059656000353 0.6494480483301787 2.5100699400482035e-19
    outer loop
      vertex 22.085786437626904 -13.585786437626904 18.2
      vertex 21.881966011250107 -13.824429495415053 2.2
      vertex 21.881966011250107 -13.824429495415053 18.2
    endloop
  endfacet
  facet normal -0.5224985647159497 0.8526401643540917 4.230194083375854e-19
    outer loop
      vertex 22.324429495415053 -13.381966011250105 18.2
      vertex 22.592019000520907 -13.217986951623264 18.2
      vertex 22.592019000520907 -13.217986951623264 2.2
    endloop
  endfacet
  facet normal -0.8526401643540893 0.5224985647159539 -2.6388944188288895e-19
    outer loop
      vertex 21.881966011250107 -13.824429495415053 18.2
      vertex 21.717986951623264 -14.092019000520907 2.2
      vertex 21.717986951623264 -14.092019000520907 18.2
    endloop
  endfacet
  facet normal -0.9238795325112873 0.3826834323650883 -2.5808024572513936e-19
    outer loop
      vertex 21.717986951623264 -14.092019000520907 18.2
      vertex 21.597886967409693 -14.381966011250105 2.2
      vertex 21.597886967409693 -14.381966011250105 18.2
    endloop
  endfacet
  facet normal -0.9723699203976759 0.23344536385590833 1.0429718168868305e-19
    outer loop
      vertex 21.597886967409693 -14.381966011250105 18.2
      vertex 21.524623318809724 -14.687131069919538 2.2
      vertex 21.524623318809724 -14.687131069919538 18.2
    endloop
  endfacet
  facet normal -0.9969173337331282 0.0784590957278417 -7.486641679598127e-21
    outer loop
      vertex 21.524623318809724 -14.687131069919538 18.2
      vertex 21.5 -15 2.2
      vertex 21.5 -15 18.2
    endloop
  endfacet
  facet normal -0.9969173337331282 -0.0784590957278417 7.486641679598127e-21
    outer loop
      vertex 21.5 -15 18.2
      vertex 21.524623318809724 -15.312868930080462 2.2
      vertex 21.524623318809724 -15.312868930080462 18.2
    endloop
  endfacet
  facet normal -0.9723699203976759 -0.23344536385590833 -1.0429718168868305e-19
    outer loop
      vertex 21.524623318809724 -15.312868930080462 18.2
      vertex 21.597886967409693 -15.618033988749895 2.2
      vertex 21.597886967409693 -15.618033988749895 18.2
    endloop
  endfacet
  facet normal -0.9238795325112873 -0.3826834323650883 2.5808024572513936e-19
    outer loop
      vertex 21.597886967409693 -15.618033988749895 18.2
      vertex 21.717986951623264 -15.907980999479093 2.2
      vertex 21.717986951623264 -15.907980999479093 18.2
    endloop
  endfacet
  facet normal -0.8526401643540893 -0.5224985647159539 2.6388944188288895e-19
    outer loop
      vertex 21.717986951623264 -15.907980999479093 18.2
      vertex 21.881966011250107 -16.175570504584947 2.2
      vertex 21.881966011250107 -16.175570504584947 18.2
    endloop
  endfacet
  facet normal -0.7604059656000353 -0.6494480483301787 -2.5100699400482035e-19
    outer loop
      vertex 21.881966011250107 -16.175570504584947 18.2
      vertex 22.085786437626904 -16.414213562373096 2.2
      vertex 22.085786437626904 -16.414213562373096 18.2
    endloop
  endfacet
  facet normal -0.6494480483301787 -0.7604059656000353 0
    outer loop
      vertex 22.085786437626904 -16.414213562373096 18.2
      vertex 22.085786437626904 -16.414213562373096 2.2
      vertex 22.324429495415053 -16.618033988749893 18.2
    endloop
  endfacet
  facet normal -0.5224985647159539 -0.8526401643540893 0
    outer loop
      vertex 22.324429495415053 -16.618033988749893 18.2
      vertex 22.324429495415053 -16.618033988749893 2.2
      vertex 22.592019000520907 -16.782013048376736 18.2
    endloop
  endfacet
  facet normal -0.38268343236508634 -0.9238795325112882 0
    outer loop
      vertex 22.592019000520907 -16.782013048376736 18.2
      vertex 22.592019000520907 -16.782013048376736 2.2
      vertex 22.881966011250107 -16.902113032590307 18.2
    endloop
  endfacet
  facet normal -0.2334453638559096 0.9723699203976756 -2.4876219578888566e-19
    outer loop
      vertex 22.881966011250107 -13.097886967409693 18.2
      vertex 23.187131069919538 -13.024623318809724 18.2
      vertex 23.187131069919538 -13.024623318809724 2.2
    endloop
  endfacet
  facet normal -0.0784590957278417 0.9969173337331282 -7.486641679598127e-21
    outer loop
      vertex 23.187131069919538 -13.024623318809724 18.2
      vertex 23.5 -13 18.2
      vertex 23.5 -13 2.2
    endloop
  endfacet
  facet normal 0.0784590957278417 0.9969173337331282 7.486641679598127e-21
    outer loop
      vertex 23.5 -13 18.2
      vertex 23.812868930080462 -13.024623318809724 18.2
      vertex 23.812868930080462 -13.024623318809724 2.2
    endloop
  endfacet
  facet normal 0.2334453638559096 0.9723699203976756 2.4876219578888566e-19
    outer loop
      vertex 23.812868930080462 -13.024623318809724 18.2
      vertex 24.118033988749893 -13.097886967409693 18.2
      vertex 24.118033988749893 -13.097886967409693 2.2
    endloop
  endfacet
  facet normal 0.38268343236508634 0.9238795325112882 6.096333852761835e-19
    outer loop
      vertex 24.118033988749893 -13.097886967409693 18.2
      vertex 24.407980999479093 -13.217986951623264 18.2
      vertex 24.407980999479093 -13.217986951623264 2.2
    endloop
  endfacet
  facet normal 0.5224985647159497 0.8526401643540917 -4.230194083375854e-19
    outer loop
      vertex 24.407980999479093 -13.217986951623264 18.2
      vertex 24.675570504584947 -13.381966011250105 18.2
      vertex 24.675570504584947 -13.381966011250105 2.2
    endloop
  endfacet
  facet normal 0.6494480483301819 0.7604059656000325 -3.7899959102797966e-19
    outer loop
      vertex 24.675570504584947 -13.381966011250105 18.2
      vertex 24.914213562373096 -13.585786437626904 18.2
      vertex 24.914213562373096 -13.585786437626904 2.2
    endloop
  endfacet
  facet normal 0.7604059656000353 0.6494480483301787 0
    outer loop
      vertex 24.914213562373096 -13.585786437626904 18.2
      vertex 25.118033988749893 -13.824429495415053 18.2
      vertex 24.914213562373096 -13.585786437626904 2.2
    endloop
  endfacet
  facet normal 0.8526401643540893 0.5224985647159539 0
    outer loop
      vertex 25.118033988749893 -13.824429495415053 18.2
      vertex 25.282013048376736 -14.092019000520907 18.2
      vertex 25.118033988749893 -13.824429495415053 2.2
    endloop
  endfacet
  facet normal 0.9238795325112873 0.3826834323650883 0
    outer loop
      vertex 25.282013048376736 -14.092019000520907 18.2
      vertex 25.402113032590307 -14.381966011250105 18.2
      vertex 25.282013048376736 -14.092019000520907 2.2
    endloop
  endfacet
  facet normal 0.9723699203976759 0.23344536385590833 0
    outer loop
      vertex 25.402113032590307 -14.381966011250105 18.2
      vertex 25.475376681190276 -14.687131069919538 18.2
      vertex 25.402113032590307 -14.381966011250105 2.2
    endloop
  endfacet
  facet normal 0.9969173337331282 0.0784590957278417 0
    outer loop
      vertex 25.475376681190276 -14.687131069919538 18.2
      vertex 25.5 -15 18.2
      vertex 25.475376681190276 -14.687131069919538 2.2
    endloop
  endfacet
  facet normal 0.9969173337331282 -0.0784590957278417 0
    outer loop
      vertex 25.5 -15 18.2
      vertex 25.475376681190276 -15.312868930080462 18.2
      vertex 25.5 -15 2.2
    endloop
  endfacet
  facet normal 0.9723699203976759 -0.23344536385590833 0
    outer loop
      vertex 25.475376681190276 -15.312868930080462 18.2
      vertex 25.402113032590307 -15.618033988749895 18.2
      vertex 25.475376681190276 -15.312868930080462 2.2
    endloop
  endfacet
  facet normal -0.2334453638559096 -0.9723699203976756 0
    outer loop
      vertex 22.881966011250107 -16.902113032590307 18.2
      vertex 22.881966011250107 -16.902113032590307 2.2
      vertex 23.187131069919538 -16.975376681190276 18.2
    endloop
  endfacet
  facet normal -0.0784590957278417 -0.9969173337331282 0
    outer loop
      vertex 23.187131069919538 -16.975376681190276 18.2
      vertex 23.187131069919538 -16.975376681190276 2.2
      vertex 23.5 -17 18.2
    endloop
  endfacet
  facet normal 0.0784590957278417 -0.9969173337331282 0
    outer loop
      vertex 23.5 -17 18.2
      vertex 23.5 -17 2.2
      vertex 23.812868930080462 -16.975376681190276 18.2
    endloop
  endfacet
  facet normal 0.2334453638559096 -0.9723699203976756 0
    outer loop
      vertex 23.812868930080462 -16.975376681190276 18.2
      vertex 23.812868930080462 -16.975376681190276 2.2
      vertex 24.118033988749893 -16.902113032590307 18.2
    endloop
  endfacet
  facet normal 0.38268343236508634 -0.9238795325112882 0
    outer loop
      vertex 24.118033988749893 -16.902113032590307 18.2
      vertex 24.118033988749893 -16.902113032590307 2.2
      vertex 24.407980999479093 -16.782013048376736 18.2
    endloop
  endfacet
  facet normal 0.5224985647159539 -0.8526401643540893 -2.6388944188288895e-19
    outer loop
      vertex 24.675570504584947 -16.618033988749893 18.2
      vertex 24.407980999479093 -16.782013048376736 18.2
      vertex 24.407980999479093 -16.782013048376736 2.2
    endloop
  endfacet
  facet normal 0.9238795325112873 -0.3826834323650883 0
    outer loop
      vertex 25.402113032590307 -15.618033988749895 18.2
      vertex 25.282013048376736 -15.907980999479093 18.2
      vertex 25.402113032590307 -15.618033988749895 2.2
    endloop
  endfacet
  facet normal 0.8526401643540893 -0.5224985647159539 -2.6388944188288895e-19
    outer loop
      vertex 25.118033988749893 -16.175570504584947 18.2
      vertex 25.282013048376736 -15.907980999479093 2.2
      vertex 25.282013048376736 -15.907980999479093 18.2
    endloop
  endfacet
  facet normal 0.6494480483301787 -0.7604059656000353 0
    outer loop
      vertex 24.675570504584947 -16.618033988749893 18.2
      vertex 24.675570504584947 -16.618033988749893 2.2
      vertex 24.914213562373096 -16.414213562373096 18.2
    endloop
  endfacet
  facet normal 0.7604059656000353 -0.6494480483301787 0
    outer loop
      vertex 25.118033988749893 -16.175570504584947 18.2
      vertex 24.914213562373096 -16.414213562373096 18.2
      vertex 25.118033988749893 -16.175570504584947 2.2
    endloop
  endfacet
  facet normal -0.8526401643540893 0.5224985647159539 0
    outer loop
      vertex 21.881966011250107 -13.824429495415053 18.2
      vertex 21.881966011250107 -13.824429495415053 2.2
      vertex 21.717986951623264 -14.092019000520907 2.2
    endloop
  endfacet
  facet normal -0.6494480483301819 0.7604059656000325 0
    outer loop
      vertex 22.085786437626904 -13.585786437626904 18.2
      vertex 22.324429495415053 -13.381966011250105 2.2
      vertex 22.085786437626904 -13.585786437626904 2.2
    endloop
  endfacet
  facet normal -0.7604059656000353 0.6494480483301787 0
    outer loop
      vertex 22.085786437626904 -13.585786437626904 18.2
      vertex 22.085786437626904 -13.585786437626904 2.2
      vertex 21.881966011250107 -13.824429495415053 2.2
    endloop
  endfacet
  facet normal -0.5224985647159497 0.8526401643540917 0
    outer loop
      vertex 22.324429495415053 -13.381966011250105 18.2
      vertex 22.592019000520907 -13.217986951623264 2.2
      vertex 22.324429495415053 -13.381966011250105 2.2
    endloop
  endfacet
  facet normal -0.38268343236508634 0.9238795325112882 0
    outer loop
      vertex 22.592019000520907 -13.217986951623264 18.2
      vertex 22.881966011250107 -13.097886967409693 2.2
      vertex 22.592019000520907 -13.217986951623264 2.2
    endloop
  endfacet
  facet normal -0.9238795325112873 0.3826834323650883 0
    outer loop
      vertex 21.717986951623264 -14.092019000520907 18.2
      vertex 21.717986951623264 -14.092019000520907 2.2
      vertex 21.597886967409693 -14.381966011250105 2.2
    endloop
  endfacet
  facet normal -0.9723699203976759 0.23344536385590833 0
    outer loop
      vertex 21.597886967409693 -14.381966011250105 18.2
      vertex 21.597886967409693 -14.381966011250105 2.2
      vertex 21.524623318809724 -14.687131069919538 2.2
    endloop
  endfacet
  facet normal -0.9969173337331282 0.0784590957278417 0
    outer loop
      vertex 21.524623318809724 -14.687131069919538 18.2
      vertex 21.524623318809724 -14.687131069919538 2.2
      vertex 21.5 -15 2.2
    endloop
  endfacet
  facet normal -0.9969173337331282 -0.0784590957278417 0
    outer loop
      vertex 21.5 -15 18.2
      vertex 21.5 -15 2.2
      vertex 21.524623318809724 -15.312868930080462 2.2
    endloop
  endfacet
  facet normal -0.9723699203976759 -0.23344536385590833 0
    outer loop
      vertex 21.524623318809724 -15.312868930080462 18.2
      vertex 21.524623318809724 -15.312868930080462 2.2
      vertex 21.597886967409693 -15.618033988749895 2.2
    endloop
  endfacet
  facet normal -0.9238795325112873 -0.3826834323650883 0
    outer loop
      vertex 21.597886967409693 -15.618033988749895 18.2
      vertex 21.597886967409693 -15.618033988749895 2.2
      vertex 21.717986951623264 -15.907980999479093 2.2
    endloop
  endfacet
  facet normal -0.8526401643540893 -0.5224985647159539 0
    outer loop
      vertex 21.717986951623264 -15.907980999479093 18.2
      vertex 21.717986951623264 -15.907980999479093 2.2
      vertex 21.881966011250107 -16.175570504584947 2.2
    endloop
  endfacet
  facet normal -0.7604059656000353 -0.6494480483301787 0
    outer loop
      vertex 21.881966011250107 -16.175570504584947 18.2
      vertex 21.881966011250107 -16.175570504584947 2.2
      vertex 22.085786437626904 -16.414213562373096 2.2
    endloop
  endfacet
  facet normal -0.6494480483301787 -0.7604059656000353 0
    outer loop
      vertex 22.324429495415053 -16.618033988749893 18.2
      vertex 22.085786437626904 -16.414213562373096 2.2
      vertex 22.324429495415053 -16.618033988749893 2.2
    endloop
  endfacet
  facet normal -0.5224985647159539 -0.8526401643540893 0
    outer loop
      vertex 22.592019000520907 -16.782013048376736 18.2
      vertex 22.324429495415053 -16.618033988749893 2.2
      vertex 22.592019000520907 -16.782013048376736 2.2
    endloop
  endfacet
  facet normal -0.38268343236508634 -0.9238795325112882 0
    outer loop
      vertex 22.881966011250107 -16.902113032590307 18.2
      vertex 22.592019000520907 -16.782013048376736 2.2
      vertex 22.881966011250107 -16.902113032590307 2.2
    endloop
  endfacet
  facet normal -0.2334453638559096 0.9723699203976756 0
    outer loop
      vertex 22.881966011250107 -13.097886967409693 18.2
      vertex 23.187131069919538 -13.024623318809724 2.2
      vertex 22.881966011250107 -13.097886967409693 2.2
    endloop
  endfacet
  facet normal -0.0784590957278417 0.9969173337331282 0
    outer loop
      vertex 23.187131069919538 -13.024623318809724 18.2
      vertex 23.5 -13 2.2
      vertex 23.187131069919538 -13.024623318809724 2.2
    endloop
  endfacet
  facet normal 0.0784590957278417 0.9969173337331282 0
    outer loop
      vertex 23.5 -13 18.2
      vertex 23.812868930080462 -13.024623318809724 2.2
      vertex 23.5 -13 2.2
    endloop
  endfacet
  facet normal 0.2334453638559096 0.9723699203976756 0
    outer loop
      vertex 23.812868930080462 -13.024623318809724 18.2
      vertex 24.118033988749893 -13.097886967409693 2.2
      vertex 23.812868930080462 -13.024623318809724 2.2
    endloop
  endfacet
  facet normal 0.38268343236508634 0.9238795325112882 0
    outer loop
      vertex 24.118033988749893 -13.097886967409693 18.2
      vertex 24.407980999479093 -13.217986951623264 2.2
      vertex 24.118033988749893 -13.097886967409693 2.2
    endloop
  endfacet
  facet normal 0.5224985647159497 0.8526401643540917 0
    outer loop
      vertex 24.407980999479093 -13.217986951623264 18.2
      vertex 24.675570504584947 -13.381966011250105 2.2
      vertex 24.407980999479093 -13.217986951623264 2.2
    endloop
  endfacet
  facet normal 0.6494480483301819 0.7604059656000325 0
    outer loop
      vertex 24.675570504584947 -13.381966011250105 18.2
      vertex 24.914213562373096 -13.585786437626904 2.2
      vertex 24.675570504584947 -13.381966011250105 2.2
    endloop
  endfacet
  facet normal 0.7604059656000353 0.6494480483301787 0
    outer loop
      vertex 25.118033988749893 -13.824429495415053 18.2
      vertex 25.118033988749893 -13.824429495415053 2.2
      vertex 24.914213562373096 -13.585786437626904 2.2
    endloop
  endfacet
  facet normal 0.8526401643540893 0.5224985647159539 0
    outer loop
      vertex 25.282013048376736 -14.092019000520907 18.2
      vertex 25.282013048376736 -14.092019000520907 2.2
      vertex 25.118033988749893 -13.824429495415053 2.2
    endloop
  endfacet
  facet normal 0.9238795325112873 0.3826834323650883 0
    outer loop
      vertex 25.402113032590307 -14.381966011250105 18.2
      vertex 25.402113032590307 -14.381966011250105 2.2
      vertex 25.282013048376736 -14.092019000520907 2.2
    endloop
  endfacet
  facet normal 0.9723699203976759 0.23344536385590833 0
    outer loop
      vertex 25.475376681190276 -14.687131069919538 18.2
      vertex 25.475376681190276 -14.687131069919538 2.2
      vertex 25.402113032590307 -14.381966011250105 2.2
    endloop
  endfacet
  facet normal 0.9969173337331282 0.0784590957278417 0
    outer loop
      vertex 25.5 -15 18.2
      vertex 25.5 -15 2.2
      vertex 25.475376681190276 -14.687131069919538 2.2
    endloop
  endfacet
  facet normal 0.9969173337331282 -0.0784590957278417 0
    outer loop
      vertex 25.475376681190276 -15.312868930080462 18.2
      vertex 25.475376681190276 -15.312868930080462 2.2
      vertex 25.5 -15 2.2
    endloop
  endfacet
  facet normal -0.2334453638559096 -0.9723699203976756 0
    outer loop
      vertex 23.187131069919538 -16.975376681190276 18.2
      vertex 22.881966011250107 -16.902113032590307 2.2
      vertex 23.187131069919538 -16.975376681190276 2.2
    endloop
  endfacet
  facet normal -0.0784590957278417 -0.9969173337331282 0
    outer loop
      vertex 23.5 -17 18.2
      vertex 23.187131069919538 -16.975376681190276 2.2
      vertex 23.5 -17 2.2
    endloop
  endfacet
  facet normal 0.0784590957278417 -0.9969173337331282 0
    outer loop
      vertex 23.812868930080462 -16.975376681190276 18.2
      vertex 23.5 -17 2.2
      vertex 23.812868930080462 -16.975376681190276 2.2
    endloop
  endfacet
  facet normal 0.2334453638559096 -0.9723699203976756 0
    outer loop
      vertex 24.118033988749893 -16.902113032590307 18.2
      vertex 23.812868930080462 -16.975376681190276 2.2
      vertex 24.118033988749893 -16.902113032590307 2.2
    endloop
  endfacet
  facet normal 0.38268343236508634 -0.9238795325112882 0
    outer loop
      vertex 24.407980999479093 -16.782013048376736 18.2
      vertex 24.118033988749893 -16.902113032590307 2.2
      vertex 24.407980999479093 -16.782013048376736 2.2
    endloop
  endfacet
  facet normal 0.5224985647159539 -0.8526401643540893 0
    outer loop
      vertex 24.675570504584947 -16.618033988749893 18.2
      vertex 24.407980999479093 -16.782013048376736 2.2
      vertex 24.675570504584947 -16.618033988749893 2.2
    endloop
  endfacet
  facet normal 0.8526401643540893 -0.5224985647159539 0
    outer loop
      vertex 25.118033988749893 -16.175570504584947 18.2
      vertex 25.118033988749893 -16.175570504584947 2.2
      vertex 25.282013048376736 -15.907980999479093 2.2
    endloop
  endfacet
  facet normal 0.9238795325112873 -0.3826834323650883 0
    outer loop
      vertex 25.282013048376736 -15.907980999479093 18.2
      vertex 25.282013048376736 -15.907980999479093 2.2
      vertex 25.402113032590307 -15.618033988749895 2.2
    endloop
  endfacet
  facet normal 0.9723699203976759 -0.23344536385590833 0
    outer loop
      vertex 25.402113032590307 -15.618033988749895 18.2
      vertex 25.402113032590307 -15.618033988749895 2.2
      vertex 25.475376681190276 -15.312868930080462 2.2
    endloop
  endfacet
  facet normal 0.6494480483301787 -0.7604059656000353 0
    outer loop
      vertex 24.914213562373096 -16.414213562373096 18.2
      vertex 24.675570504584947 -16.618033988749893 2.2
      vertex 24.914213562373096 -16.414213562373096 2.2
    endloop
  endfacet
  facet normal 0.7604059656000353 -0.6494480483301787 0
    outer loop
      vertex 24.914213562373096 -16.414213562373096 18.2
      vertex 24.914213562373096 -16.414213562373096 2.2
      vertex 25.118033988749893 -16.175570504584947 2.2
    endloop
  endfacet
  facet normal 0 0 1
    outer loop
      vertex -26.400000000000002 20.75 2.2
      vertex -25.402113032590307 15.618033988749895 2.2
      vertex -25.282013048376736 15.907980999479093 2.2
    endloop
  endfacet
  facet normal 0 0 1
    outer loop
      vertex -26.400000000000002 20.75 2.2
      vertex -25.475376681190276 15.312868930080462 2.2
      vertex -25.402113032590307 15.618033988749895 2.2
    endloop
  endfacet
  facet normal 0 0 1
    outer loop
      vertex -26.400000000000002 20.75 2.2
      vertex -25.5 15 2.2
      vertex -25.475376681190276 15.312868930080462 2.2
    endloop
  endfacet
  facet normal 0 0 1
    outer loop
      vertex -26.400000000000002 20.75 2.2
      vertex -24.914213562373096 16.414213562373096 2.2
      vertex -24.675570504584947 16.618033988749893 2.2
    endloop
  endfacet
  facet normal 0 0 1
    outer loop
      vertex -26.400000000000002 20.75 2.2
      vertex -24.118033988749893 16.902113032590307 2.2
      vertex -23.812868930080462 16.975376681190276 2.2
    endloop
  endfacet
  facet normal 0 0 1
    outer loop
      vertex -26.400000000000002 20.75 2.2
      vertex -24.675570504584947 16.618033988749893 2.2
      vertex -24.407980999479093 16.782013048376736 2.2
    endloop
  endfacet
  facet normal 0 0 1
    outer loop
      vertex -26.400000000000002 20.75 2.2
      vertex -24.407980999479093 16.782013048376736 2.2
      vertex -24.118033988749893 16.902113032590307 2.2
    endloop
  endfacet
  facet normal 0 0 1
    outer loop
      vertex -26.400000000000002 20.75 2.2
      vertex -25.282013048376736 15.907980999479093 2.2
      vertex -25.118033988749893 16.175570504584947 2.2
    endloop
  endfacet
  facet normal 0 0 1
    outer loop
      vertex -26.400000000000002 20.75 2.2
      vertex -25.118033988749893 16.175570504584947 2.2
      vertex -24.914213562373096 16.414213562373096 2.2
    endloop
  endfacet
  facet normal 0 0 1
    outer loop
      vertex -26.400000000000002 20.75 2.2
      vertex -23.812868930080462 16.975376681190276 2.2
      vertex -23.5 17 2.2
    endloop
  endfacet
  facet normal 0 0 1
    outer loop
      vertex -26.400000000000002 20.75 2.2
      vertex -23.5 17 2.2
      vertex -23.187131069919538 16.975376681190276 2.2
    endloop
  endfacet
  facet normal 0 0 1
    outer loop
      vertex -26.400000000000002 20.75 2.2
      vertex -23.187131069919538 16.975376681190276 2.2
      vertex -22.881966011250107 16.902113032590307 2.2
    endloop
  endfacet
  facet normal 0 0 1
    outer loop
      vertex -26.400000000000002 20.75 2.2
      vertex -22.881966011250107 16.902113032590307 2.2
      vertex -22.592019000520907 16.782013048376736 2.2
    endloop
  endfacet
  facet normal 0 0 1
    outer loop
      vertex -26.400000000000002 20.75 2.2
      vertex -22.592019000520907 16.782013048376736 2.2
      vertex -22.324429495415053 16.618033988749893 2.2
    endloop
  endfacet
  facet normal 0 0 -1
    outer loop
      vertex -30.400000000000002 24.75 0
      vertex -16.85250625014305 20.30095875263214 0
      vertex -16.943884998559952 20.144570000469685 0
    endloop
  endfacet
  facet normal 0 0 -1
    outer loop
      vertex -30.400000000000002 24.75 0
      vertex -16.29992250353098 20.758942499756813 0
      vertex -16.466485001146793 20.669430002570152 0
    endloop
  endfacet
  facet normal 0 0 -1
    outer loop
      vertex -30.400000000000002 24.75 0
      vertex -16.11352500319481 20.832180000841618 0
      vertex -16.29992250353098 20.758942499756813 0
    endloop
  endfacet
  facet normal 0 0 -1
    outer loop
      vertex -30.400000000000002 24.75 0
      vertex -16.466485001146793 20.669430002570152 0
      vertex -16.61380624771118 20.563388749957085 0
    endloop
  endfacet
  facet normal 0 0 -1
    outer loop
      vertex -30.400000000000002 24.75 0
      vertex -16.61380624771118 20.563388749957085 0
      vertex -16.742480002343655 20.44056499749422 0
    endloop
  endfacet
  facet normal 0 0 -1
    outer loop
      vertex -30.400000000000002 24.75 0
      vertex -16.742480002343655 20.44056499749422 0
      vertex -16.85250625014305 20.30095875263214 0
    endloop
  endfacet
  facet normal 0 0 -1
    outer loop
      vertex -30.400000000000002 24.75 0
      vertex -15.907292500138283 20.889142498373985 0
      vertex -16.11352500319481 20.832180000841618 0
    endloop
  endfacet
  facet normal 0 0 -1
    outer loop
      vertex -30.400000000000002 24.75 0
      vertex -15.681225001811981 20.929829999804497 0
      vertex -15.907292500138283 20.889142498373985 0
    endloop
  endfacet
  facet normal 0 0 -1
    outer loop
      vertex -30.400000000000002 24.75 0
      vertex -15.435322500765324 20.95424249768257 0
      vertex -15.681225001811981 20.929829999804497 0
    endloop
  endfacet
  facet normal 0 0 -1
    outer loop
      vertex -30.400000000000002 24.75 0
      vertex -15.16958499699831 20.96237999945879 0
      vertex -15.435322500765324 20.95424249768257 0
    endloop
  endfacet
  facet normal 0 0 -1
    outer loop
      vertex -30.400000000000002 24.75 0
      vertex -14.879648752510548 20.953098751604557 0
      vertex -15.16958499699831 20.96237999945879 0
    endloop
  endfacet
  facet normal 0 0 -1
    outer loop
      vertex -30.400000000000002 24.75 0
      vertex -17.016616247594357 19.971398748457432 0
      vertex -17.070699997246265 19.781444996595383 0
    endloop
  endfacet
  facet normal 0 0 -1
    outer loop
      vertex -30.400000000000002 24.75 0
      vertex -16.943884998559952 20.144570000469685 0
      vertex -17.016616247594357 19.971398748457432 0
    endloop
  endfacet
  facet normal 0 0 -1
    outer loop
      vertex -30.400000000000002 24.75 0
      vertex -17.070699997246265 19.781444996595383 0
      vertex -16.854407496750355 17.9558287486434 0
    endloop
  endfacet
  facet normal 0 0 -1
    outer loop
      vertex -30.400000000000002 24.75 0
      vertex -16.862669996917248 17.886744998395443 0
      vertex -16.867627501487732 17.81477875262499 0
    endloop
  endfacet
  facet normal 0 0 -1
    outer loop
      vertex -30.400000000000002 24.75 0
      vertex -16.854407496750355 17.9558287486434 0
      vertex -16.862669996917248 17.886744998395443 0
    endloop
  endfacet
  facet normal 0 0 -1
    outer loop
      vertex -30.400000000000002 24.75 0
      vertex -16.867627501487732 17.81477875262499 0
      vertex -16.869280003011227 17.739929996430874 0
    endloop
  endfacet
  facet normal 0 0 -1
    outer loop
      vertex -30.400000000000002 24.75 0
      vertex -16.869280003011227 17.739929996430874 0
      vertex -16.857116252183914 17.55323625355959 0
    endloop
  endfacet
  facet normal 0 0 -1
    outer loop
      vertex -30.400000000000002 24.75 0
      vertex -16.857116252183914 17.55323625355959 0
      vertex -16.820624999701977 17.38171499967575 0
    endloop
  endfacet
  facet normal 0 0 -1
    outer loop
      vertex -30.400000000000002 24.75 0
      vertex -16.820624999701977 17.38171499967575 0
      vertex -16.759806253015995 17.22536624968052 0
    endloop
  endfacet
  facet normal 0 0 -1
    outer loop
      vertex -30.400000000000002 24.75 0
      vertex -16.759806253015995 17.22536624968052 0
      vertex -16.674659997224808 17.084190003573895 0
    endloop
  endfacet
  facet normal 0 0 -1
    outer loop
      vertex -30.400000000000002 24.75 0
      vertex -11.623405002057552 20.901359997689724 0
      vertex -14.879648752510548 20.953098751604557 0
    endloop
  endfacet
  facet normal 0 0 -1
    outer loop
      vertex -30.400000000000002 24.75 0
      vertex -10.723180003464222 20.901359997689724 0
      vertex -11.623405002057552 20.901359997689724 0
    endloop
  endfacet
  facet normal 0 0 -1
    outer loop
      vertex -30.400000000000002 24.75 0
      vertex -9.572530001401901 20.901359997689724 0
      vertex -10.723180003464222 20.901359997689724 0
    endloop
  endfacet
  facet normal 0 0 -1
    outer loop
      vertex -30.400000000000002 24.75 0
      vertex -8.67230500280857 20.901359997689724 0
      vertex -9.572530001401901 20.901359997689724 0
    endloop
  endfacet
  facet normal 0 0 -1
    outer loop
      vertex -16.200984999537468 19.638030000030994 0
      vertex -16.384135000407696 18.67831499874592 0
      vertex -17.070699997246265 19.781444996595383 0
    endloop
  endfacet
  facet normal 0 0 -1
    outer loop
      vertex -16.525255002081394 18.575681246817112 0
      vertex -17.070699997246265 19.781444996595383 0
      vertex -16.480755001306534 18.61201000213623 0
    endloop
  endfacet
  facet normal 0 0 -1
    outer loop
      vertex -16.567215003073215 18.537234999239445 0
      vertex -17.070699997246265 19.781444996595383 0
      vertex -16.525255002081394 18.575681246817112 0
    endloop
  endfacet
  facet normal 0 0 -1
    outer loop
      vertex -16.433715000748634 18.64622125029564 0
      vertex -17.070699997246265 19.781444996595383 0
      vertex -16.384135000407696 18.67831499874592 0
    endloop
  endfacet
  facet normal 0 0 -1
    outer loop
      vertex -16.480755001306534 18.61201000213623 0
      vertex -17.070699997246265 19.781444996595383 0
      vertex -16.433715000748634 18.64622125029564 0
    endloop
  endfacet
  facet normal 0 0 -1
    outer loop
      vertex -16.78864625096321 18.203508749604225 0
      vertex -17.070699997246265 19.781444996595383 0
      vertex -16.764875002205372 18.258689999580383 0
    endloop
  endfacet
  facet normal 0 0 -1
    outer loop
      vertex -16.80979000031948 18.145784996449947 0
      vertex -17.070699997246265 19.781444996595383 0
      vertex -16.78864625096321 18.203508749604225 0
    endloop
  endfacet
  facet normal 0 0 -1
    outer loop
      vertex -16.82796750217676 18.08534874767065 0
      vertex -17.070699997246265 19.781444996595383 0
      vertex -16.80979000031948 18.145784996449947 0
    endloop
  endfacet
  facet normal 0 0 -1
    outer loop
      vertex -16.854407496750355 17.9558287486434 0
      vertex -17.070699997246265 19.781444996595383 0
      vertex -16.842840000987053 18.022030003368855 0
    endloop
  endfacet
  facet normal 0 0 -1
    outer loop
      vertex -16.842840000987053 18.022030003368855 0
      vertex -17.070699997246265 19.781444996595383 0
      vertex -16.82796750217676 18.08534874767065 0
    endloop
  endfacet
  facet normal 0 0 -1
    outer loop
      vertex -16.606634996831417 18.496671251952648 0
      vertex -17.070699997246265 19.781444996595383 0
      vertex -16.567215003073215 18.537234999239445 0
    endloop
  endfacet
  facet normal 0 0 -1
    outer loop
      vertex -16.64351499825716 18.45398999750614 0
      vertex -17.070699997246265 19.781444996595383 0
      vertex -16.606634996831417 18.496671251952648 0
    endloop
  endfacet
  facet normal 0 0 -1
    outer loop
      vertex -16.677796252071857 18.40897875279188 0
      vertex -17.070699997246265 19.781444996595383 0
      vertex -16.64351499825716 18.45398999750614 0
    endloop
  endfacet
  facet normal 0 0 -1
    outer loop
      vertex -16.709449999034405 18.36142499744892 0
      vertex -17.070699997246265 19.781444996595383 0
      vertex -16.677796252071857 18.40897875279188 0
    endloop
  endfacet
  facet normal 0 0 -1
    outer loop
      vertex -16.738476246595383 18.311328746378422 0
      vertex -17.070699997246265 19.781444996595383 0
      vertex -16.709449999034405 18.36142499744892 0
    endloop
  endfacet
  facet normal 0 0 -1
    outer loop
      vertex -16.764875002205372 18.258689999580383 0
      vertex -17.070699997246265 19.781444996595383 0
      vertex -16.738476246595383 18.311328746378422 0
    endloop
  endfacet
  facet normal 0 0 -1
    outer loop
      vertex -16.200984999537468 19.638030000030994 0
      vertex -16.278339996933937 18.737645000219345 0
      vertex -16.332253746688366 18.70865750312805 0
    endloop
  endfacet
  facet normal 0 0 -1
    outer loop
      vertex -16.200984999537468 19.638030000030994 0
      vertex -16.332253746688366 18.70865750312805 0
      vertex -16.384135000407696 18.67831499874592 0
    endloop
  endfacet
  facet normal 0 0 -1
    outer loop
      vertex -16.200984999537468 19.638030000030994 0
      vertex -16.22239375114441 18.76527749747038 0
      vertex -16.278339996933937 18.737645000219345 0
    endloop
  endfacet
  facet normal 0 0 -1
    outer loop
      vertex -16.1644150018692 18.791555002331734 0
      vertex -16.200984999537468 19.638030000030994 0
      vertex -16.104403749108315 18.81647749990225 0
    endloop
  endfacet
  facet normal 0 0 -1
    outer loop
      vertex -16.200984999537468 19.638030000030994 0
      vertex -16.1644150018692 18.791555002331734 0
      vertex -16.22239375114441 18.76527749747038 0
    endloop
  endfacet
  facet normal 0 0 -1
    outer loop
      vertex -15.856195002794266 20.13392999768257 0
      vertex -15.370959997177124 19.0215749964118 0
      vertex -15.936972498893738 20.077342502772808 0
    endloop
  endfacet
  facet normal 0 0 -1
    outer loop
      vertex -16.166832499206066 19.746742501854897 0
      vertex -15.659860000014305 18.951224997639656 0
      vertex -16.200984999537468 19.638030000030994 0
    endloop
  endfacet
  facet normal 0 0 -1
    outer loop
      vertex -16.123355001211166 19.84503000229597 0
      vertex -15.523547500371933 18.985169999301434 0
      vertex -16.166832499206066 19.746742501854897 0
    endloop
  endfacet
  facet normal 0 0 -1
    outer loop
      vertex -16.008424997329712 20.010329999029636 0
      vertex -15.370959997177124 19.0215749964118 0
      vertex -16.070552498102188 19.932892501354218 0
    endloop
  endfacet
  facet normal 0 0 -1
    outer loop
      vertex -16.070552498102188 19.932892501354218 0
      vertex -15.370959997177124 19.0215749964118 0
      vertex -16.123355001211166 19.84503000229597 0
    endloop
  endfacet
  facet normal 0 0 -1
    outer loop
      vertex -15.936972498893738 20.077342502772808 0
      vertex -15.370959997177124 19.0215749964118 0
      vertex -16.008424997329712 20.010329999029636 0
    endloop
  endfacet
  facet normal 0 0 -1
    outer loop
      vertex -15.765231251716614 20.181010000407696 0
      vertex -15.370959997177124 19.0215749964118 0
      vertex -15.856195002794266 20.13392999768257 0
    endloop
  endfacet
  facet normal 0 0 -1
    outer loop
      vertex -15.663249999284744 20.219530001282692 0
      vertex -15.370959997177124 19.0215749964118 0
      vertex -15.765231251716614 20.181010000407696 0
    endloop
  endfacet
  facet normal 0 0 -1
    outer loop
      vertex -15.550251252949238 20.24949000030756 0
      vertex -15.370959997177124 19.0215749964118 0
      vertex -15.663249999284744 20.219530001282692 0
    endloop
  endfacet
  facet normal 0 0 -1
    outer loop
      vertex -15.426234997808933 20.2708899974823 0
      vertex -15.370959997177124 19.0215749964118 0
      vertex -15.550251252949238 20.24949000030756 0
    endloop
  endfacet
  facet normal 0 0 -1
    outer loop
      vertex -15.291201248764992 20.283730000257492 0
      vertex -15.194868750870228 19.058291248977184 0
      vertex -15.426234997808933 20.2708899974823 0
    endloop
  endfacet
  facet normal 0 0 -1
    outer loop
      vertex -15.145149998366833 20.288010001182556 0
      vertex -15.194868750870228 19.058291248977184 0
      vertex -15.291201248764992 20.283730000257492 0
    endloop
  endfacet
  facet normal 0 0 -1
    outer loop
      vertex -15.370959997177124 19.0215749964118 0
      vertex -15.426234997808933 20.2708899974823 0
      vertex -15.194868750870228 19.058291248977184 0
    endloop
  endfacet
  facet normal 0 0 -1
    outer loop
      vertex -15.8836600035429 18.89071500301361 0
      vertex -16.200984999537468 19.638030000030994 0
      vertex -15.779897503554821 18.91973999887705 0
    endloop
  endfacet
  facet normal 0 0 -1
    outer loop
      vertex -16.104403749108315 18.81647749990225 0
      vertex -16.200984999537468 19.638030000030994 0
      vertex -16.04236000031233 18.840044997632504 0
    endloop
  endfacet
  facet normal 0 0 -1
    outer loop
      vertex -16.04236000031233 18.840044997632504 0
      vertex -16.200984999537468 19.638030000030994 0
      vertex -15.971147499978542 18.864150002598763 0
    endloop
  endfacet
  facet normal 0 0 -1
    outer loop
      vertex -15.971147499978542 18.864150002598763 0
      vertex -16.200984999537468 19.638030000030994 0
      vertex -15.8836600035429 18.89071500301361 0
    endloop
  endfacet
  facet normal 0 0 -1
    outer loop
      vertex -15.779897503554821 18.91973999887705 0
      vertex -16.200984999537468 19.638030000030994 0
      vertex -15.659860000014305 18.951224997639656 0
    endloop
  endfacet
  facet normal 0 0 -1
    outer loop
      vertex -16.166832499206066 19.746742501854897 0
      vertex -15.523547500371933 18.985169999301434 0
      vertex -15.659860000014305 18.951224997639656 0
    endloop
  endfacet
  facet normal 0 0 -1
    outer loop
      vertex -15.523547500371933 18.985169999301434 0
      vertex -16.123355001211166 19.84503000229597 0
      vertex -15.370959997177124 19.0215749964118 0
    endloop
  endfacet
  facet normal 0 0 -1
    outer loop
      vertex -30.400000000000002 24.75 0
      vertex -16.674659997224808 17.084190003573895 0
      vertex -11.795589998364449 4.782799996435642 0
    endloop
  endfacet
  facet normal 0 0 -1
    outer loop
      vertex -15.753289997577667 18.090884998440742 0
      vertex -15.63001000136137 17.232364997267723 0
      vertex -15.798594996333122 18.061511248350143 0
    endloop
  endfacet
  facet normal 0 0 -1
    outer loop
      vertex -15.703325003385544 18.118481248617172 0
      vertex -15.63001000136137 17.232364997267723 0
      vertex -15.753289997577667 18.090884998440742 0
    endloop
  endfacet
  facet normal 0 0 -1
    outer loop
      vertex -15.581982500851154 18.170275002717972 0
      vertex -15.63001000136137 17.232364997267723 0
      vertex -15.64869999885559 18.144299998879433 0
    endloop
  endfacet
  facet normal 0 0 -1
    outer loop
      vertex -15.64869999885559 18.144299998879433 0
      vertex -15.63001000136137 17.232364997267723 0
      vertex -15.703325003385544 18.118481248617172 0
    endloop
  endfacet
  facet normal 0 0 -1
    outer loop
      vertex -15.495769999921322 18.19837000221014 0
      vertex -15.425552502274513 17.189644999802113 0
      vertex -15.581982500851154 18.170275002717972 0
    endloop
  endfacet
  facet normal 0 0 -1
    outer loop
      vertex -15.390062503516674 18.228584997355938 0
      vertex -15.425552502274513 17.189644999802113 0
      vertex -15.495769999921322 18.19837000221014 0
    endloop
  endfacet
  facet normal 0 0 -1
    outer loop
      vertex -15.26485999673605 18.260920003056526 0
      vertex -15.175659999251366 17.175405003130436 0
      vertex -15.390062503516674 18.228584997355938 0
    endloop
  endfacet
  facet normal 0 0 -1
    outer loop
      vertex -15.993490003049374 17.688045002520084 0
      vertex -15.902620002627373 17.403245002031326 0
      vertex -15.970772497355938 17.53140500187874 0
    endloop
  endfacet
  facet normal 0 0 -1
    outer loop
      vertex -15.906549997627735 17.96272499859333 0
      vertex -15.63001000136137 17.232364997267723 0
      vertex -15.933114998042583 17.925420001149178 0
    endloop
  endfacet
  facet normal 0 0 -1
    outer loop
      vertex -15.875225000083447 17.997431248426437 0
      vertex -15.63001000136137 17.232364997267723 0
      vertex -15.906549997627735 17.96272499859333 0
    endloop
  endfacet
  facet normal 0 0 -1
    outer loop
      vertex -15.971754997968674 17.840640000998974 0
      vertex -15.63001000136137 17.232364997267723 0
      vertex -15.983829997479916 17.793164998292923 0
    endloop
  endfacet
  facet normal 0 0 -1
    outer loop
      vertex -15.954850003123283 17.884724996984005 0
      vertex -15.63001000136137 17.232364997267723 0
      vertex -15.971754997968674 17.840640000998974 0
    endloop
  endfacet
  facet normal 0 0 -1
    outer loop
      vertex -15.933114998042583 17.925420001149178 0
      vertex -15.63001000136137 17.232364997267723 0
      vertex -15.954850003123283 17.884724996984005 0
    endloop
  endfacet
  facet normal 0 0 -1
    outer loop
      vertex -15.839239999651909 18.030359998345375 0
      vertex -15.63001000136137 17.232364997267723 0
      vertex -15.875225000083447 17.997431248426437 0
    endloop
  endfacet
  facet normal 0 0 -1
    outer loop
      vertex -15.798594996333122 18.061511248350143 0
      vertex -15.63001000136137 17.232364997267723 0
      vertex -15.839239999651909 18.030359998345375 0
    endloop
  endfacet
  facet normal 0 0 -1
    outer loop
      vertex -15.99107500165701 17.742299996316433 0
      vertex -15.63001000136137 17.232364997267723 0
      vertex -15.993490003049374 17.688045002520084 0
    endloop
  endfacet
  facet normal 0 0 -1
    outer loop
      vertex -15.983829997479916 17.793164998292923 0
      vertex -15.63001000136137 17.232364997267723 0
      vertex -15.99107500165701 17.742299996316433 0
    endloop
  endfacet
  facet normal 0 0 -1
    outer loop
      vertex -15.993490003049374 17.688045002520084 0
      vertex -15.789032496511936 17.303565002977848 0
      vertex -15.902620002627373 17.403245002031326 0
    endloop
  endfacet
  facet normal 0 0 -1
    outer loop
      vertex -15.993490003049374 17.688045002520084 0
      vertex -15.63001000136137 17.232364997267723 0
      vertex -15.789032496511936 17.303565002977848 0
    endloop
  endfacet
  facet normal 0 0 -1
    outer loop
      vertex -15.581982500851154 18.170275002717972 0
      vertex -15.425552502274513 17.189644999802113 0
      vertex -15.63001000136137 17.232364997267723 0
    endloop
  endfacet
  facet normal 0 0 -1
    outer loop
      vertex -15.390062503516674 18.228584997355938 0
      vertex -15.175659999251366 17.175405003130436 0
      vertex -15.425552502274513 17.189644999802113 0
    endloop
  endfacet
  facet normal 0 0 1
    outer loop
      vertex -30.400000000000002 24.75 2.2
      vertex -30.400000000000002 -24.75 2.2
      vertex -28.000000000000004 22.35 2.2
    endloop
  endfacet
  facet normal -1 0 0
    outer loop
      vertex -30.400000000000002 24.75 2.2
      vertex -30.400000000000002 24.75 0
      vertex -30.400000000000002 -24.75 0
    endloop
  endfacet
  facet normal 0 0 1
    outer loop
      vertex -26.400000000000002 20.75 2.2
      vertex -26.400000000000002 -20.75 2.2
      vertex -25.5 15 2.2
    endloop
  endfacet
  facet normal 0 0 1
    outer loop
      vertex -25.5 15 2.2
      vertex -25.5 -15 2.2
      vertex -25.475376681190276 14.687131069919538 2.2
    endloop
  endfacet
  facet normal 0 0 1
    outer loop
      vertex -25.475376681190276 14.687131069919538 2.2
      vertex -25.475376681190276 -14.687131069919538 2.2
      vertex -25.402113032590307 14.381966011250105 2.2
    endloop
  endfacet
  facet normal 0 0 1
    outer loop
      vertex -25.402113032590307 14.381966011250105 2.2
      vertex -25.402113032590307 -14.381966011250105 2.2
      vertex -25.282013048376736 14.092019000520907 2.2
    endloop
  endfacet
  facet normal 0 0 1
    outer loop
      vertex -25.282013048376736 14.092019000520907 2.2
      vertex -25.282013048376736 -14.092019000520907 2.2
      vertex -25.118033988749893 13.824429495415053 2.2
    endloop
  endfacet
  facet normal 0 0 1
    outer loop
      vertex -25.118033988749893 13.824429495415053 2.2
      vertex -25.118033988749893 -13.824429495415053 2.2
      vertex -24.914213562373096 13.585786437626904 2.2
    endloop
  endfacet
  facet normal 0 0 1
    outer loop
      vertex -24.914213562373096 13.585786437626904 2.2
      vertex -24.914213562373096 -13.585786437626904 2.2
      vertex -24.675570504584947 13.381966011250105 2.2
    endloop
  endfacet
  facet normal 0 0 1
    outer loop
      vertex -24.675570504584947 13.381966011250105 2.2
      vertex -24.675570504584947 -13.381966011250105 2.2
      vertex -24.407980999479093 13.217986951623264 2.2
    endloop
  endfacet
  facet normal 0 0 1
    outer loop
      vertex -24.407980999479093 13.217986951623264 2.2
      vertex -24.407980999479093 -13.217986951623264 2.2
      vertex -24.118033988749893 13.097886967409693 2.2
    endloop
  endfacet
  facet normal 0 0 1
    outer loop
      vertex -24.118033988749893 13.097886967409693 2.2
      vertex -24.118033988749893 -13.097886967409693 2.2
      vertex -23.812868930080462 13.024623318809724 2.2
    endloop
  endfacet
  facet normal 0 0 1
    outer loop
      vertex -23.812868930080462 13.024623318809724 2.2
      vertex -23.812868930080462 -13.024623318809724 2.2
      vertex -23.5 13 2.2
    endloop
  endfacet
  facet normal 0 0 1
    outer loop
      vertex -23.5 13 2.2
      vertex -23.5 -13 2.2
      vertex -23.187131069919538 13.024623318809724 2.2
    endloop
  endfacet
  facet normal 0 0 1
    outer loop
      vertex -23.187131069919538 13.024623318809724 2.2
      vertex -23.187131069919538 -13.024623318809724 2.2
      vertex -22.881966011250107 13.097886967409693 2.2
    endloop
  endfacet
  facet normal 0 0 -1
    outer loop
      vertex -30.400000000000002 24.75 0
      vertex -11.795589998364449 4.782799996435642 0
      vertex -11.437430001795292 -5.0487800016999245 0
    endloop
  endfacet
  facet normal 0 0 1
    outer loop
      vertex -22.881966011250107 13.097886967409693 2.2
      vertex -22.881966011250107 -13.097886967409693 2.2
      vertex -22.592019000520907 13.217986951623264 2.2
    endloop
  endfacet
  facet normal 0 0 1
    outer loop
      vertex -22.592019000520907 13.217986951623264 2.2
      vertex -22.592019000520907 -13.217986951623264 2.2
      vertex -22.324429495415053 13.381966011250105 2.2
    endloop
  endfacet
  facet normal 0 0 1
    outer loop
      vertex -22.085786437626904 13.585786437626904 2.2
      vertex -22.324429495415053 13.381966011250105 2.2
      vertex -22.324429495415053 -13.381966011250105 2.2
    endloop
  endfacet
  facet normal 0 0 -1
    outer loop
      vertex -30.400000000000002 24.75 0
      vertex -6.270700000226498 20.901359997689724 0
      vertex -8.67230500280857 20.901359997689724 0
    endloop
  endfacet
  facet normal 0 0 -1
    outer loop
      vertex -30.400000000000002 24.75 0
      vertex -5.3796550035476685 20.901359997689724 0
      vertex -6.270700000226498 20.901359997689724 0
    endloop
  endfacet
  facet normal 0 0 -1
    outer loop
      vertex -30.400000000000002 24.75 0
      vertex -4.219824999570847 20.901359997689724 0
      vertex -5.3796550035476685 20.901359997689724 0
    endloop
  endfacet
  facet normal 0 0 -1
    outer loop
      vertex -30.400000000000002 24.75 0
      vertex -3.319600000977516 20.901359997689724 0
      vertex -4.219824999570847 20.901359997689724 0
    endloop
  endfacet
  facet normal 0 0 -1
    outer loop
      vertex -30.400000000000002 24.75 0
      vertex -1.4426499977707863 20.901359997689724 0
      vertex -3.319600000977516 20.901359997689724 0
    endloop
  endfacet
  facet normal 0 0 -1
    outer loop
      vertex -14.879648752510548 20.953098751604557 0
      vertex -11.623405002057552 20.901359997689724 0
      vertex -14.61404000222683 20.925255000591278 0
    endloop
  endfacet
  facet normal 0 0 -1
    outer loop
      vertex -14.61404000222683 20.925255000591278 0
      vertex -11.623405002057552 20.901359997689724 0
      vertex -14.372758753597736 20.878848746418953 0
    endloop
  endfacet
  facet normal 0 0 -1
    outer loop
      vertex -14.372758753597736 20.878848746418953 0
      vertex -11.623405002057552 20.901359997689724 0
      vertex -14.155804999172688 20.813879996538162 0
    endloop
  endfacet
  facet normal 0 0 -1
    outer loop
      vertex -14.857032500207424 20.27207375317812 0
      vertex -14.902948752045631 19.126121252775192 0
      vertex -15.145149998366833 20.288010001182556 0
    endloop
  endfacet
  facet normal 0 0 -1
    outer loop
      vertex -15.145149998366833 20.288010001182556 0
      vertex -15.038865000009537 19.093139998614788 0
      vertex -15.194868750870228 19.058291248977184 0
    endloop
  endfacet
  facet normal 0 0 -1
    outer loop
      vertex -15.038865000009537 19.093139998614788 0
      vertex -15.145149998366833 20.288010001182556 0
      vertex -14.902948752045631 19.126121252775192 0
    endloop
  endfacet
  facet normal 0 0 -1
    outer loop
      vertex -14.787119999527931 19.157234996557236 0
      vertex -14.857032500207424 20.27207375317812 0
      vertex -14.691378749907017 19.18648125231266 0
    endloop
  endfacet
  facet normal 0 0 -1
    outer loop
      vertex -14.857032500207424 20.27207375317812 0
      vertex -14.787119999527931 19.157234996557236 0
      vertex -14.902948752045631 19.126121252775192 0
    endloop
  endfacet
  facet normal 0 0 -1
    outer loop
      vertex -14.621299996972084 20.22426500171423 0
      vertex -14.691378749907017 19.18648125231266 0
      vertex -14.857032500207424 20.27207375317812 0
    endloop
  endfacet
  facet normal 0 0 -1
    outer loop
      vertex -14.437952503561974 20.144583746790886 0
      vertex -14.202220000326633 19.714304998517036 0
      vertex -14.621299996972084 20.22426500171423 0
    endloop
  endfacet
  facet normal 0 0 -1
    outer loop
      vertex -14.306989997625351 20.03303000330925 0
      vertex -14.202220000326633 19.714304998517036 0
      vertex -14.437952503561974 20.144583746790886 0
    endloop
  endfacet
  facet normal 0 0 -1
    outer loop
      vertex -14.621299996972084 20.22426500171423 0
      vertex -14.250380001962185 19.498664997518063 0
      vertex -14.277470000088215 19.453661248087883 0
    endloop
  endfacet
  facet normal 0 0 -1
    outer loop
      vertex -14.621299996972084 20.22426500171423 0
      vertex -14.202220000326633 19.714304998517036 0
      vertex -14.205229997634888 19.65505124628544 0
    endloop
  endfacet
  facet normal 0 0 -1
    outer loop
      vertex -14.621299996972084 20.22426500171423 0
      vertex -14.205229997634888 19.65505124628544 0
      vertex -14.214259997010231 19.59935999661684 0
    endloop
  endfacet
  facet normal 0 0 -1
    outer loop
      vertex -14.621299996972084 20.22426500171423 0
      vertex -14.214259997010231 19.59935999661684 0
      vertex -14.229309998452663 19.547231249511242 0
    endloop
  endfacet
  facet normal 0 0 -1
    outer loop
      vertex -14.621299996972084 20.22426500171423 0
      vertex -14.229309998452663 19.547231249511242 0
      vertex -14.250380001962185 19.498664997518063 0
    endloop
  endfacet
  facet normal 0 0 -1
    outer loop
      vertex -14.621299996972084 20.22426500171423 0
      vertex -14.615725003182888 19.213859997689724 0
      vertex -14.691378749907017 19.18648125231266 0
    endloop
  endfacet
  facet normal 0 0 -1
    outer loop
      vertex -14.621299996972084 20.22426500171423 0
      vertex -14.494340002536774 19.27115999907255 0
      vertex -14.552573747932911 19.241407498717308 0
    endloop
  endfacet
  facet normal 0 0 -1
    outer loop
      vertex -14.621299996972084 20.22426500171423 0
      vertex -14.552573747932911 19.241407498717308 0
      vertex -14.615725003182888 19.213859997689724 0
    endloop
  endfacet
  facet normal 0 0 -1
    outer loop
      vertex -14.621299996972084 20.22426500171423 0
      vertex -14.441023752093315 19.303117498755455 0
      vertex -14.494340002536774 19.27115999907255 0
    endloop
  endfacet
  facet normal 0 0 -1
    outer loop
      vertex -14.621299996972084 20.22426500171423 0
      vertex -14.349143750965595 19.37364750355482 0
      vertex -14.392624996602535 19.337279997766018 0
    endloop
  endfacet
  facet normal 0 0 -1
    outer loop
      vertex -14.621299996972084 20.22426500171423 0
      vertex -14.277470000088215 19.453661248087883 0
      vertex -14.310580000281334 19.412220001220703 0
    endloop
  endfacet
  facet normal 0 0 -1
    outer loop
      vertex -14.621299996972084 20.22426500171423 0
      vertex -14.310580000281334 19.412220001220703 0
      vertex -14.349143750965595 19.37364750355482 0
    endloop
  endfacet
  facet normal 0 0 -1
    outer loop
      vertex -14.621299996972084 20.22426500171423 0
      vertex -14.392624996602535 19.337279997766018 0
      vertex -14.441023752093315 19.303117498755455 0
    endloop
  endfacet
  facet normal 0 0 -1
    outer loop
      vertex -14.306989997625351 20.03303000330925 0
      vertex -14.228412501513958 19.88960374891758 0
      vertex -14.202220000326633 19.714304998517036 0
    endloop
  endfacet
  facet normal 0 0 -1
    outer loop
      vertex -14.155804999172688 20.813879996538162 0
      vertex -11.623405002057552 20.901359997689724 0
      vertex -13.963178746402264 20.730348750948906 0
    endloop
  endfacet
  facet normal 0 0 -1
    outer loop
      vertex -13.963178746402264 20.730348750948906 0
      vertex -11.623405002057552 20.901359997689724 0
      vertex -13.794880002737045 20.628255002200603 0
    endloop
  endfacet
  facet normal 0 0 -1
    outer loop
      vertex -13.794880002737045 20.628255002200603 0
      vertex -11.623405002057552 20.901359997689724 0
      vertex -13.65174250304699 20.508601248264313 0
    endloop
  endfacet
  facet normal 0 0 -1
    outer loop
      vertex -13.65174250304699 20.508601248264313 0
      vertex -11.623405002057552 20.901359997689724 0
      vertex -13.534630000591278 20.372419998049736 0
    endloop
  endfacet
  facet normal 0 0 -1
    outer loop
      vertex -13.534630000591278 20.372419998049736 0
      vertex -11.623405002057552 20.901359997689724 0
      vertex -13.443542502820492 20.219711251556873 0
    endloop
  endfacet
  facet normal 0 0 -1
    outer loop
      vertex -13.443542502820492 20.219711251556873 0
      vertex -11.623405002057552 20.901359997689724 0
      vertex -13.37848000228405 20.050475001335144 0
    endloop
  endfacet
  facet normal 0 0 -1
    outer loop
      vertex -13.37848000228405 20.050475001335144 0
      vertex -11.623405002057552 20.901359997689724 0
      vertex -13.339442498981953 19.864711247384548 0
    endloop
  endfacet
  facet normal 0 0 -1
    outer loop
      vertex -13.339442498981953 19.864711247384548 0
      vertex -11.623405002057552 20.901359997689724 0
      vertex -13.32643000036478 19.662419997155666 0
    endloop
  endfacet
  facet normal 0 0 -1
    outer loop
      vertex -13.32643000036478 19.662419997155666 0
      vertex -11.623405002057552 17.297444999217987 0
      vertex -13.32871875166893 19.57465250045061 0
    endloop
  endfacet
  facet normal 0 0 -1
    outer loop
      vertex -13.32871875166893 19.57465250045061 0
      vertex -11.623405002057552 17.297444999217987 0
      vertex -13.335584998130798 19.490359999239445 0
    endloop
  endfacet
  facet normal 0 0 -1
    outer loop
      vertex -13.335584998130798 19.490359999239445 0
      vertex -11.623405002057552 17.297444999217987 0
      vertex -13.347028747200966 19.409542500972748 0
    endloop
  endfacet
  facet normal 0 0 -1
    outer loop
      vertex -13.347028747200966 19.409542500972748 0
      vertex -11.623405002057552 17.297444999217987 0
      vertex -13.363049998879433 19.33219999819994 0
    endloop
  endfacet
  facet normal 0 0 -1
    outer loop
      vertex -13.363049998879433 19.33219999819994 0
      vertex -11.623405002057552 17.297444999217987 0
      vertex -13.383648753166199 19.2583324983716 0
    endloop
  endfacet
  facet normal 0 0 -1
    outer loop
      vertex -13.383648753166199 19.2583324983716 0
      vertex -11.623405002057552 17.297444999217987 0
      vertex -13.408825002610683 19.187940001487732 0
    endloop
  endfacet
  facet normal 0 0 -1
    outer loop
      vertex -11.623405002057552 17.297444999217987 0
      vertex -13.32643000036478 19.662419997155666 0
      vertex -11.623405002057552 20.901359997689724 0
    endloop
  endfacet
  facet normal 0 0 1
    outer loop
      vertex -30.400000000000002 24.75 2.2
      vertex -28.000000000000004 22.35 2.2
      vertex 30.400000000000002 24.75 2.2
    endloop
  endfacet
  facet normal 0 1 0
    outer loop
      vertex -30.400000000000002 24.75 2.2
      vertex 30.400000000000002 24.75 0
      vertex -30.400000000000002 24.75 0
    endloop
  endfacet
  facet normal 0 0 -1
    outer loop
      vertex -30.400000000000002 24.75 0
      vertex -0.5424249991774559 20.901359997689724 0
      vertex -1.4426499977707863 20.901359997689724 0
    endloop
  endfacet
  facet normal 0 0 -1
    outer loop
      vertex -30.400000000000002 24.75 0
      vertex 1.970102496445179 20.94580875337124 0
      vertex -0.5424249991774559 20.901359997689724 0
    endloop
  endfacet
  facet normal 0 0 -1
    outer loop
      vertex -30.400000000000002 24.75 0
      vertex 2.295634999871254 20.96237999945879 0
      vertex 1.970102496445179 20.94580875337124 0
    endloop
  endfacet
  facet normal 0 0 -1
    outer loop
      vertex -30.400000000000002 24.75 0
      vertex 2.510776251554489 20.954878747463226 0
      vertex 2.295634999871254 20.96237999945879 0
    endloop
  endfacet
  facet normal 0 0 -1
    outer loop
      vertex -30.400000000000002 24.75 0
      vertex 2.716760002076626 20.932374998927116 0
      vertex 2.510776251554489 20.954878747463226 0
    endloop
  endfacet
  facet normal 0 0 -1
    outer loop
      vertex -8.67230500280857 20.901359997689724 0
      vertex -6.652165003120899 19.802775003015995 0
      vertex -8.29083999991417 19.802775003015995 0
    endloop
  endfacet
  facet normal 0 0 -1
    outer loop
      vertex -10.723180003464222 20.901359997689724 0
      vertex -9.572530001401901 20.901359997689724 0
      vertex -8.004009999334812 16.601700000464916 0
    endloop
  endfacet
  facet normal 0 0 -1
    outer loop
      vertex -6.853584997355938 19.12534499913454 0
      vertex -7.940947502851486 18.692528747022152 0
      vertex -8.089464999735355 19.12534499913454 0
    endloop
  endfacet
  facet normal 0 0 -1
    outer loop
      vertex -15.12016250193119 18.295374996960163 0
      vertex -15.052458748221397 17.179305002093315 0
      vertex -15.26485999673605 18.260920003056526 0
    endloop
  endfacet
  facet normal 0 0 -1
    outer loop
      vertex -14.955969996750355 18.33195000141859 0
      vertex -14.413933746516705 17.49049499630928 0
      vertex -15.12016250193119 18.295374996960163 0
    endloop
  endfacet
  facet normal 0 0 -1
    outer loop
      vertex -14.424621246755123 18.45820874720812 0
      vertex -14.312109999358654 17.7338550016284 0
      vertex -14.582154996693134 18.417225003242493 0
    endloop
  endfacet
  facet normal 0 0 -1
    outer loop
      vertex -14.759271249175072 18.375138752162457 0
      vertex -14.338333748281002 17.645104996860027 0
      vertex -14.955969996750355 18.33195000141859 0
    endloop
  endfacet
  facet normal 0 0 -1
    outer loop
      vertex -14.582154996693134 18.417225003242493 0
      vertex -14.312109999358654 17.7338550016284 0
      vertex -14.759271249175072 18.375138752162457 0
    endloop
  endfacet
  facet normal 0 0 -1
    outer loop
      vertex -14.37227500230074 17.563984997570515 0
      vertex -14.955969996750355 18.33195000141859 0
      vertex -14.338333748281002 17.645104996860027 0
    endloop
  endfacet
  facet normal 0 0 -1
    outer loop
      vertex -14.955969996750355 18.33195000141859 0
      vertex -14.37227500230074 17.563984997570515 0
      vertex -14.413933746516705 17.49049499630928 0
    endloop
  endfacet
  facet normal 0 0 -1
    outer loop
      vertex -14.338333748281002 17.645104996860027 0
      vertex -14.759271249175072 18.375138752162457 0
      vertex -14.312109999358654 17.7338550016284 0
    endloop
  endfacet
  facet normal 0 0 -1
    outer loop
      vertex -15.175659999251366 17.175405003130436 0
      vertex -15.26485999673605 18.260920003056526 0
      vertex -15.052458748221397 17.179305002093315 0
    endloop
  endfacet
  facet normal 0 0 -1
    outer loop
      vertex -15.12016250193119 18.295374996960163 0
      vertex -14.939175002276897 17.191004998981953 0
      vertex -15.052458748221397 17.179305002093315 0
    endloop
  endfacet
  facet normal 0 0 -1
    outer loop
      vertex -14.939175002276897 17.191004998981953 0
      vertex -15.12016250193119 18.295374996960163 0
      vertex -14.835808746516705 17.21050500124693 0
    endloop
  endfacet
  facet normal 0 0 -1
    outer loop
      vertex -14.74236000329256 17.237805001437664 0
      vertex -15.12016250193119 18.295374996960163 0
      vertex -14.658828750252724 17.272904999554157 0
    endloop
  endfacet
  facet normal 0 0 -1
    outer loop
      vertex -14.658828750252724 17.272904999554157 0
      vertex -15.12016250193119 18.295374996960163 0
      vertex -14.585215002298355 17.31580500304699 0
    endloop
  endfacet
  facet normal 0 0 -1
    outer loop
      vertex -14.585215002298355 17.31580500304699 0
      vertex -15.12016250193119 18.295374996960163 0
      vertex -14.520403750240803 17.366405002772808 0
    endloop
  endfacet
  facet normal 0 0 -1
    outer loop
      vertex -14.835808746516705 17.21050500124693 0
      vertex -15.12016250193119 18.295374996960163 0
      vertex -14.74236000329256 17.237805001437664 0
    endloop
  endfacet
  facet normal 0 0 -1
    outer loop
      vertex -14.520403750240803 17.366405002772808 0
      vertex -15.12016250193119 18.295374996960163 0
      vertex -14.46331000328064 17.424635000526905 0
    endloop
  endfacet
  facet normal 0 0 -1
    outer loop
      vertex -14.46331000328064 17.424635000526905 0
      vertex -15.12016250193119 18.295374996960163 0
      vertex -14.413933746516705 17.49049499630928 0
    endloop
  endfacet
  facet normal 0 0 -1
    outer loop
      vertex -14.424621246755123 18.45820874720812 0
      vertex -13.439335003495216 17.614830002188683 0
      vertex -14.312109999358654 17.7338550016284 0
    endloop
  endfacet
  facet normal 0 0 -1
    outer loop
      vertex -14.286669999361038 18.498089998960495 0
      vertex -13.011835001409054 17.297444999217987 0
      vertex -14.424621246755123 18.45820874720812 0
    endloop
  endfacet
  facet normal 0 0 -1
    outer loop
      vertex -14.168301247060299 18.53686875104904 0
      vertex -13.011835001409054 17.297444999217987 0
      vertex -14.286669999361038 18.498089998960495 0
    endloop
  endfacet
  facet normal 0 0 -1
    outer loop
      vertex -13.90387500077486 18.65286500006914 0
      vertex -13.011835001409054 17.297444999217987 0
      vertex -13.983599998056889 18.61268749833107 0
    endloop
  endfacet
  facet normal 0 0 -1
    outer loop
      vertex -13.83033999800682 18.695077501237392 0
      vertex -13.011835001409054 17.297444999217987 0
      vertex -13.90387500077486 18.65286500006914 0
    endloop
  endfacet
  facet normal 0 0 -1
    outer loop
      vertex -13.701839998364449 18.785607501864433 0
      vertex -13.011835001409054 17.297444999217987 0
      vertex -13.76299499720335 18.739325001835823 0
    endloop
  endfacet
  facet normal 0 0 -1
    outer loop
      vertex -13.646875001490116 18.833925001323223 0
      vertex -13.011835001409054 17.297444999217987 0
      vertex -13.701839998364449 18.785607501864433 0
    endloop
  endfacet
  facet normal 0 0 -1
    outer loop
      vertex -13.76299499720335 18.739325001835823 0
      vertex -13.011835001409054 17.297444999217987 0
      vertex -13.83033999800682 18.695077501237392 0
    endloop
  endfacet
  facet normal 0 0 -1
    outer loop
      vertex -14.069514997303486 18.57454500347376 0
      vertex -13.011835001409054 17.297444999217987 0
      vertex -14.168301247060299 18.53686875104904 0
    endloop
  endfacet
  facet normal 0 0 -1
    outer loop
      vertex -13.983599998056889 18.61268749833107 0
      vertex -13.011835001409054 17.297444999217987 0
      vertex -14.069514997303486 18.57454500347376 0
    endloop
  endfacet
  facet normal 0 0 -1
    outer loop
      vertex -14.424621246755123 18.45820874720812 0
      vertex -13.011835001409054 17.297444999217987 0
      vertex -13.439335003495216 17.614830002188683 0
    endloop
  endfacet
  facet normal 0 0 -1
    outer loop
      vertex -13.439335003495216 17.614830002188683 0
      vertex -13.011835001409054 17.297444999217987 0
      vertex -13.485916249454021 17.43164625018835 0
    endloop
  endfacet
  facet normal 0 0 -1
    outer loop
      vertex -13.485916249454021 17.43164625018835 0
      vertex -13.011835001409054 16.601700000464916 0
      vertex -13.548349998891354 17.266604997217655 0
    endloop
  endfacet
  facet normal 0 0 -1
    outer loop
      vertex -13.720775000751019 16.990950003266335 0
      vertex -13.011835001409054 16.601700000464916 0
      vertex -13.830766253173351 16.880336247384548 0
    endloop
  endfacet
  facet normal 0 0 -1
    outer loop
      vertex -13.626636251807213 17.119706250727177 0
      vertex -13.011835001409054 16.601700000464916 0
      vertex -13.720775000751019 16.990950003266335 0
    endloop
  endfacet
  facet normal 0 0 -1
    outer loop
      vertex -13.548349998891354 17.266604997217655 0
      vertex -13.011835001409054 16.601700000464916 0
      vertex -13.626636251807213 17.119706250727177 0
    endloop
  endfacet
  facet normal 0 0 -1
    outer loop
      vertex -13.438325002789497 19.120881251990795 0
      vertex -11.623405002057552 17.297444999217987 0
      vertex -13.47189500182867 19.057044997811317 0
    endloop
  endfacet
  facet normal 0 0 -1
    outer loop
      vertex -13.509534999728203 18.99643124639988 0
      vertex -11.623405002057552 17.297444999217987 0
      vertex -13.551244996488094 18.93903999775648 0
    endloop
  endfacet
  facet normal 0 0 -1
    outer loop
      vertex -13.551244996488094 18.93903999775648 0
      vertex -11.623405002057552 17.297444999217987 0
      vertex -13.597024999558926 18.884871251881123 0
    endloop
  endfacet
  facet normal 0 0 -1
    outer loop
      vertex -13.47189500182867 19.057044997811317 0
      vertex -11.623405002057552 17.297444999217987 0
      vertex -13.509534999728203 18.99643124639988 0
    endloop
  endfacet
  facet normal 0 0 -1
    outer loop
      vertex -13.597024999558926 18.884871251881123 0
      vertex -11.623405002057552 17.297444999217987 0
      vertex -13.646875001490116 18.833925001323223 0
    endloop
  endfacet
  facet normal 0 0 -1
    outer loop
      vertex -13.408825002610683 19.187940001487732 0
      vertex -11.623405002057552 17.297444999217987 0
      vertex -13.438325002789497 19.120881251990795 0
    endloop
  endfacet
  facet normal 0 0 -1
    outer loop
      vertex -11.623405002057552 17.297444999217987 0
      vertex -13.011835001409054 17.297444999217987 0
      vertex -13.646875001490116 18.833925001323223 0
    endloop
  endfacet
  facet normal 0 0 -1
    outer loop
      vertex -13.485916249454021 17.43164625018835 0
      vertex -13.011835001409054 17.297444999217987 0
      vertex -13.011835001409054 16.601700000464916 0
    endloop
  endfacet
  facet normal 0 0 -1
    outer loop
      vertex -16.565186247229576 16.958186246454716 0
      vertex -11.795589998364449 4.782799996435642 0
      vertex -16.674659997224808 17.084190003573895 0
    endloop
  endfacet
  facet normal 0 0 -1
    outer loop
      vertex -16.27435874938965 16.75271374732256 0
      vertex -11.635191664099693 5.724131114780903 0
      vertex -16.4313850030303 16.847355000674725 0
    endloop
  endfacet
  facet normal 0 0 -1
    outer loop
      vertex -16.4313850030303 16.847355000674725 0
      vertex -11.795589998364449 4.782799996435642 0
      vertex -16.565186247229576 16.958186246454716 0
    endloop
  endfacet
  facet normal 0 0 -1
    outer loop
      vertex -16.095210000872612 16.67527999728918 0
      vertex -11.635191664099693 5.724131114780903 0
      vertex -16.27435874938965 16.75271374732256 0
    endloop
  endfacet
  facet normal 0 0 -1
    outer loop
      vertex -15.89393875002861 16.61505375057459 0
      vertex -11.635191664099693 5.724131114780903 0
      vertex -16.095210000872612 16.67527999728918 0
    endloop
  endfacet
  facet normal 0 0 -1
    outer loop
      vertex -15.670544996857643 16.572034999728203 0
      vertex -11.635191664099693 5.724131114780903 0
      vertex -15.89393875002861 16.61505375057459 0
    endloop
  endfacet
  facet normal 0 0 -1
    outer loop
      vertex -15.425028748810291 16.546223752200603 0
      vertex -11.635191664099693 5.724131114780903 0
      vertex -15.670544996857643 16.572034999728203 0
    endloop
  endfacet
  facet normal 0 0 -1
    outer loop
      vertex -15.157389998435974 16.53762000054121 0
      vertex -11.635191664099693 5.724131114780903 0
      vertex -15.425028748810291 16.546223752200603 0
    endloop
  endfacet
  facet normal 0 0 -1
    outer loop
      vertex -14.901947498321533 16.54457125067711 0
      vertex -11.635191664099693 5.724131114780903 0
      vertex -15.157389998435974 16.53762000054121 0
    endloop
  endfacet
  facet normal 0 0 -1
    outer loop
      vertex -14.457437500357628 16.600181251764297 0
      vertex -11.635191664099693 5.724131114780903 0
      vertex -14.668629996478558 16.565425001084805 0
    endloop
  endfacet
  facet normal 0 0 -1
    outer loop
      vertex -14.668629996478558 16.565425001084805 0
      vertex -11.635191664099693 5.724131114780903 0
      vertex -14.901947498321533 16.54457125067711 0
    endloop
  endfacet
  facet normal 0 0 -1
    outer loop
      vertex -14.268370002508163 16.648840002715588 0
      vertex -11.635191664099693 5.724131114780903 0
      vertex -14.457437500357628 16.600181251764297 0
    endloop
  endfacet
  facet normal 0 0 -1
    outer loop
      vertex -14.101427502930164 16.711401246488094 0
      vertex -11.635191664099693 5.724131114780903 0
      vertex -14.268370002508163 16.648840002715588 0
    endloop
  endfacet
  facet normal 0 0 -1
    outer loop
      vertex -13.95661000162363 16.78786499798298 0
      vertex -11.635191664099693 5.724131114780903 0
      vertex -14.101427502930164 16.711401246488094 0
    endloop
  endfacet
  facet normal 0 0 -1
    outer loop
      vertex -13.830766253173351 16.880336247384548 0
      vertex -11.635191664099693 5.724131114780903 0
      vertex -13.95661000162363 16.78786499798298 0
    endloop
  endfacet
  facet normal 0 0 -1
    outer loop
      vertex -13.830766253173351 16.880336247384548 0
      vertex -13.011835001409054 16.601700000464916 0
      vertex -11.635191664099693 5.724131114780903 0
    endloop
  endfacet
  facet normal 0 0 -1
    outer loop
      vertex -10.723180003464222 20.901359997689724 0
      vertex -9.331644997000694 17.297444999217987 0
      vertex -10.723180003464222 17.297444999217987 0
    endloop
  endfacet
  facet normal 0 0 -1
    outer loop
      vertex -10.723180003464222 20.901359997689724 0
      vertex -8.004009999334812 16.601700000464916 0
      vertex -9.331644997000694 17.297444999217987 0
    endloop
  endfacet
  facet normal 0 0 -1
    outer loop
      vertex -7.816844999790192 18.32989999651909 0
      vertex -7.940947502851486 18.692528747022152 0
      vertex -7.277754999697208 17.889464996755123 0
    endloop
  endfacet
  facet normal 0 0 -1
    outer loop
      vertex -7.717157498002052 18.03745874762535 0
      vertex -7.816844999790192 18.32989999651909 0
      vertex -7.277754999697208 17.889464996755123 0
    endloop
  endfacet
  facet normal 0 0 -1
    outer loop
      vertex -9.331644997000694 17.297444999217987 0
      vertex -8.004009999334812 16.601700000464916 0
      vertex -9.331644997000694 16.601700000464916 0
    endloop
  endfacet
  facet normal 0 0 -1
    outer loop
      vertex -9.331644997000694 16.601700000464916 0
      vertex -8.74833333492279 9.757256664335728 0
      vertex -13.011835001409054 16.601700000464916 0
    endloop
  endfacet
  facet normal 0 0 -1
    outer loop
      vertex -9.331644997000694 16.601700000464916 0
      vertex -8.004009999334812 16.601700000464916 0
      vertex -7.107280001044273 10.450110003352165 0
    endloop
  endfacet
  facet normal 0 0 -1
    outer loop
      vertex -9.331644997000694 16.601700000464916 0
      vertex -7.107280001044273 10.450110003352165 0
      vertex -7.9663433358073235 10.146986663341522 0
    endloop
  endfacet
  facet normal 0 0 -1
    outer loop
      vertex -30.400000000000002 24.75 0
      vertex 5.155249997973442 20.901359997689724 0
      vertex 2.716760002076626 20.932374998927116 0
    endloop
  endfacet
  facet normal 0 0 -1
    outer loop
      vertex -8.67230500280857 20.901359997689724 0
      vertex -6.270700000226498 20.901359997689724 0
      vertex -6.652165003120899 19.802775003015995 0
    endloop
  endfacet
  facet normal 0 0 -1
    outer loop
      vertex -6.853584997355938 19.12534499913454 0
      vertex -7.277754999697208 17.889464996755123 0
      vertex -7.940947502851486 18.692528747022152 0
    endloop
  endfacet
  facet normal 0 0 -1
    outer loop
      vertex -4.219824999570847 17.297444999217987 0
      vertex -5.3796550035476685 20.901359997689724 0
      vertex -4.219824999570847 20.901359997689724 0
    endloop
  endfacet
  facet normal 0 0 -1
    outer loop
      vertex -3.319600000977516 20.901359997689724 0
      vertex -1.4426499977707863 20.901359997689724 0
      vertex -1.4426499977707863 16.601700000464916 0
    endloop
  endfacet
  facet normal 0 0 -1
    outer loop
      vertex 0.1959950029850006 19.37439499795437 0
      vertex -0.5424249991774559 20.901359997689724 0
      vertex 0.27588874846696854 19.659000001847744 0
    endloop
  endfacet
  facet normal 0 0 -1
    outer loop
      vertex -0.5424249991774559 20.901359997689724 0
      vertex 0.1959950029850006 19.37439499795437 0
      vertex 0.14805874973535538 19.06528999656439 0
    endloop
  endfacet
  facet normal 0 0 -1
    outer loop
      vertex -0.5424249991774559 20.901359997689724 0
      vertex 0.14805874973535538 19.06528999656439 0
      vertex 0.13208000361919403 18.731684997677803 0
    endloop
  endfacet
  facet normal 0 0 -1
    outer loop
      vertex -0.5424249991774559 20.901359997689724 0
      vertex 0.13208000361919403 18.731684997677803 0
      vertex 0.14801625162363052 18.399494998157024 0
    endloop
  endfacet
  facet normal 0 0 -1
    outer loop
      vertex -0.5424249991774559 20.901359997689724 0
      vertex 0.14801625162363052 18.399494998157024 0
      vertex 0.1958250030875206 18.09256500005722 0
    endloop
  endfacet
  facet normal 0 0 -1
    outer loop
      vertex -7.641884997487068 17.81520500034094 0
      vertex -7.717157498002052 18.03745874762535 0
      vertex -7.277754999697208 17.889464996755123 0
    endloop
  endfacet
  facet normal 0 0 -1
    outer loop
      vertex -7.591027498245239 17.66313874721527 0
      vertex -7.641884997487068 17.81520500034094 0
      vertex -7.408930003643036 17.474474996328354 0
    endloop
  endfacet
  facet normal 0 0 -1
    outer loop
      vertex -7.641884997487068 17.81520500034094 0
      vertex -7.277754999697208 17.889464996755123 0
      vertex -7.408930003643036 17.474474996328354 0
    endloop
  endfacet
  facet normal 0 0 -1
    outer loop
      vertex -7.5645850002765656 17.58126000314951 0
      vertex -7.591027498245239 17.66313874721527 0
      vertex -7.408930003643036 17.474474996328354 0
    endloop
  endfacet
  facet normal 0 0 -1
    outer loop
      vertex -7.550687499344349 17.5353212505579 0
      vertex -7.5645850002765656 17.58126000314951 0
      vertex -7.408930003643036 17.474474996328354 0
    endloop
  endfacet
  facet normal 0 0 -1
    outer loop
      vertex -7.537464998662472 17.49107500165701 0
      vertex -7.550687499344349 17.5353212505579 0
      vertex -7.408930003643036 17.474474996328354 0
    endloop
  endfacet
  facet normal 0 0 -1
    outer loop
      vertex -7.524917498230934 17.448521248996258 0
      vertex -7.537464998662472 17.49107500165701 0
      vertex -7.408930003643036 17.474474996328354 0
    endloop
  endfacet
  facet normal 0 0 -1
    outer loop
      vertex -7.513044998049736 17.407660000026226 0
      vertex -7.524917498230934 17.448521248996258 0
      vertex -7.408930003643036 17.474474996328354 0
    endloop
  endfacet
  facet normal 0 0 -1
    outer loop
      vertex -7.501847498118877 17.368491247296333 0
      vertex -7.513044998049736 17.407660000026226 0
      vertex -7.408930003643036 17.474474996328354 0
    endloop
  endfacet
  facet normal 0 0 -1
    outer loop
      vertex -7.491324998438358 17.33101499825716 0
      vertex -7.501847498118877 17.368491247296333 0
      vertex -7.408930003643036 17.474474996328354 0
    endloop
  endfacet
  facet normal 0 0 -1
    outer loop
      vertex -7.473054997622967 17.263875000178814 0
      vertex -7.491324998438358 17.33101499825716 0
      vertex -7.408930003643036 17.474474996328354 0
    endloop
  endfacet
  facet normal 0 0 -1
    outer loop
      vertex -5.3796550035476685 20.901359997689724 0
      vertex -5.608254998922348 17.297444999217987 0
      vertex -6.9420550018548965 16.601700000464916 0
    endloop
  endfacet
  facet normal 0 0 -1
    outer loop
      vertex -5.608254998922348 16.601700000464916 0
      vertex -6.9420550018548965 16.601700000464916 0
      vertex -5.608254998922348 17.297444999217987 0
    endloop
  endfacet
  facet normal 0 0 -1
    outer loop
      vertex -5.3796550035476685 20.901359997689724 0
      vertex -4.219824999570847 17.297444999217987 0
      vertex -5.608254998922348 17.297444999217987 0
    endloop
  endfacet
  facet normal 0 0 -1
    outer loop
      vertex -6.9420550018548965 16.601700000464916 0
      vertex -7.107280001044273 10.450110003352165 0
      vertex -8.004009999334812 16.601700000464916 0
    endloop
  endfacet
  facet normal 0 0 -1
    outer loop
      vertex -6.9420550018548965 16.601700000464916 0
      vertex -5.608254998922348 16.601700000464916 0
      vertex -6.17114333063364 10.666626669466496 0
    endloop
  endfacet
  facet normal 0 0 -1
    outer loop
      vertex -6.9420550018548965 16.601700000464916 0
      vertex -6.17114333063364 10.666626669466496 0
      vertex -7.107280001044273 10.450110003352165 0
    endloop
  endfacet
  facet normal 0 0 -1
    outer loop
      vertex -1.928065001964569 16.601700000464916 0
      vertex -4.067649997770786 10.83984000235796 0
      vertex -5.608254998922348 16.601700000464916 0
    endloop
  endfacet
  facet normal 0 0 -1
    outer loop
      vertex -5.608254998922348 16.601700000464916 0
      vertex -5.157933332026005 10.796536669135094 0
      vertex -6.17114333063364 10.666626669466496 0
    endloop
  endfacet
  facet normal 0 0 -1
    outer loop
      vertex -5.608254998922348 16.601700000464916 0
      vertex -4.067649997770786 10.83984000235796 0
      vertex -5.157933332026005 10.796536669135094 0
    endloop
  endfacet
  facet normal 0 0 -1
    outer loop
      vertex -3.319600000977516 20.901359997689724 0
      vertex -1.928065001964569 17.297444999217987 0
      vertex -3.319600000977516 17.297444999217987 0
    endloop
  endfacet
  facet normal 0 0 -1
    outer loop
      vertex -3.319600000977516 20.901359997689724 0
      vertex -1.4426499977707863 16.601700000464916 0
      vertex -1.928065001964569 17.297444999217987 0
    endloop
  endfacet
  facet normal 0 0 -1
    outer loop
      vertex -0.5424249991774559 20.901359997689724 0
      vertex 0.1958250030875206 18.09256500005722 0
      vertex -0.5424249991774559 16.601700000464916 0
    endloop
  endfacet
  facet normal 0 0 -1
    outer loop
      vertex 0.27550625056028366 17.81089500337839 0
      vertex -0.5424249991774559 16.601700000464916 0
      vertex 0.1958250030875206 18.09256500005722 0
    endloop
  endfacet
  facet normal 0 0 -1
    outer loop
      vertex -1.928065001964569 17.297444999217987 0
      vertex -1.4426499977707863 16.601700000464916 0
      vertex -1.928065001964569 16.601700000464916 0
    endloop
  endfacet
  facet normal 0 0 -1
    outer loop
      vertex -1.928065001964569 16.601700000464916 0
      vertex -1.4426499977707863 16.601700000464916 0
      vertex -2.9197388887405396 10.795082218945026 0
    endloop
  endfacet
  facet normal 0 0 -1
    outer loop
      vertex -1.928065001964569 16.601700000464916 0
      vertex -2.9197388887405396 10.795082218945026 0
      vertex -4.067649997770786 10.83984000235796 0
    endloop
  endfacet
  facet normal 0 0 -1
    outer loop
      vertex -0.5424249991774559 16.601700000464916 0
      vertex -2.9197388887405396 10.795082218945026 0
      vertex -1.4426499977707863 16.601700000464916 0
    endloop
  endfacet
  facet normal 0 0 -1
    outer loop
      vertex -0.5424249991774559 16.601700000464916 0
      vertex 1.670084998011589 16.602044999599457 0
      vertex -2.9197388887405396 10.795082218945026 0
    endloop
  endfacet
  facet normal 0 0 -1
    outer loop
      vertex -13.011835001409054 16.601700000464916 0
      vertex -10.602016665041447 8.088177777826786 0
      vertex -11.038405001163483 7.376819998025894 0
    endloop
  endfacet
  facet normal 0 0 -1
    outer loop
      vertex -13.011835001409054 16.601700000464916 0
      vertex -11.038405001163483 7.376819998025894 0
      vertex -11.382796667516232 6.588804446160793 0
    endloop
  endfacet
  facet normal 0 0 -1
    outer loop
      vertex -13.011835001409054 16.601700000464916 0
      vertex -11.382796667516232 6.588804446160793 0
      vertex -11.635191664099693 5.724131114780903 0
    endloop
  endfacet
  facet normal 0 0 -1
    outer loop
      vertex -16.4313850030303 16.847355000674725 0
      vertex -11.635191664099693 5.724131114780903 0
      vertex -11.795589998364449 4.782799996435642 0
    endloop
  endfacet
  facet normal 0 0 -1
    outer loop
      vertex -13.011835001409054 16.601700000464916 0
      vertex -10.073631666600704 8.722877778112888 0
      vertex -10.602016665041447 8.088177777826786 0
    endloop
  endfacet
  facet normal 0 0 -1
    outer loop
      vertex -13.011835001409054 16.601700000464916 0
      vertex -9.453249998390675 9.280919998884201 0
      vertex -10.073631666600704 8.722877778112888 0
    endloop
  endfacet
  facet normal 0 0 -1
    outer loop
      vertex -13.011835001409054 16.601700000464916 0
      vertex -8.74833333492279 9.757256664335728 0
      vertex -9.453249998390675 9.280919998884201 0
    endloop
  endfacet
  facet normal 0 0 -1
    outer loop
      vertex -9.331644997000694 16.601700000464916 0
      vertex -7.9663433358073235 10.146986663341522 0
      vertex -8.74833333492279 9.757256664335728 0
    endloop
  endfacet
  facet normal 0 0 1
    outer loop
      vertex -26.400000000000002 20.75 2.2
      vertex -22.324429495415053 16.618033988749893 2.2
      vertex 25.48686868686869 -20.75 2.2
    endloop
  endfacet
  facet normal 0 0 -1
    outer loop
      vertex -7.528690002858639 4.409680001437664 0
      vertex -11.437430001795292 -5.0487800016999245 0
      vertex -11.795589998364449 4.782799996435642 0
    endloop
  endfacet
  facet normal 0 0 -1
    outer loop
      vertex -7.528690002858639 4.409680001437664 0
      vertex -6.395029999315739 1.5155799984931946 0
      vertex -11.437430001795292 -5.0487800016999245 0
    endloop
  endfacet
  facet normal 0 0 -1
    outer loop
      vertex -6.465760000050068 6.681069999933243 0
      vertex -5.818067774176598 7.101697780191898 0
      vertex -5.023684442043304 7.354074440896511 0
    endloop
  endfacet
  facet normal 0 0 -1
    outer loop
      vertex -6.966761112213135 6.092191107571125 0
      vertex -5.023684442043304 7.354074440896511 0
      vertex -7.321071110665798 5.335061110556126 0
    endloop
  endfacet
  facet normal 0 0 -1
    outer loop
      vertex -6.465760000050068 6.681069999933243 0
      vertex -5.023684442043304 7.354074440896511 0
      vertex -6.966761112213135 6.092191107571125 0
    endloop
  endfacet
  facet normal 0 0 -1
    outer loop
      vertex -4.0826100036501884 7.438199996948242 0
      vertex -7.321071110665798 5.335061110556126 0
      vertex -5.023684442043304 7.354074440896511 0
    endloop
  endfacet
  facet normal 0 0 -1
    outer loop
      vertex -3.599001109600067 7.417483329772949 0
      vertex -7.528690002858639 4.409680001437664 0
      vertex -4.0826100036501884 7.438199996948242 0
    endloop
  endfacet
  facet normal 0 0 -1
    outer loop
      vertex -3.1526944413781166 7.355333335697651 0
      vertex -7.528690002858639 4.409680001437664 0
      vertex -3.599001109600067 7.417483329772949 0
    endloop
  endfacet
  facet normal 0 0 -1
    outer loop
      vertex -2.743689998984337 7.251749999821186 0
      vertex -7.528690002858639 4.409680001437664 0
      vertex -3.1526944413781166 7.355333335697651 0
    endloop
  endfacet
  facet normal 0 0 -1
    outer loop
      vertex -2.3719877749681473 7.106733337044716 0
      vertex -7.528690002858639 4.409680001437664 0
      vertex -2.743689998984337 7.251749999821186 0
    endloop
  endfacet
  facet normal 0 0 1
    outer loop
      vertex -22.324429495415053 16.618033988749893 2.2
      vertex -22.085786437626904 16.414213562373096 2.2
      vertex 25.48686868686869 -20.75 2.2
    endloop
  endfacet
  facet normal 0 0 1
    outer loop
      vertex -22.085786437626904 16.414213562373096 2.2
      vertex -21.881966011250107 16.175570504584947 2.2
      vertex 25.48686868686869 -20.75 2.2
    endloop
  endfacet
  facet normal 0 0 1
    outer loop
      vertex -21.881966011250107 16.175570504584947 2.2
      vertex -21.717986951623264 15.907980999479093 2.2
      vertex 25.48686868686869 -20.75 2.2
    endloop
  endfacet
  facet normal 0 0 1
    outer loop
      vertex -21.717986951623264 15.907980999479093 2.2
      vertex -21.597886967409693 15.618033988749895 2.2
      vertex 25.48686868686869 -20.75 2.2
    endloop
  endfacet
  facet normal 0 0 1
    outer loop
      vertex -21.597886967409693 15.618033988749895 2.2
      vertex -21.524623318809724 15.312868930080462 2.2
      vertex 25.48686868686869 -20.75 2.2
    endloop
  endfacet
  facet normal 0 0 1
    outer loop
      vertex -21.524623318809724 15.312868930080462 2.2
      vertex -21.5 15 2.2
      vertex 25.48686868686869 -20.75 2.2
    endloop
  endfacet
  facet normal 0 0 -1
    outer loop
      vertex -4.0826100036501884 7.438199996948242 0
      vertex -7.528690002858639 4.409680001437664 0
      vertex -7.321071110665798 5.335061110556126 0
    endloop
  endfacet
  facet normal 0 0 -1
    outer loop
      vertex -2.0375877767801285 6.920283332467079 0
      vertex -7.528690002858639 4.409680001437664 0
      vertex -2.3719877749681473 7.106733337044716 0
    endloop
  endfacet
  facet normal 0 0 1
    outer loop
      vertex -21.5 15 2.2
      vertex -21.524623318809724 14.687131069919538 2.2
      vertex 25.48686868686869 -20.75 2.2
    endloop
  endfacet
  facet normal 0 0 1
    outer loop
      vertex -21.524623318809724 14.687131069919538 2.2
      vertex -21.597886967409693 14.381966011250105 2.2
      vertex 25.48686868686869 -20.75 2.2
    endloop
  endfacet
  facet normal 0 0 1
    outer loop
      vertex -21.597886967409693 14.381966011250105 2.2
      vertex -21.717986951623264 14.092019000520907 2.2
      vertex 25.48686868686869 -20.75 2.2
    endloop
  endfacet
  facet normal 0 0 1
    outer loop
      vertex -21.717986951623264 14.092019000520907 2.2
      vertex -21.881966011250107 13.824429495415053 2.2
      vertex 25.48686868686869 -20.75 2.2
    endloop
  endfacet
  facet normal 0 0 1
    outer loop
      vertex -21.881966011250107 13.824429495415053 2.2
      vertex -22.085786437626904 13.585786437626904 2.2
      vertex 25.48686868686869 -20.75 2.2
    endloop
  endfacet
  facet normal 0 0 -1
    outer loop
      vertex -6.395029999315739 1.5155799984931946 0
      vertex -7.528690002858639 4.409680001437664 0
      vertex -4.93291000276804 1.5155799984931946 0
    endloop
  endfacet
  facet normal 0 0 -1
    outer loop
      vertex -4.93291000276804 1.5155799984931946 0
      vertex -7.528690002858639 4.409680001437664 0
      vertex -4.293883331120014 1.536302775144577 0
    endloop
  endfacet
  facet normal 0 0 -1
    outer loop
      vertex -4.293883331120014 1.536302775144577 0
      vertex -7.528690002858639 4.409680001437664 0
      vertex -3.7095633298158646 1.598471112549305 0
    endloop
  endfacet
  facet normal 0 0 -1
    outer loop
      vertex -3.7095633298158646 1.598471112549305 0
      vertex -7.528690002858639 4.409680001437664 0
      vertex -3.179949998855591 1.7020850032567978 0
    endloop
  endfacet
  facet normal 0 0 -1
    outer loop
      vertex -3.179949998855591 1.7020850032567978 0
      vertex -7.528690002858639 4.409680001437664 0
      vertex -2.7050433307886124 1.8471444472670555 0
    endloop
  endfacet
  facet normal 0 0 -1
    outer loop
      vertex -2.7050433307886124 1.8471444472670555 0
      vertex -7.528690002858639 4.409680001437664 0
      vertex -2.28484333306551 2.033649444580078 0
    endloop
  endfacet
  facet normal 0 0 -1
    outer loop
      vertex -2.28484333306551 2.033649444580078 0
      vertex -7.528690002858639 4.409680001437664 0
      vertex -1.9193499982357025 2.2616000026464462 0
    endloop
  endfacet
  facet normal 0 0 1
    outer loop
      vertex -26.400000000000002 20.75 2.2
      vertex 13.036934978214587 -3.5306966048793074 2.2
      vertex 13.146830451114539 -3.0729490168751576 2.2
    endloop
  endfacet
  facet normal 0 0 1
    outer loop
      vertex -26.400000000000002 20.75 2.2
      vertex 13 -4 2.2
      vertex 13.036934978214587 -3.5306966048793074 2.2
    endloop
  endfacet
  facet normal 0 0 1
    outer loop
      vertex -26.400000000000002 20.75 2.2
      vertex 13.036934978214587 -4.469303395120693 2.2
      vertex 13 -4 2.2
    endloop
  endfacet
  facet normal 0 0 1
    outer loop
      vertex -26.400000000000002 20.75 2.2
      vertex 13.146830451114539 -4.927050983124842 2.2
      vertex 13.036934978214587 -4.469303395120693 2.2
    endloop
  endfacet
  facet normal 0 0 -1
    outer loop
      vertex -1.7404899969696999 6.692400000989437 0
      vertex -7.528690002858639 4.409680001437664 0
      vertex -2.0375877767801285 6.920283332467079 0
    endloop
  endfacet
  facet normal 0 0 -1
    outer loop
      vertex -1.4851799979805946 6.421763330698013 0
      vertex -7.528690002858639 4.409680001437664 0
      vertex -1.7404899969696999 6.692400000989437 0
    endloop
  endfacet
  facet normal 0 0 -1
    outer loop
      vertex -1.2762899994850159 6.107199996709824 0
      vertex -7.528690002858639 4.409680001437664 0
      vertex -1.4851799979805946 6.421763330698013 0
    endloop
  endfacet
  facet normal 0 0 -1
    outer loop
      vertex -1.1138200014829636 5.748709999024868 0
      vertex -7.528690002858639 4.409680001437664 0
      vertex -1.2762899994850159 6.107199996709824 0
    endloop
  endfacet
  facet normal 0 0 -1
    outer loop
      vertex -0.9977699965238571 5.346293330192566 0
      vertex -7.528690002858639 4.409680001437664 0
      vertex -1.1138200014829636 5.748709999024868 0
    endloop
  endfacet
  facet normal 0 0 -1
    outer loop
      vertex -0.9977699965238571 5.346293330192566 0
      vertex -0.9281399995088577 4.899949997663498 0
      vertex -7.528690002858639 4.409680001437664 0
    endloop
  endfacet
  facet normal 0 0 -1
    outer loop
      vertex -0.9049300029873848 4.409680001437664 0
      vertex -7.528690002858639 4.409680001437664 0
      vertex -0.9281399995088577 4.899949997663498 0
    endloop
  endfacet
  facet normal 0 0 -1
    outer loop
      vertex -0.9331083297729492 3.960488885641098 0
      vertex -7.528690002858639 4.409680001437664 0
      vertex -0.9049300029873848 4.409680001437664 0
    endloop
  endfacet
  facet normal 0 0 -1
    outer loop
      vertex -1.0176433324813843 3.5477688908576965 0
      vertex -7.528690002858639 4.409680001437664 0
      vertex -0.9331083297729492 3.960488885641098 0
    endloop
  endfacet
  facet normal 0 0 -1
    outer loop
      vertex -1.355783335864544 2.8317422196269035 0
      vertex -7.528690002858639 4.409680001437664 0
      vertex -1.1585350036621094 3.1715200021862984 0
    endloop
  endfacet
  facet normal 0 0 -1
    outer loop
      vertex -1.6093883365392685 2.528435558080673 0
      vertex -7.528690002858639 4.409680001437664 0
      vertex -1.355783335864544 2.8317422196269035 0
    endloop
  endfacet
  facet normal 0 0 -1
    outer loop
      vertex -1.1585350036621094 3.1715200021862984 0
      vertex -7.528690002858639 4.409680001437664 0
      vertex -1.0176433324813843 3.5477688908576965 0
    endloop
  endfacet
  facet normal 0 0 -1
    outer loop
      vertex -1.9193499982357025 2.2616000026464462 0
      vertex -7.528690002858639 4.409680001437664 0
      vertex -1.6093883365392685 2.528435558080673 0
    endloop
  endfacet
  facet normal 0 0 -1
    outer loop
      vertex -30.400000000000002 24.75 0
      vertex -11.437430001795292 -5.0487800016999245 0
      vertex -30.400000000000002 -24.75 0
    endloop
  endfacet
  facet normal 0 0 1
    outer loop
      vertex -24.914213562373096 13.585786437626904 2.2
      vertex -25.118033988749893 -13.824429495415053 2.2
      vertex -24.914213562373096 -13.585786437626904 2.2
    endloop
  endfacet
  facet normal 0 0 1
    outer loop
      vertex -24.675570504584947 13.381966011250105 2.2
      vertex -24.914213562373096 -13.585786437626904 2.2
      vertex -24.675570504584947 -13.381966011250105 2.2
    endloop
  endfacet
  facet normal 0 0 1
    outer loop
      vertex -25.402113032590307 14.381966011250105 2.2
      vertex -25.475376681190276 -14.687131069919538 2.2
      vertex -25.402113032590307 -14.381966011250105 2.2
    endloop
  endfacet
  facet normal 0 0 1
    outer loop
      vertex -25.475376681190276 14.687131069919538 2.2
      vertex -25.5 -15 2.2
      vertex -25.475376681190276 -14.687131069919538 2.2
    endloop
  endfacet
  facet normal 0 0 1
    outer loop
      vertex -25.282013048376736 14.092019000520907 2.2
      vertex -25.402113032590307 -14.381966011250105 2.2
      vertex -25.282013048376736 -14.092019000520907 2.2
    endloop
  endfacet
  facet normal 0 0 1
    outer loop
      vertex -25.118033988749893 13.824429495415053 2.2
      vertex -25.282013048376736 -14.092019000520907 2.2
      vertex -25.118033988749893 -13.824429495415053 2.2
    endloop
  endfacet
  facet normal 0 0 1
    outer loop
      vertex -24.407980999479093 13.217986951623264 2.2
      vertex -24.675570504584947 -13.381966011250105 2.2
      vertex -24.407980999479093 -13.217986951623264 2.2
    endloop
  endfacet
  facet normal 0 0 1
    outer loop
      vertex -24.118033988749893 13.097886967409693 2.2
      vertex -24.407980999479093 -13.217986951623264 2.2
      vertex -24.118033988749893 -13.097886967409693 2.2
    endloop
  endfacet
  facet normal 0 0 1
    outer loop
      vertex -23.812868930080462 13.024623318809724 2.2
      vertex -24.118033988749893 -13.097886967409693 2.2
      vertex -23.812868930080462 -13.024623318809724 2.2
    endloop
  endfacet
  facet normal 0 0 1
    outer loop
      vertex -23.5 13 2.2
      vertex -23.812868930080462 -13.024623318809724 2.2
      vertex -23.5 -13 2.2
    endloop
  endfacet
  facet normal 0 0 1
    outer loop
      vertex -23.187131069919538 13.024623318809724 2.2
      vertex -23.5 -13 2.2
      vertex -23.187131069919538 -13.024623318809724 2.2
    endloop
  endfacet
  facet normal 0 0 1
    outer loop
      vertex -22.881966011250107 13.097886967409693 2.2
      vertex -23.187131069919538 -13.024623318809724 2.2
      vertex -22.881966011250107 -13.097886967409693 2.2
    endloop
  endfacet
  facet normal 0 0 1
    outer loop
      vertex -28.000000000000004 22.35 2.2
      vertex -30.400000000000002 -24.75 2.2
      vertex -28.000000000000004 -22.35 2.2
    endloop
  endfacet
  facet normal -1 0 0
    outer loop
      vertex -30.400000000000002 24.75 2.2
      vertex -30.400000000000002 -24.75 0
      vertex -30.400000000000002 -24.75 2.2
    endloop
  endfacet
  facet normal 0 0 1
    outer loop
      vertex -25.5 15 2.2
      vertex -26.400000000000002 -20.75 2.2
      vertex -25.5 -15 2.2
    endloop
  endfacet
  facet normal 0 0 1
    outer loop
      vertex -22.592019000520907 13.217986951623264 2.2
      vertex -22.881966011250107 -13.097886967409693 2.2
      vertex -22.592019000520907 -13.217986951623264 2.2
    endloop
  endfacet
  facet normal 0 0 1
    outer loop
      vertex -22.324429495415053 13.381966011250105 2.2
      vertex -22.592019000520907 -13.217986951623264 2.2
      vertex -22.324429495415053 -13.381966011250105 2.2
    endloop
  endfacet
  facet normal 0 0 1
    outer loop
      vertex -22.085786437626904 13.585786437626904 2.2
      vertex -22.324429495415053 -13.381966011250105 2.2
      vertex -22.085786437626904 -13.585786437626904 2.2
    endloop
  endfacet
  facet normal 0 0 -1
    outer loop
      vertex -30.400000000000002 -24.75 0
      vertex -11.437430001795292 -5.0487800016999245 0
      vertex -11.28368055820465 -5.921116665005684 0
    endloop
  endfacet
  facet normal 0 0 1
    outer loop
      vertex -25.5 -15 2.2
      vertex -26.400000000000002 -20.75 2.2
      vertex -25.475376681190276 -15.312868930080462 2.2
    endloop
  endfacet
  facet normal 0 0 1
    outer loop
      vertex -25.475376681190276 -15.312868930080462 2.2
      vertex -26.400000000000002 -20.75 2.2
      vertex -25.402113032590307 -15.618033988749895 2.2
    endloop
  endfacet
  facet normal 0 0 1
    outer loop
      vertex -25.402113032590307 -15.618033988749895 2.2
      vertex -26.400000000000002 -20.75 2.2
      vertex -25.282013048376736 -15.907980999479093 2.2
    endloop
  endfacet
  facet normal 0 0 1
    outer loop
      vertex -25.282013048376736 -15.907980999479093 2.2
      vertex -26.400000000000002 -20.75 2.2
      vertex -25.118033988749893 -16.175570504584947 2.2
    endloop
  endfacet
  facet normal 0 0 1
    outer loop
      vertex -25.118033988749893 -16.175570504584947 2.2
      vertex -26.400000000000002 -20.75 2.2
      vertex -24.914213562373096 -16.414213562373096 2.2
    endloop
  endfacet
  facet normal 0 0 1
    outer loop
      vertex -24.914213562373096 -16.414213562373096 2.2
      vertex -26.400000000000002 -20.75 2.2
      vertex -24.675570504584947 -16.618033988749893 2.2
    endloop
  endfacet
  facet normal 0 0 1
    outer loop
      vertex -24.675570504584947 -16.618033988749893 2.2
      vertex -26.400000000000002 -20.75 2.2
      vertex -24.407980999479093 -16.782013048376736 2.2
    endloop
  endfacet
  facet normal 0 0 1
    outer loop
      vertex -24.407980999479093 -16.782013048376736 2.2
      vertex -26.400000000000002 -20.75 2.2
      vertex -24.118033988749893 -16.902113032590307 2.2
    endloop
  endfacet
  facet normal 0 0 1
    outer loop
      vertex -24.118033988749893 -16.902113032590307 2.2
      vertex -26.400000000000002 -20.75 2.2
      vertex -23.812868930080462 -16.975376681190276 2.2
    endloop
  endfacet
  facet normal 0 0 1
    outer loop
      vertex -23.812868930080462 -16.975376681190276 2.2
      vertex -26.400000000000002 -20.75 2.2
      vertex -23.5 -17 2.2
    endloop
  endfacet
  facet normal 0 0 -1
    outer loop
      vertex -30.400000000000002 -24.75 0
      vertex -11.28368055820465 -5.921116665005684 0
      vertex -11.04125888645649 -6.727966666221619 0
    endloop
  endfacet
  facet normal 0 0 -1
    outer loop
      vertex -30.400000000000002 -24.75 0
      vertex -11.04125888645649 -6.727966666221619 0
      vertex -10.71016500145197 -7.469329997897148 0
    endloop
  endfacet
  facet normal 0 0 -1
    outer loop
      vertex -30.400000000000002 -24.75 0
      vertex -10.71016500145197 -7.469329997897148 0
      vertex -10.290398888289928 -8.145206667482853 0
    endloop
  endfacet
  facet normal 0 0 -1
    outer loop
      vertex -30.400000000000002 -24.75 0
      vertex -10.290398888289928 -8.145206667482853 0
      vertex -9.781960554420948 -8.755596667528152 0
    endloop
  endfacet
  facet normal 0 0 -1
    outer loop
      vertex -30.400000000000002 -24.75 0
      vertex -9.781960554420948 -8.755596667528152 0
      vertex -9.184849999845028 -9.300499998033047 0
    endloop
  endfacet
  facet normal 0 0 -1
    outer loop
      vertex -30.400000000000002 -24.75 0
      vertex -9.184849999845028 -9.300499998033047 0
      vertex -8.51059278100729 -9.770047225058079 0
    endloop
  endfacet
  facet normal 0 0 -1
    outer loop
      vertex -30.400000000000002 -24.75 0
      vertex -8.51059278100729 -9.770047225058079 0
      vertex -7.7708611115813255 -10.154222220182419 0
    endloop
  endfacet
  facet normal 0 0 -1
    outer loop
      vertex -11.437430001795292 -5.0487800016999245 0
      vertex -6.395029999315739 1.5155799984931946 0
      vertex -6.395029999315739 -1.8711000010371208 0
    endloop
  endfacet
  facet normal 0 0 -1
    outer loop
      vertex -7.24532999843359 -4.750239998102188 0
      vertex -11.437430001795292 -5.0487800016999245 0
      vertex -6.395029999315739 -1.8711000010371208 0
    endloop
  endfacet
  facet normal 0 0 -1
    outer loop
      vertex -5.022450000047684 -1.8711000010371208 0
      vertex -7.24532999843359 -4.750239998102188 0
      vertex -6.395029999315739 -1.8711000010371208 0
    endloop
  endfacet
  facet normal 0 0 -1
    outer loop
      vertex -4.445610001683235 -1.8916088864207268 0
      vertex -7.186663337051868 -5.171313889324665 0
      vertex -5.022450000047684 -1.8711000010371208 0
    endloop
  endfacet
  facet normal 0 0 -1
    outer loop
      vertex -5.022450000047684 -1.8711000010371208 0
      vertex -7.186663337051868 -5.171313889324665 0
      vertex -7.24532999843359 -4.750239998102188 0
    endloop
  endfacet
  facet normal 0 0 -1
    outer loop
      vertex -4.445610001683235 -1.8916088864207268 0
      vertex -7.090303331613541 -5.559228889644146 0
      vertex -7.186663337051868 -5.171313889324665 0
    endloop
  endfacet
  facet normal 0 0 -1
    outer loop
      vertex -3.9184900000691414 -1.9531355574727058 0
      vertex -7.090303331613541 -5.559228889644146 0
      vertex -4.445610001683235 -1.8916088864207268 0
    endloop
  endfacet
  facet normal 0 0 -1
    outer loop
      vertex -3.441090002655983 -2.055679999291897 0
      vertex -7.090303331613541 -5.559228889644146 0
      vertex -3.9184900000691414 -1.9531355574727058 0
    endloop
  endfacet
  facet normal 0 0 -1
    outer loop
      vertex -2.6354499980807304 -2.383822225034237 0
      vertex -6.956249997019768 -5.913984999060631 0
      vertex -7.090303331613541 -5.559228889644146 0
    endloop
  endfacet
  facet normal 0 0 -1
    outer loop
      vertex -3.0134100019931793 -2.1992422193288803 0
      vertex -7.090303331613541 -5.559228889644146 0
      vertex -3.441090002655983 -2.055679999291897 0
    endloop
  endfacet
  facet normal 0 0 -1
    outer loop
      vertex -2.6354499980807304 -2.383822225034237 0
      vertex -7.090303331613541 -5.559228889644146 0
      vertex -3.0134100019931793 -2.1992422193288803 0
    endloop
  endfacet
  facet normal 0 0 -1
    outer loop
      vertex -2.6354499980807304 -2.383822225034237 0
      vertex -6.78450333327055 -6.2355822250247 0
      vertex -6.956249997019768 -5.913984999060631 0
    endloop
  endfacet
  facet normal 0 0 -1
    outer loop
      vertex -2.6354499980807304 -2.383822225034237 0
      vertex -6.575063332915306 -6.524020552635193 0
      vertex -6.78450333327055 -6.2355822250247 0
    endloop
  endfacet
  facet normal 0 0 -1
    outer loop
      vertex -2.6354499980807304 -2.383822225034237 0
      vertex -6.327930003404617 -6.77929999679327 0
      vertex -6.575063332915306 -6.524020552635193 0
    endloop
  endfacet
  facet normal 0 0 -1
    outer loop
      vertex -2.6354499980807304 -2.383822225034237 0
      vertex -6.047992222011089 -6.998108334839344 0
      vertex -6.327930003404617 -6.77929999679327 0
    endloop
  endfacet
  facet normal 0 0 -1
    outer loop
      vertex -2.6354499980807304 -2.383822225034237 0
      vertex -5.74028555303812 -7.177133336663246 0
      vertex -6.047992222011089 -6.998108334839344 0
    endloop
  endfacet
  facet normal 0 0 -1
    outer loop
      vertex -2.6354499980807304 -2.383822225034237 0
      vertex -5.40480999648571 -7.3163750022649765 0
      vertex -5.74028555303812 -7.177133336663246 0
    endloop
  endfacet
  facet normal 0 0 -1
    outer loop
      vertex -2.6354499980807304 -2.383822225034237 0
      vertex -5.041565552353859 -7.415833331644535 0
      vertex -5.40480999648571 -7.3163750022649765 0
    endloop
  endfacet
  facet normal 0 0 -1
    outer loop
      vertex -1.6357700005173683 -0.31943999975919724 0
      vertex -1.6357700005173683 -0.25981999933719635 0
      vertex -0.8610766679048538 -0.13690721988677979 0
    endloop
  endfacet
  facet normal 0 0 -1
    outer loop
      vertex -1.6357700005173683 -0.31943999975919724 0
      vertex -0.8610766679048538 -0.13690721988677979 0
      vertex -0.9381561130285263 -0.4823194444179535 0
    endloop
  endfacet
  facet normal 0 0 -1
    outer loop
      vertex -0.9381561130285263 -0.4823194444179535 0
      vertex -0.8610766679048538 -0.13690721988677979 0
      vertex -0.14812999963760376 0.04277777671813965 0
    endloop
  endfacet
  facet normal 0 0 -1
    outer loop
      vertex 0.5030699968338013 0.27923499792814255 0
      vertex -0.29731444269418716 -0.6924377754330635 0
      vertex -0.9381561130285263 -0.4823194444179535 0
    endloop
  endfacet
  facet normal 0 0 -1
    outer loop
      vertex -0.9381561130285263 -0.4823194444179535 0
      vertex -0.14812999963760376 0.04277777671813965 0
      vertex 0.5030699968338013 0.27923499792814255 0
    endloop
  endfacet
  facet normal 0 0 -1
    outer loop
      vertex -2.307209998369217 -2.6094200015068054 0
      vertex -5.041565552353859 -7.415833331644535 0
      vertex -2.6354499980807304 -2.383822225034237 0
    endloop
  endfacet
  facet normal 0 0 -1
    outer loop
      vertex -2.0291116684675217 -2.8732122257351875 0
      vertex -5.041565552353859 -7.415833331644535 0
      vertex -2.307209998369217 -2.6094200015068054 0
    endloop
  endfacet
  facet normal 0 0 -1
    outer loop
      vertex -5.041565552353859 -7.415833331644535 0
      vertex -2.0291116684675217 -2.8732122257351875 0
      vertex -1.801576666533947 -3.1722288876771927 0
    endloop
  endfacet
  facet normal 0 0 -1
    outer loop
      vertex -5.041565552353859 -7.415833331644535 0
      vertex -1.801576666533947 -3.1722288876771927 0
      vertex -1.6246050000190735 -3.506470002233982 0
    endloop
  endfacet
  facet normal 0 0 -1
    outer loop
      vertex -5.041565552353859 -7.415833331644535 0
      vertex -1.6246050000190735 -3.506470002233982 0
      vertex -1.4981966689229012 -3.8759355545043945 0
    endloop
  endfacet
  facet normal 0 0 -1
    outer loop
      vertex -5.041565552353859 -7.415833331644535 0
      vertex -1.4981966689229012 -3.8759355545043945 0
      vertex -1.4223516657948494 -4.280625551939011 0
    endloop
  endfacet
  facet normal 0 0 -1
    outer loop
      vertex -4.650552220642567 -7.475508332252502 0
      vertex -1.4223516657948494 -4.280625551939011 0
      vertex -1.3970699980854988 -4.720540001988411 0
    endloop
  endfacet
  facet normal 0 0 -1
    outer loop
      vertex -4.231770001351833 -7.495399996638298 0
      vertex -1.4171694442629814 -5.137598887085915 0
      vertex -1.4774677753448486 -5.523588888347149 0
    endloop
  endfacet
  facet normal 0 0 -1
    outer loop
      vertex -4.231770001351833 -7.495399996638298 0
      vertex -1.3970699980854988 -4.720540001988411 0
      vertex -1.4171694442629814 -5.137598887085915 0
    endloop
  endfacet
  facet normal 0 0 1
    outer loop
      vertex -22.085786437626904 13.585786437626904 2.2
      vertex -22.085786437626904 -13.585786437626904 2.2
      vertex 25.48686868686869 -20.75 2.2
    endloop
  endfacet
  facet normal 0 0 -1
    outer loop
      vertex -5.041565552353859 -7.415833331644535 0
      vertex -1.4223516657948494 -4.280625551939011 0
      vertex -4.650552220642567 -7.475508332252502 0
    endloop
  endfacet
  facet normal 0 0 -1
    outer loop
      vertex -4.650552220642567 -7.475508332252502 0
      vertex -1.3970699980854988 -4.720540001988411 0
      vertex -4.231770001351833 -7.495399996638298 0
    endloop
  endfacet
  facet normal 0 0 -1
    outer loop
      vertex -4.231770001351833 -7.495399996638298 0
      vertex -1.4774677753448486 -5.523588888347149 0
      vertex -3.7876999974250793 -7.474885001778603 0
    endloop
  endfacet
  facet normal 0 0 -1
    outer loop
      vertex -3.7876999974250793 -7.474885001778603 0
      vertex -1.7186611145734787 -6.202362224459648 0
      vertex -3.3805166631937027 -7.413340002298355 0
    endloop
  endfacet
  facet normal 0 0 -1
    outer loop
      vertex -3.7876999974250793 -7.474885001778603 0
      vertex -1.4774677753448486 -5.523588888347149 0
      vertex -1.577964998781681 -5.878509998321533 0
    endloop
  endfacet
  facet normal 0 0 -1
    outer loop
      vertex -3.7876999974250793 -7.474885001778603 0
      vertex -1.577964998781681 -5.878509998321533 0
      vertex -1.7186611145734787 -6.202362224459648 0
    endloop
  endfacet
  facet normal 0 0 -1
    outer loop
      vertex -1.8995561078190804 -6.4951455518603325 0
      vertex -3.3805166631937027 -7.413340002298355 0
      vertex -1.7186611145734787 -6.202362224459648 0
    endloop
  endfacet
  facet normal 0 0 -1
    outer loop
      vertex -2.120650000870228 -6.756860002875328 0
      vertex -3.0102199986577034 -7.3107649981975555 0
      vertex -1.8995561078190804 -6.4951455518603325 0
    endloop
  endfacet
  facet normal 0 0 -1
    outer loop
      vertex -3.3805166631937027 -7.413340002298355 0
      vertex -1.8995561078190804 -6.4951455518603325 0
      vertex -3.0102199986577034 -7.3107649981975555 0
    endloop
  endfacet
  facet normal 0 0 -1
    outer loop
      vertex -3.0102199986577034 -7.3107649981975555 0
      vertex -2.120650000870228 -6.756860002875328 0
      vertex -2.676809996366501 -7.1671599969267845 0
    endloop
  endfacet
  facet normal 0 0 -1
    outer loop
      vertex -2.676809996366501 -7.1671599969267845 0
      vertex -2.120650000870228 -6.756860002875328 0
      vertex -2.3802866637706757 -6.982524998486042 0
    endloop
  endfacet
  facet normal 0 0 -1
    outer loop
      vertex -30.400000000000002 -24.75 0
      vertex -7.7708611115813255 -10.154222220182419 0
      vertex -6.9656549990177155 -10.453024998307228 0
    endloop
  endfacet
  facet normal 0 0 1
    outer loop
      vertex -23.5 -17 2.2
      vertex -26.400000000000002 -20.75 2.2
      vertex 25.48686868686869 -20.75 2.2
    endloop
  endfacet
  facet normal 0 0 1
    outer loop
      vertex -30.400000000000002 -24.75 2.2
      vertex 28.000000000000004 -22.35 2.2
      vertex -28.000000000000004 -22.35 2.2
    endloop
  endfacet
  facet normal 0 -1 0
    outer loop
      vertex -30.400000000000002 -24.75 2.2
      vertex -30.400000000000002 -24.75 0
      vertex 30.400000000000002 -24.75 2.2
    endloop
  endfacet
  facet normal 0 0 1
    outer loop
      vertex -22.085786437626904 -13.585786437626904 2.2
      vertex -21.881966011250107 -13.824429495415053 2.2
      vertex 25.48686868686869 -20.75 2.2
    endloop
  endfacet
  facet normal 0 0 1
    outer loop
      vertex -21.881966011250107 -13.824429495415053 2.2
      vertex -21.717986951623264 -14.092019000520907 2.2
      vertex 25.48686868686869 -20.75 2.2
    endloop
  endfacet
  facet normal 0 0 1
    outer loop
      vertex -21.717986951623264 -14.092019000520907 2.2
      vertex -21.597886967409693 -14.381966011250105 2.2
      vertex 25.48686868686869 -20.75 2.2
    endloop
  endfacet
  facet normal 0 0 1
    outer loop
      vertex -21.597886967409693 -14.381966011250105 2.2
      vertex -21.524623318809724 -14.687131069919538 2.2
      vertex 25.48686868686869 -20.75 2.2
    endloop
  endfacet
  facet normal 0 0 1
    outer loop
      vertex -21.524623318809724 -14.687131069919538 2.2
      vertex -21.5 -15 2.2
      vertex 25.48686868686869 -20.75 2.2
    endloop
  endfacet
  facet normal 0 0 1
    outer loop
      vertex -22.881966011250107 -16.902113032590307 2.2
      vertex 25.48686868686869 -20.75 2.2
      vertex -22.592019000520907 -16.782013048376736 2.2
    endloop
  endfacet
  facet normal 0 0 1
    outer loop
      vertex -23.5 -17 2.2
      vertex 25.48686868686869 -20.75 2.2
      vertex -23.187131069919538 -16.975376681190276 2.2
    endloop
  endfacet
  facet normal 0 0 1
    outer loop
      vertex -23.187131069919538 -16.975376681190276 2.2
      vertex 25.48686868686869 -20.75 2.2
      vertex -22.881966011250107 -16.902113032590307 2.2
    endloop
  endfacet
  facet normal 0 0 1
    outer loop
      vertex -21.5 -15 2.2
      vertex -21.524623318809724 -15.312868930080462 2.2
      vertex 25.48686868686869 -20.75 2.2
    endloop
  endfacet
  facet normal 0 0 1
    outer loop
      vertex -21.524623318809724 -15.312868930080462 2.2
      vertex -21.597886967409693 -15.618033988749895 2.2
      vertex 25.48686868686869 -20.75 2.2
    endloop
  endfacet
  facet normal 0 0 1
    outer loop
      vertex -21.597886967409693 -15.618033988749895 2.2
      vertex -21.717986951623264 -15.907980999479093 2.2
      vertex 25.48686868686869 -20.75 2.2
    endloop
  endfacet
  facet normal 0 0 1
    outer loop
      vertex -21.881966011250107 -16.175570504584947 2.2
      vertex -22.085786437626904 -16.414213562373096 2.2
      vertex 25.48686868686869 -20.75 2.2
    endloop
  endfacet
  facet normal 0 0 1
    outer loop
      vertex -21.881966011250107 -16.175570504584947 2.2
      vertex 25.48686868686869 -20.75 2.2
      vertex -21.717986951623264 -15.907980999479093 2.2
    endloop
  endfacet
  facet normal 0 0 1
    outer loop
      vertex -22.592019000520907 -16.782013048376736 2.2
      vertex 25.48686868686869 -20.75 2.2
      vertex -22.324429495415053 -16.618033988749893 2.2
    endloop
  endfacet
  facet normal 0 0 1
    outer loop
      vertex -22.324429495415053 -16.618033988749893 2.2
      vertex 25.48686868686869 -20.75 2.2
      vertex -22.085786437626904 -16.414213562373096 2.2
    endloop
  endfacet
  facet normal 0 0 -1
    outer loop
      vertex -30.400000000000002 -24.75 0
      vertex -6.9656549990177155 -10.453024998307228 0
      vertex 30.400000000000002 -24.75 0
    endloop
  endfacet
  facet normal 0 0 -1
    outer loop
      vertex -30.400000000000002 24.75 0
      vertex 30.400000000000002 24.75 0
      vertex 5.155249997973442 20.901359997689724 0
    endloop
  endfacet
  facet normal 0 0 -1
    outer loop
      vertex 0.7073149979114532 20.36581499874592 0
      vertex -0.5424249991774559 20.901359997689724 0
      vertex 0.9112225025892258 20.548098750412464 0
    endloop
  endfacet
  facet normal 0 0 -1
    outer loop
      vertex 0.5315487533807755 20.15471000224352 0
      vertex -0.5424249991774559 20.901359997689724 0
      vertex 0.7073149979114532 20.36581499874592 0
    endloop
  endfacet
  facet normal 0 0 -1
    outer loop
      vertex 0.38774000108242035 19.919105000793934 0
      vertex -0.5424249991774559 20.901359997689724 0
      vertex 0.5315487533807755 20.15471000224352 0
    endloop
  endfacet
  facet normal 0 0 -1
    outer loop
      vertex 0.27588874846696854 19.659000001847744 0
      vertex -0.5424249991774559 20.901359997689724 0
      vertex 0.38774000108242035 19.919105000793934 0
    endloop
  endfacet
  facet normal 0 0 -1
    outer loop
      vertex -0.5424249991774559 20.901359997689724 0
      vertex 1.139454998075962 20.697240002453327 0
      vertex 0.9112225025892258 20.548098750412464 0
    endloop
  endfacet
  facet normal 0 0 -1
    outer loop
      vertex -0.5424249991774559 20.901359997689724 0
      vertex 1.3920124992728233 20.813238747417927 0
      vertex 1.139454998075962 20.697240002453327 0
    endloop
  endfacet
  facet normal 0 0 -1
    outer loop
      vertex -0.5424249991774559 20.901359997689724 0
      vertex 1.668894998729229 20.896095000207424 0
      vertex 1.3920124992728233 20.813238747417927 0
    endloop
  endfacet
  facet normal 0 0 -1
    outer loop
      vertex -0.5424249991774559 20.901359997689724 0
      vertex 1.970102496445179 20.94580875337124 0
      vertex 1.668894998729229 20.896095000207424 0
    endloop
  endfacet
  facet normal 0 0 -1
    outer loop
      vertex 1.047791250050068 18.95932999998331 0
      vertex 1.0758899971842766 19.170275002717972 0
      vertex 3.5559500008821487 18.731684997677803 0
    endloop
  endfacet
  facet normal 0 0 -1
    outer loop
      vertex 1.0384249985218048 18.731684997677803 0
      vertex 1.047791250050068 18.95932999998331 0
      vertex 3.546795003116131 18.508120000362396 0
    endloop
  endfacet
  facet normal 0 0 -1
    outer loop
      vertex 1.047578752040863 18.506334997713566 0
      vertex 1.0384249985218048 18.731684997677803 0
      vertex 3.546795003116131 18.508120000362396 0
    endloop
  endfacet
  facet normal 0 0 -1
    outer loop
      vertex 2.716760002076626 20.932374998927116 0
      vertex 5.155249997973442 20.901359997689724 0
      vertex 2.913586251437664 20.89486874639988 0
    endloop
  endfacet
  facet normal 0 0 -1
    outer loop
      vertex 2.913586251437664 20.89486874639988 0
      vertex 5.155249997973442 20.901359997689724 0
      vertex 3.1012549996376038 20.842359997332096 0
    endloop
  endfacet
  facet normal 0 0 -1
    outer loop
      vertex 1.6276950016617775 20.0733800008893 0
      vertex 1.7742087468504906 20.15259374678135 0
      vertex 3.5468375012278557 18.965551249682903 0
    endloop
  endfacet
  facet normal 0 0 -1
    outer loop
      vertex 1.1882850006222725 19.542065002024174 0
      vertex 1.2725812494754791 19.702909998595715 0
      vertex 3.5468375012278557 18.965551249682903 0
    endloop
  endfacet
  facet normal 0 0 -1
    outer loop
      vertex 1.2725812494754791 19.702909998595715 0
      vertex 1.375610001385212 19.84705500304699 0
      vertex 3.5468375012278557 18.965551249682903 0
    endloop
  endfacet
  facet normal 0 0 -1
    outer loop
      vertex 1.4948287531733513 19.971533752977848 0
      vertex 1.6276950016617775 20.0733800008893 0
      vertex 3.5468375012278557 18.965551249682903 0
    endloop
  endfacet
  facet normal 0 0 -1
    outer loop
      vertex 1.375610001385212 19.84705500304699 0
      vertex 1.4948287531733513 19.971533752977848 0
      vertex 3.5468375012278557 18.965551249682903 0
    endloop
  endfacet
  facet normal 0 0 -1
    outer loop
      vertex 1.7742087468504906 20.15259374678135 0
      vertex 1.9343700036406517 20.209174998104572 0
      vertex 3.5468375012278557 18.965551249682903 0
    endloop
  endfacet
  facet normal 0 0 -1
    outer loop
      vertex 1.9343700036406517 20.209174998104572 0
      vertex 2.108178749680519 20.24312374740839 0
      vertex 3.5468375012278557 18.965551249682903 0
    endloop
  endfacet
  facet normal 0 0 -1
    outer loop
      vertex 2.108178749680519 20.24312374740839 0
      vertex 2.295634999871254 20.254440002143383 0
      vertex 3.5468375012278557 18.965551249682903 0
    endloop
  endfacet
  facet normal 0 0 -1
    outer loop
      vertex 2.295634999871254 20.254440002143383 0
      vertex 2.489368751645088 20.243419997394085 0
      vertex 3.5195000022649765 19.180940002202988 0
    endloop
  endfacet
  facet normal 0 0 -1
    outer loop
      vertex 1.1227212473750114 19.364519998431206 0
      vertex 1.1882850006222725 19.542065002024174 0
      vertex 3.5468375012278557 18.965551249682903 0
    endloop
  endfacet
  facet normal 0 0 -1
    outer loop
      vertex 1.0758899971842766 19.170275002717972 0
      vertex 1.1227212473750114 19.364519998431206 0
      vertex 3.5468375012278557 18.965551249682903 0
    endloop
  endfacet
  facet normal 0 0 -1
    outer loop
      vertex 3.5468375012278557 18.965551249682903 0
      vertex 3.5559500008821487 18.731684997677803 0
      vertex 1.0758899971842766 19.170275002717972 0
    endloop
  endfacet
  facet normal 0 0 -1
    outer loop
      vertex 3.5559500008821487 18.731684997677803 0
      vertex 3.546795003116131 18.508120000362396 0
      vertex 1.047791250050068 18.95932999998331 0
    endloop
  endfacet
  facet normal 0 0 -1
    outer loop
      vertex 2.489368751645088 20.243419997394085 0
      vertex 2.6677599996328354 20.210359998047352 0
      vertex 3.4739374965429306 19.377851247787476 0
    endloop
  endfacet
  facet normal 0 0 -1
    outer loop
      vertex 2.6677599996328354 20.210359998047352 0
      vertex 2.830808751285076 20.155259996652603 0
      vertex 3.4739374965429306 19.377851247787476 0
    endloop
  endfacet
  facet normal 0 0 -1
    outer loop
      vertex 2.97851499915123 20.07812000066042 0
      vertex 3.110878750681877 19.97894000262022 0
      vertex 3.2278999984264374 19.857720002532005 0
    endloop
  endfacet
  facet normal 0 0 -1
    outer loop
      vertex 2.830808751285076 20.155259996652603 0
      vertex 2.97851499915123 20.07812000066042 0
      vertex 3.4739374965429306 19.377851247787476 0
    endloop
  endfacet
  facet normal 0 0 -1
    outer loop
      vertex 3.2278999984264374 19.857720002532005 0
      vertex 3.3281375020742416 19.716241247951984 0
      vertex 2.97851499915123 20.07812000066042 0
    endloop
  endfacet
  facet normal 0 0 -1
    outer loop
      vertex 3.3281375020742416 19.716241247951984 0
      vertex 3.410149998962879 19.55628500133753 0
      vertex 2.97851499915123 20.07812000066042 0
    endloop
  endfacet
  facet normal 0 0 -1
    outer loop
      vertex 3.4739374965429306 19.377851247787476 0
      vertex 3.5195000022649765 19.180940002202988 0
      vertex 2.489368751645088 20.243419997394085 0
    endloop
  endfacet
  facet normal 0 0 -1
    outer loop
      vertex 3.410149998962879 19.55628500133753 0
      vertex 3.4739374965429306 19.377851247787476 0
      vertex 2.97851499915123 20.07812000066042 0
    endloop
  endfacet
  facet normal 0 0 -1
    outer loop
      vertex 3.5195000022649765 19.180940002202988 0
      vertex 3.5468375012278557 18.965551249682903 0
      vertex 2.295634999871254 20.254440002143383 0
    endloop
  endfacet
  facet normal 0 0 1
    outer loop
      vertex -26.400000000000002 20.75 2.2
      vertex 22.324429495415053 16.618033988749893 2.2
      vertex 26.400000000000002 20.75 2.2
    endloop
  endfacet
  facet normal 0 0 -1
    outer loop
      vertex 3.1012549996376038 20.842359997332096 0
      vertex 5.155249997973442 20.901359997689724 0
      vertex 3.279766246676445 20.774848751723766 0
    endloop
  endfacet
  facet normal 0 0 -1
    outer loop
      vertex 3.279766246676445 20.774848751723766 0
      vertex 5.155249997973442 20.901359997689724 0
      vertex 3.4491200000047684 20.69233500212431 0
    endloop
  endfacet
  facet normal 0 0 -1
    outer loop
      vertex 3.4491200000047684 20.69233500212431 0
      vertex 5.155249997973442 20.901359997689724 0
      vertex 3.607551246881485 20.595652498304844 0
    endloop
  endfacet
  facet normal 0 0 -1
    outer loop
      vertex 3.607551246881485 20.595652498304844 0
      vertex 5.155249997973442 20.901359997689724 0
      vertex 3.7532650008797646 20.485665000975132 0
    endloop
  endfacet
  facet normal 0 0 -1
    outer loop
      vertex 3.7532650008797646 20.485665000975132 0
      vertex 5.155249997973442 20.901359997689724 0
      vertex 3.886261247098446 20.362372502684593 0
    endloop
  endfacet
  facet normal 0 0 -1
    outer loop
      vertex 3.886261247098446 20.362372502684593 0
      vertex 5.155249997973442 20.901359997689724 0
      vertex 4.00654000043869 20.225775003433228 0
    endloop
  endfacet
  facet normal 0 0 -1
    outer loop
      vertex 4.00654000043869 20.225775003433228 0
      vertex 5.155249997973442 20.901359997689724 0
      vertex 4.114101253449917 20.075872503221035 0
    endloop
  endfacet
  facet normal 0 0 -1
    outer loop
      vertex 4.114101253449917 20.075872503221035 0
      vertex 5.155249997973442 20.901359997689724 0
      vertex 4.208944998681545 19.912665002048016 0
    endloop
  endfacet
  facet normal 0 0 -1
    outer loop
      vertex 4.208944998681545 19.912665002048016 0
      vertex 5.155249997973442 20.901359997689724 0
      vertex 4.290069997310638 19.738297499716282 0
    endloop
  endfacet
  facet normal 0 0 -1
    outer loop
      vertex 4.290069997310638 19.738297499716282 0
      vertex 5.155249997973442 20.901359997689724 0
      vertex 4.356444999575615 19.55494499951601 0
    endloop
  endfacet
  facet normal 0 0 -1
    outer loop
      vertex 4.356444999575615 19.55494499951601 0
      vertex 5.155249997973442 20.901359997689724 0
      vertex 4.408069998025894 19.3626075014472 0
    endloop
  endfacet
  facet normal 0 0 -1
    outer loop
      vertex 4.408069998025894 19.3626075014472 0
      vertex 5.155249997973442 20.901359997689724 0
      vertex 4.444945000112057 19.161284998059273 0
    endloop
  endfacet
  facet normal 0 0 -1
    outer loop
      vertex 4.444945000112057 19.161284998059273 0
      vertex 5.155249997973442 20.901359997689724 0
      vertex 4.467069998383522 18.950977496802807 0
    endloop
  endfacet
  facet normal 0 0 -1
    outer loop
      vertex 5.155249997973442 16.601700000464916 0
      vertex 4.467069998383522 18.950977496802807 0
      vertex 5.155249997973442 20.901359997689724 0
    endloop
  endfacet
  facet normal 0 0 -1
    outer loop
      vertex 5.954764999449253 20.901359997689724 0
      vertex 7.773484997451305 20.901359997689724 0
      vertex 5.954764999449253 18.365520000457764 0
    endloop
  endfacet
  facet normal 0 0 -1
    outer loop
      vertex 5.954764999449253 18.365520000457764 0
      vertex 7.773484997451305 20.901359997689724 0
      vertex 5.9532399997115135 18.262613750994205 0
    endloop
  endfacet
  facet normal 0 0 -1
    outer loop
      vertex 5.9532399997115135 18.262613750994205 0
      vertex 7.773484997451305 20.901359997689724 0
      vertex 5.948665000498295 18.14919500052929 0
    endloop
  endfacet
  facet normal 0 0 -1
    outer loop
      vertex 5.948665000498295 18.14919500052929 0
      vertex 7.773484997451305 20.901359997689724 0
      vertex 5.941040001809597 18.025263749063015 0
    endloop
  endfacet
  facet normal 0 0 -1
    outer loop
      vertex 7.773484997451305 20.901359997689724 0
      vertex 5.93036500364542 17.890819996595383 0
      vertex 5.941040001809597 18.025263749063015 0
    endloop
  endfacet
  facet normal 0 0 -1
    outer loop
      vertex 7.773484997451305 20.901359997689724 0
      vertex 5.916639998555183 17.745863750576973 0
      vertex 5.93036500364542 17.890819996595383 0
    endloop
  endfacet
  facet normal 0 0 -1
    outer loop
      vertex 7.773484997451305 20.901359997689724 0
      vertex 5.899865001440048 17.590395003557205 0
      vertex 5.916639998555183 17.745863750576973 0
    endloop
  endfacet
  facet normal 0 0 -1
    outer loop
      vertex 6.183634996414185 16.601700000464916 0
      vertex 8.08474999666214 19.940114997327328 0
      vertex 8.067974999547005 19.78880500048399 0
    endloop
  endfacet
  facet normal 0 0 -1
    outer loop
      vertex 6.183634996414185 16.601700000464916 0
      vertex 8.067974999547005 19.78880500048399 0
      vertex 8.054250001907349 19.64207500219345 0
    endloop
  endfacet
  facet normal 0 0 -1
    outer loop
      vertex 6.183634996414185 16.601700000464916 0
      vertex 8.054250001907349 19.64207500219345 0
      vertex 8.043574996292591 19.49992500245571 0
    endloop
  endfacet
  facet normal 0 0 -1
    outer loop
      vertex 0.3870600014925003 17.554485000669956 0
      vertex -0.5424249991774559 16.601700000464916 0
      vertex 0.27550625056028366 17.81089500337839 0
    endloop
  endfacet
  facet normal 0 0 -1
    outer loop
      vertex 0.5304862484335899 17.323334999382496 0
      vertex -0.5424249991774559 16.601700000464916 0
      vertex 0.3870600014925003 17.554485000669956 0
    endloop
  endfacet
  facet normal 0 0 -1
    outer loop
      vertex 1.0750399976968765 18.298194997012615 0
      vertex 1.047578752040863 18.506334997713566 0
      vertex 3.5193300023674965 18.301255002617836 0
    endloop
  endfacet
  facet normal 0 0 -1
    outer loop
      vertex 0.7057849988341331 17.11744499951601 0
      vertex -0.5424249991774559 16.601700000464916 0
      vertex 0.5304862484335899 17.323334999382496 0
    endloop
  endfacet
  facet normal 0 0 -1
    outer loop
      vertex 0.9094799980521202 16.940276250243187 0
      vertex -0.5424249991774559 16.601700000464916 0
      vertex 0.7057849988341331 17.11744499951601 0
    endloop
  endfacet
  facet normal 0 0 -1
    outer loop
      vertex -0.5424249991774559 16.601700000464916 0
      vertex 0.9094799980521202 16.940276250243187 0
      vertex 1.138094998896122 16.795319996774197 0
    endloop
  endfacet
  facet normal 0 0 -1
    outer loop
      vertex -0.5424249991774559 16.601700000464916 0
      vertex 1.138094998896122 16.795319996774197 0
      vertex 1.3916300013661385 16.68257624655962 0
    endloop
  endfacet
  facet normal 0 0 -1
    outer loop
      vertex -0.5424249991774559 16.601700000464916 0
      vertex 1.3916300013661385 16.68257624655962 0
      vertex 1.670084998011589 16.602044999599457 0
    endloop
  endfacet
  facet normal 0 0 -1
    outer loop
      vertex 1.1208087503910065 18.10726500302553 0
      vertex 1.0750399976968765 18.298194997012615 0
      vertex 3.5193300023674965 18.301255002617836 0
    endloop
  endfacet
  facet normal 0 0 -1
    outer loop
      vertex 1.1848850026726723 17.933545000851154 0
      vertex 1.1208087503910065 18.10726500302553 0
      vertex 3.5193300023674965 18.301255002617836 0
    endloop
  endfacet
  facet normal 0 0 -1
    outer loop
      vertex 1.2672687470912933 17.777034997940063 0
      vertex 1.1848850026726723 17.933545000851154 0
      vertex 3.5193300023674965 18.301255002617836 0
    endloop
  endfacet
  facet normal 0 0 -1
    outer loop
      vertex 1.3679599985480309 17.63773500174284 0
      vertex 1.2672687470912933 17.777034997940063 0
      vertex 3.5193300023674965 18.301255002617836 0
    endloop
  endfacet
  facet normal 0 0 -1
    outer loop
      vertex 1.4854487478733063 17.51791749894619 0
      vertex 1.3679599985480309 17.63773500174284 0
      vertex 3.5193300023674965 18.301255002617836 0
    endloop
  endfacet
  facet normal 0 0 -1
    outer loop
      vertex 1.047578752040863 18.506334997713566 0
      vertex 3.546795003116131 18.508120000362396 0
      vertex 3.5193300023674965 18.301255002617836 0
    endloop
  endfacet
  facet normal 0 0 -1
    outer loop
      vertex 3.5193300023674965 18.301255002617836 0
      vertex 3.4735549986362457 18.11108999699354 0
      vertex 1.4854487478733063 17.51791749894619 0
    endloop
  endfacet
  facet normal 0 0 -1
    outer loop
      vertex 3.4735549986362457 18.11108999699354 0
      vertex 3.409469999372959 17.937624998390675 0
      vertex 1.4854487478733063 17.51791749894619 0
    endloop
  endfacet
  facet normal 0 0 -1
    outer loop
      vertex 1.4854487478733063 17.51791749894619 0
      vertex 3.409469999372959 17.937624998390675 0
      vertex 1.6181949973106384 17.419885002076626 0
    endloop
  endfacet
  facet normal 0 0 -1
    outer loop
      vertex 1.7661987468600273 17.343637503683567 0
      vertex 1.6181949973106384 17.419885002076626 0
      vertex 3.409469999372959 17.937624998390675 0
    endloop
  endfacet
  facet normal 0 0 -1
    outer loop
      vertex 1.929459996521473 17.289174996316433 0
      vertex 1.7661987468600273 17.343637503683567 0
      vertex 3.409469999372959 17.937624998390675 0
    endloop
  endfacet
  facet normal 0 0 -1
    outer loop
      vertex 2.1079787462949753 17.256497502326965 0
      vertex 1.929459996521473 17.289174996316433 0
      vertex 3.409469999372959 17.937624998390675 0
    endloop
  endfacet
  facet normal 0 0 -1
    outer loop
      vertex 2.301755003631115 17.245604999363422 0
      vertex 2.1079787462949753 17.256497502326965 0
      vertex 3.409469999372959 17.937624998390675 0
    endloop
  endfacet
  facet normal 0 0 -1
    outer loop
      vertex 2.4927262514829636 17.256582498550415 0
      vertex 2.301755003631115 17.245604999363422 0
      vertex 3.327074997127056 17.780859999358654 0
    endloop
  endfacet
  facet normal 0 0 -1
    outer loop
      vertex 2.6689499989151955 17.289515003561974 0
      vertex 2.4927262514829636 17.256582498550415 0
      vertex 3.2263699993491173 17.64079499989748 0
    endloop
  endfacet
  facet normal 0 0 -1
    outer loop
      vertex 3.409469999372959 17.937624998390675 0
      vertex 3.327074997127056 17.780859999358654 0
      vertex 2.301755003631115 17.245604999363422 0
    endloop
  endfacet
  facet normal 0 0 -1
    outer loop
      vertex 3.327074997127056 17.780859999358654 0
      vertex 3.2263699993491173 17.64079499989748 0
      vertex 2.4927262514829636 17.256582498550415 0
    endloop
  endfacet
  facet normal 0 0 -1
    outer loop
      vertex 3.2263699993491173 17.64079499989748 0
      vertex 3.109136253595352 17.52004250138998 0
      vertex 2.6689499989151955 17.289515003561974 0
    endloop
  endfacet
  facet normal 0 0 -1
    outer loop
      vertex 3.109136253595352 17.52004250138998 0
      vertex 2.9771549999713898 17.421245001256466 0
      vertex 2.8304262533783913 17.344402499496937 0
    endloop
  endfacet
  facet normal 0 0 -1
    outer loop
      vertex 2.8304262533783913 17.344402499496937 0
      vertex 2.6689499989151955 17.289515003561974 0
      vertex 3.109136253595352 17.52004250138998 0
    endloop
  endfacet
  facet normal 0 0 -1
    outer loop
      vertex -2.9197388887405396 10.795082218945026 0
      vertex 1.670084998011589 16.602044999599457 0
      vertex 1.9734599962830544 16.553726248443127 0
    endloop
  endfacet
  facet normal 0 0 -1
    outer loop
      vertex -2.9197388887405396 10.795082218945026 0
      vertex 1.9734599962830544 16.553726248443127 0
      vertex 2.301755003631115 16.53762000054121 0
    endloop
  endfacet
  facet normal 0 0 -1
    outer loop
      vertex -2.9197388887405396 10.795082218945026 0
      vertex 2.301755003631115 16.53762000054121 0
      vertex 2.6300912499427795 16.553894996643066 0
    endloop
  endfacet
  facet normal 0 0 -1
    outer loop
      vertex -2.9197388887405396 10.795082218945026 0
      vertex 2.6300912499427795 16.553894996643066 0
      vertex 2.9335900023579597 16.602719999849796 0
    endloop
  endfacet
  facet normal 0 0 -1
    outer loop
      vertex -2.9197388887405396 10.795082218945026 0
      vertex 3.212251253426075 16.68409500271082 0
      vertex 3.4660750031471252 16.798019997775555 0
    endloop
  endfacet
  facet normal 0 0 -1
    outer loop
      vertex -2.9197388887405396 10.795082218945026 0
      vertex 2.9335900023579597 16.602719999849796 0
      vertex 3.212251253426075 16.68409500271082 0
    endloop
  endfacet
  facet normal 0 0 -1
    outer loop
      vertex -2.9197388887405396 10.795082218945026 0
      vertex 8.029849998652935 16.601700000464916 0
      vertex -1.863005556166172 10.660808891057968 0
    endloop
  endfacet
  facet normal 0 0 -1
    outer loop
      vertex -1.863005556166172 10.660808891057968 0
      vertex 8.029849998652935 16.601700000464916 0
      vertex -0.8974500000476837 10.437019996345043 0
    endloop
  endfacet
  facet normal 0 0 -1
    outer loop
      vertex -2.9197388887405396 10.795082218945026 0
      vertex 3.4660750031471252 16.798019997775555 0
      vertex 5.155249997973442 16.601700000464916 0
    endloop
  endfacet
  facet normal 0 0 -1
    outer loop
      vertex -2.9197388887405396 10.795082218945026 0
      vertex 5.155249997973442 16.601700000464916 0
      vertex 6.183634996414185 16.601700000464916 0
    endloop
  endfacet
  facet normal 0 0 -1
    outer loop
      vertex -2.9197388887405396 10.795082218945026 0
      vertex 6.183634996414185 16.601700000464916 0
      vertex 8.029849998652935 16.601700000464916 0
    endloop
  endfacet
  facet normal 0 0 -1
    outer loop
      vertex -0.8974500000476837 10.437019996345043 0
      vertex 8.029849998652935 16.601700000464916 0
      vertex -0.023072220385074615 10.123715557157993 0
    endloop
  endfacet
  facet normal 0 0 1
    outer loop
      vertex -26.400000000000002 20.75 2.2
      vertex 21.597886967409693 15.618033988749895 2.2
      vertex 21.717986951623264 15.907980999479093 2.2
    endloop
  endfacet
  facet normal 0 0 1
    outer loop
      vertex -26.400000000000002 20.75 2.2
      vertex 21.524623318809724 15.312868930080462 2.2
      vertex 21.597886967409693 15.618033988749895 2.2
    endloop
  endfacet
  facet normal 0 0 1
    outer loop
      vertex -26.400000000000002 20.75 2.2
      vertex 21.5 15 2.2
      vertex 21.524623318809724 15.312868930080462 2.2
    endloop
  endfacet
  facet normal 0 0 1
    outer loop
      vertex -26.400000000000002 20.75 2.2
      vertex 21.524623318809724 14.687131069919538 2.2
      vertex 21.5 15 2.2
    endloop
  endfacet
  facet normal 0 0 1
    outer loop
      vertex -26.400000000000002 20.75 2.2
      vertex 22.085786437626904 16.414213562373096 2.2
      vertex 22.324429495415053 16.618033988749893 2.2
    endloop
  endfacet
  facet normal 0 0 1
    outer loop
      vertex -26.400000000000002 20.75 2.2
      vertex 21.717986951623264 15.907980999479093 2.2
      vertex 21.881966011250107 16.175570504584947 2.2
    endloop
  endfacet
  facet normal 0 0 1
    outer loop
      vertex -26.400000000000002 20.75 2.2
      vertex 21.881966011250107 16.175570504584947 2.2
      vertex 22.085786437626904 16.414213562373096 2.2
    endloop
  endfacet
  facet normal 0 0 -1
    outer loop
      vertex 4.467069998383522 18.950977496802807 0
      vertex 5.155249997973442 16.601700000464916 0
      vertex 4.474445000290871 18.731684997677803 0
    endloop
  endfacet
  facet normal 0 0 -1
    outer loop
      vertex 4.474445000290871 18.731684997677803 0
      vertex 5.155249997973442 16.601700000464916 0
      vertex 4.458466246724129 18.403051249682903 0
    endloop
  endfacet
  facet normal 0 0 -1
    outer loop
      vertex 4.458466246724129 18.403051249682903 0
      vertex 5.155249997973442 16.601700000464916 0
      vertex 4.410530000925064 18.098659999668598 0
    endloop
  endfacet
  facet normal 0 0 -1
    outer loop
      vertex 4.410530000925064 18.098659999668598 0
      vertex 5.155249997973442 16.601700000464916 0
      vertex 4.330636247992516 17.818511247634888 0
    endloop
  endfacet
  facet normal 0 0 -1
    outer loop
      vertex 4.074976250529289 17.330941252410412 0
      vertex 5.155249997973442 16.601700000464916 0
      vertex 3.899209998548031 17.123520001769066 0
    endloop
  endfacet
  facet normal 0 0 -1
    outer loop
      vertex 4.218785002827644 17.562605001032352 0
      vertex 5.155249997973442 16.601700000464916 0
      vertex 4.074976250529289 17.330941252410412 0
    endloop
  endfacet
  facet normal 0 0 -1
    outer loop
      vertex 4.330636247992516 17.818511247634888 0
      vertex 5.155249997973442 16.601700000464916 0
      vertex 4.218785002827644 17.562605001032352 0
    endloop
  endfacet
  facet normal 0 0 -1
    outer loop
      vertex 3.899209998548031 17.123520001769066 0
      vertex 5.155249997973442 16.601700000464916 0
      vertex 3.6950612515211105 16.944494999945164 0
    endloop
  endfacet
  facet normal 0 0 -1
    outer loop
      vertex 3.6950612515211105 16.944494999945164 0
      vertex 5.155249997973442 16.601700000464916 0
      vertex 3.4660750031471252 16.798019997775555 0
    endloop
  endfacet
  facet normal 0 0 -1
    outer loop
      vertex 6.183634996414185 16.601700000464916 0
      vertex 8.043574996292591 19.49992500245571 0
      vertex 8.035949997603893 19.36235500127077 0
    endloop
  endfacet
  facet normal 0 0 -1
    outer loop
      vertex 6.183634996414185 16.601700000464916 0
      vertex 8.035949997603893 19.36235500127077 0
      vertex 8.031374998390675 19.22936499863863 0
    endloop
  endfacet
  facet normal 0 0 -1
    outer loop
      vertex 6.183634996414185 16.601700000464916 0
      vertex 8.031374998390675 19.22936499863863 0
      vertex 8.029849998652935 19.10095500200987 0
    endloop
  endfacet
  facet normal 0 0 -1
    outer loop
      vertex 6.183634996414185 16.601700000464916 0
      vertex 8.029849998652935 19.10095500200987 0
      vertex 8.029849998652935 16.601700000464916 0
    endloop
  endfacet
  facet normal 0 0 -1
    outer loop
      vertex 8.829365000128746 16.601700000464916 0
      vertex 2.906790003180504 7.281614996492863 0
      vertex 8.029849998652935 16.601700000464916 0
    endloop
  endfacet
  facet normal 0 1 0
    outer loop
      vertex -30.400000000000002 24.75 2.2
      vertex 30.400000000000002 24.75 2.2
      vertex 30.400000000000002 24.75 0
    endloop
  endfacet
  facet normal 0 0 1
    outer loop
      vertex -28.000000000000004 22.35 2.2
      vertex 28.000000000000004 22.35 2.2
      vertex 30.400000000000002 24.75 2.2
    endloop
  endfacet
  facet normal 0 0 -1
    outer loop
      vertex 30.400000000000002 24.75 0
      vertex 5.954764999449253 20.901359997689724 0
      vertex 5.155249997973442 20.901359997689724 0
    endloop
  endfacet
  facet normal 0 0 -1
    outer loop
      vertex 30.400000000000002 24.75 0
      vertex 7.773484997451305 20.901359997689724 0
      vertex 5.954764999449253 20.901359997689724 0
    endloop
  endfacet
  facet normal 0 0 -1
    outer loop
      vertex 30.400000000000002 24.75 0
      vertex 3.06530000269413 2.8153949975967407 0
      vertex 8.829365000128746 16.601700000464916 0
    endloop
  endfacet
  facet normal 0 0 1
    outer loop
      vertex -26.400000000000002 20.75 2.2
      vertex 13.878679656440358 -1.8786796564403572 2.2
      vertex 21.524623318809724 14.687131069919538 2.2
    endloop
  endfacet
  facet normal 0 0 -1
    outer loop
      vertex -0.023072220385074615 10.123715557157993 0
      vertex 8.029849998652935 16.601700000464916 0
      vertex 0.7601277753710747 9.720895558595657 0
    endloop
  endfacet
  facet normal 0 0 -1
    outer loop
      vertex 8.029849998652935 16.601700000464916 0
      vertex 1.4521500021219254 9.228560000658035 0
      vertex 0.7601277753710747 9.720895558595657 0
    endloop
  endfacet
  facet normal 0 0 -1
    outer loop
      vertex 8.029849998652935 16.601700000464916 0
      vertex 2.0447811111807823 8.65417055785656 0
      vertex 1.4521500021219254 9.228560000658035 0
    endloop
  endfacet
  facet normal 0 0 -1
    outer loop
      vertex 8.029849998652935 16.601700000464916 0
      vertex 2.529661111533642 8.005188889801502 0
      vertex 2.0447811111807823 8.65417055785656 0
    endloop
  endfacet
  facet normal 0 0 -1
    outer loop
      vertex 8.029849998652935 16.601700000464916 0
      vertex 2.906790003180504 7.281614996492863 0
      vertex 2.529661111533642 8.005188889801502 0
    endloop
  endfacet
  facet normal 0 0 -1
    outer loop
      vertex 8.829365000128746 16.601700000464916 0
      vertex 3.176167778670788 6.483448885381222 0
      vertex 2.906790003180504 7.281614996492863 0
    endloop
  endfacet
  facet normal 0 0 -1
    outer loop
      vertex 8.829365000128746 16.601700000464916 0
      vertex 3.3377944454550743 5.610690556466579 0
      vertex 3.176167778670788 6.483448885381222 0
    endloop
  endfacet
  facet normal 0 0 -1
    outer loop
      vertex 8.829365000128746 16.601700000464916 0
      vertex 3.3916700035333633 4.663340002298355 0
      vertex 3.3377944454550743 5.610690556466579 0
    endloop
  endfacet
  facet normal 0 0 -1
    outer loop
      vertex 8.829365000128746 16.601700000464916 0
      vertex 3.355406664311886 4.007159441709518 0
      vertex 3.3916700035333633 4.663340002298355 0
    endloop
  endfacet
  facet normal 0 0 -1
    outer loop
      vertex 8.829365000128746 16.601700000464916 0
      vertex 3.246616668999195 3.3911777809262276 0
      vertex 3.355406664311886 4.007159441709518 0
    endloop
  endfacet
  facet normal 0 0 -1
    outer loop
      vertex 8.829365000128746 16.601700000464916 0
      vertex 3.06530000269413 2.8153949975967407 0
      vertex 3.246616668999195 3.3911777809262276 0
    endloop
  endfacet
  facet normal 0 0 1
    outer loop
      vertex -26.400000000000002 20.75 2.2
      vertex 13.572949016875157 -2.236644243122581 2.2
      vertex 13.878679656440358 -1.8786796564403572 2.2
    endloop
  endfacet
  facet normal 0 0 1
    outer loop
      vertex -26.400000000000002 20.75 2.2
      vertex 13.326980427434897 -2.6380285007813598 2.2
      vertex 13.572949016875157 -2.236644243122581 2.2
    endloop
  endfacet
  facet normal 0 0 1
    outer loop
      vertex -26.400000000000002 20.75 2.2
      vertex 13.146830451114539 -3.0729490168751576 2.2
      vertex 13.326980427434897 -2.6380285007813598 2.2
    endloop
  endfacet
  facet normal 0 0 1
    outer loop
      vertex -26.400000000000002 20.75 2.2
      vertex 13.326980427434897 -5.36197149921864 2.2
      vertex 13.146830451114539 -4.927050983124842 2.2
    endloop
  endfacet
  facet normal 0 0 1
    outer loop
      vertex -26.400000000000002 20.75 2.2
      vertex 13.572949016875157 -5.763355756877419 2.2
      vertex 13.326980427434897 -5.36197149921864 2.2
    endloop
  endfacet
  facet normal 0 0 1
    outer loop
      vertex -26.400000000000002 20.75 2.2
      vertex 13.878679656440358 -6.121320343559643 2.2
      vertex 13.572949016875157 -5.763355756877419 2.2
    endloop
  endfacet
  facet normal 0 0 1
    outer loop
      vertex -26.400000000000002 20.75 2.2
      vertex 14.23664424312258 -6.427050983124842 2.2
      vertex 13.878679656440358 -6.121320343559643 2.2
    endloop
  endfacet
  facet normal 0 0 -1
    outer loop
      vertex 3.06530000269413 2.8153949975967407 0
      vertex 13.326980427434897 -2.6380285007813598 0
      vertex 2.8114566653966904 2.2798111140727997 0
    endloop
  endfacet
  facet normal 0 0 -1
    outer loop
      vertex 2.8114566653966904 2.2798111140727997 0
      vertex 13.146830451114539 -3.0729490168751576 0
      vertex 2.485086664557457 1.7844261080026627 0
    endloop
  endfacet
  facet normal 0 0 -1
    outer loop
      vertex 3.06530000269413 2.8153949975967407 0
      vertex 15.072949016875159 -1.1468304511145395 0
      vertex 14.63802850078136 -1.3269804274348962 0
    endloop
  endfacet
  facet normal 0 0 -1
    outer loop
      vertex 3.06530000269413 2.8153949975967407 0
      vertex 15.530696604879306 -1.0369349782145867 0
      vertex 15.072949016875159 -1.1468304511145395 0
    endloop
  endfacet
  facet normal 0 0 -1
    outer loop
      vertex 3.06530000269413 2.8153949975967407 0
      vertex 16 -1 0
      vertex 15.530696604879306 -1.0369349782145867 0
    endloop
  endfacet
  facet normal 0 0 -1
    outer loop
      vertex 30.400000000000002 24.75 0
      vertex 8.829365000128746 20.901359997689724 0
      vertex 7.773484997451305 20.901359997689724 0
    endloop
  endfacet
  facet normal 0 0 -1
    outer loop
      vertex 30.400000000000002 24.75 0
      vertex 8.829365000128746 16.601700000464916 0
      vertex 8.829365000128746 20.901359997689724 0
    endloop
  endfacet
  facet normal 0 0 1
    outer loop
      vertex 26.400000000000002 20.75 2.2
      vertex 22.881966011250107 16.902113032590307 2.2
      vertex 23.187131069919538 16.975376681190276 2.2
    endloop
  endfacet
  facet normal 0 0 1
    outer loop
      vertex 22.324429495415053 16.618033988749893 2.2
      vertex 22.592019000520907 16.782013048376736 2.2
      vertex 26.400000000000002 20.75 2.2
    endloop
  endfacet
  facet normal 0 0 1
    outer loop
      vertex 22.592019000520907 16.782013048376736 2.2
      vertex 22.881966011250107 16.902113032590307 2.2
      vertex 26.400000000000002 20.75 2.2
    endloop
  endfacet
  facet normal 0 0 1
    outer loop
      vertex 26.400000000000002 20.75 2.2
      vertex 23.187131069919538 16.975376681190276 2.2
      vertex 23.5 17 2.2
    endloop
  endfacet
  facet normal 0 0 1
    outer loop
      vertex 26.400000000000002 20.75 2.2
      vertex 23.5 17 2.2
      vertex 23.812868930080462 16.975376681190276 2.2
    endloop
  endfacet
  facet normal 0 0 1
    outer loop
      vertex 26.400000000000002 20.75 2.2
      vertex 23.812868930080462 16.975376681190276 2.2
      vertex 24.118033988749893 16.902113032590307 2.2
    endloop
  endfacet
  facet normal 0 0 1
    outer loop
      vertex 26.400000000000002 20.75 2.2
      vertex 24.118033988749893 16.902113032590307 2.2
      vertex 24.407980999479093 16.782013048376736 2.2
    endloop
  endfacet
  facet normal 0 0 1
    outer loop
      vertex 26.400000000000002 20.75 2.2
      vertex 24.407980999479093 16.782013048376736 2.2
      vertex 24.675570504584947 16.618033988749893 2.2
    endloop
  endfacet
  facet normal 0 0 1
    outer loop
      vertex 26.400000000000002 20.75 2.2
      vertex 24.675570504584947 16.618033988749893 2.2
      vertex 24.914213562373096 16.414213562373096 2.2
    endloop
  endfacet
  facet normal 0 0 1
    outer loop
      vertex 26.400000000000002 20.75 2.2
      vertex 24.914213562373096 16.414213562373096 2.2
      vertex 25.118033988749893 16.175570504584947 2.2
    endloop
  endfacet
  facet normal 0 0 1
    outer loop
      vertex 26.400000000000002 20.75 2.2
      vertex 25.118033988749893 16.175570504584947 2.2
      vertex 25.282013048376736 15.907980999479093 2.2
    endloop
  endfacet
  facet normal 0 0 1
    outer loop
      vertex 26.400000000000002 20.75 2.2
      vertex 25.282013048376736 15.907980999479093 2.2
      vertex 25.402113032590307 15.618033988749895 2.2
    endloop
  endfacet
  facet normal 0 0 1
    outer loop
      vertex 26.400000000000002 20.75 2.2
      vertex 25.402113032590307 15.618033988749895 2.2
      vertex 25.475376681190276 15.312868930080462 2.2
    endloop
  endfacet
  facet normal 0 0 1
    outer loop
      vertex 26.400000000000002 20.75 2.2
      vertex 25.475376681190276 15.312868930080462 2.2
      vertex 25.5 15 2.2
    endloop
  endfacet
  facet normal 0 0 -1
    outer loop
      vertex 30.400000000000002 24.75 0
      vertex 16 -1 0
      vertex 3.06530000269413 2.8153949975967407 0
    endloop
  endfacet
  facet normal 0 0 -1
    outer loop
      vertex 30.400000000000002 24.75 0
      vertex 16.469303395120694 -1.0369349782145867 0
      vertex 16 -1 0
    endloop
  endfacet
  facet normal 0 0 -1
    outer loop
      vertex 30.400000000000002 24.75 0
      vertex 16.927050983124843 -1.1468304511145395 0
      vertex 16.469303395120694 -1.0369349782145867 0
    endloop
  endfacet
  facet normal 0 0 -1
    outer loop
      vertex 30.400000000000002 24.75 0
      vertex 17.36197149921864 -1.3269804274348962 0
      vertex 16.927050983124843 -1.1468304511145395 0
    endloop
  endfacet
  facet normal 0 0 -1
    outer loop
      vertex 30.400000000000002 24.75 0
      vertex 17.76335575687742 -1.5729490168751576 0
      vertex 17.36197149921864 -1.3269804274348962 0
    endloop
  endfacet
  facet normal 0 0 -1
    outer loop
      vertex 30.400000000000002 24.75 0
      vertex 18.121320343559642 -1.8786796564403572 0
      vertex 17.76335575687742 -1.5729490168751576 0
    endloop
  endfacet
  facet normal 0 0 -1
    outer loop
      vertex 30.400000000000002 24.75 0
      vertex 18.427050983124843 -2.236644243122581 0
      vertex 18.121320343559642 -1.8786796564403572 0
    endloop
  endfacet
  facet normal 0 0 -1
    outer loop
      vertex 30.400000000000002 24.75 0
      vertex 18.673019572565103 -2.6380285007813598 0
      vertex 18.427050983124843 -2.236644243122581 0
    endloop
  endfacet
  facet normal 0 0 -1
    outer loop
      vertex 30.400000000000002 24.75 0
      vertex 18.85316954888546 -3.0729490168751576 0
      vertex 18.673019572565103 -2.6380285007813598 0
    endloop
  endfacet
  facet normal 0 0 1
    outer loop
      vertex 21.524623318809724 14.687131069919538 2.2
      vertex 14.23664424312258 -1.5729490168751576 2.2
      vertex 14.63802850078136 -1.3269804274348962 2.2
    endloop
  endfacet
  facet normal 0 0 1
    outer loop
      vertex 21.524623318809724 14.687131069919538 2.2
      vertex 14.63802850078136 -1.3269804274348962 2.2
      vertex 15.072949016875159 -1.1468304511145395 2.2
    endloop
  endfacet
  facet normal 0 0 1
    outer loop
      vertex 21.524623318809724 14.687131069919538 2.2
      vertex 13.878679656440358 -1.8786796564403572 2.2
      vertex 14.23664424312258 -1.5729490168751576 2.2
    endloop
  endfacet
  facet normal 0 0 1
    outer loop
      vertex 21.524623318809724 14.687131069919538 2.2
      vertex 15.072949016875159 -1.1468304511145395 2.2
      vertex 15.530696604879306 -1.0369349782145867 2.2
    endloop
  endfacet
  facet normal 0 0 1
    outer loop
      vertex 21.524623318809724 14.687131069919538 2.2
      vertex 15.530696604879306 -1.0369349782145867 2.2
      vertex 16 -1 2.2
    endloop
  endfacet
  facet normal 0 0 1
    outer loop
      vertex 21.524623318809724 14.687131069919538 2.2
      vertex 16 -1 2.2
      vertex 16.469303395120694 -1.0369349782145867 2.2
    endloop
  endfacet
  facet normal 0 0 1
    outer loop
      vertex 21.524623318809724 14.687131069919538 2.2
      vertex 16.469303395120694 -1.0369349782145867 2.2
      vertex 16.927050983124843 -1.1468304511145395 2.2
    endloop
  endfacet
  facet normal 0 0 1
    outer loop
      vertex 21.524623318809724 14.687131069919538 2.2
      vertex 16.927050983124843 -1.1468304511145395 2.2
      vertex 17.36197149921864 -1.3269804274348962 2.2
    endloop
  endfacet
  facet normal 0 0 1
    outer loop
      vertex 21.524623318809724 14.687131069919538 2.2
      vertex 17.36197149921864 -1.3269804274348962 2.2
      vertex 17.76335575687742 -1.5729490168751576 2.2
    endloop
  endfacet
  facet normal 0 0 1
    outer loop
      vertex 21.524623318809724 14.687131069919538 2.2
      vertex 17.76335575687742 -1.5729490168751576 2.2
      vertex 18.121320343559642 -1.8786796564403572 2.2
    endloop
  endfacet
  facet normal 0 0 1
    outer loop
      vertex 21.524623318809724 14.687131069919538 2.2
      vertex 18.121320343559642 -1.8786796564403572 2.2
      vertex 18.427050983124843 -2.236644243122581 2.2
    endloop
  endfacet
  facet normal 0 0 1
    outer loop
      vertex 21.524623318809724 14.687131069919538 2.2
      vertex 18.427050983124843 -2.236644243122581 2.2
      vertex 18.673019572565103 -2.6380285007813598 2.2
    endloop
  endfacet
  facet normal 0 0 1
    outer loop
      vertex 21.524623318809724 14.687131069919538 2.2
      vertex 21.524623318809724 -14.687131069919538 2.2
      vertex 21.597886967409693 14.381966011250105 2.2
    endloop
  endfacet
  facet normal 0 0 1
    outer loop
      vertex 21.597886967409693 14.381966011250105 2.2
      vertex 21.597886967409693 -14.381966011250105 2.2
      vertex 21.717986951623264 14.092019000520907 2.2
    endloop
  endfacet
  facet normal 0 0 1
    outer loop
      vertex 21.717986951623264 14.092019000520907 2.2
      vertex 21.717986951623264 -14.092019000520907 2.2
      vertex 21.881966011250107 13.824429495415053 2.2
    endloop
  endfacet
  facet normal 0 0 1
    outer loop
      vertex 21.881966011250107 13.824429495415053 2.2
      vertex 21.881966011250107 -13.824429495415053 2.2
      vertex 22.085786437626904 13.585786437626904 2.2
    endloop
  endfacet
  facet normal 0 0 1
    outer loop
      vertex 22.085786437626904 13.585786437626904 2.2
      vertex 22.085786437626904 -13.585786437626904 2.2
      vertex 22.324429495415053 13.381966011250105 2.2
    endloop
  endfacet
  facet normal 0 0 1
    outer loop
      vertex 22.324429495415053 13.381966011250105 2.2
      vertex 22.324429495415053 -13.381966011250105 2.2
      vertex 22.592019000520907 13.217986951623264 2.2
    endloop
  endfacet
  facet normal 0 0 1
    outer loop
      vertex 22.592019000520907 13.217986951623264 2.2
      vertex 22.592019000520907 -13.217986951623264 2.2
      vertex 22.881966011250107 13.097886967409693 2.2
    endloop
  endfacet
  facet normal 0 0 -1
    outer loop
      vertex 30.400000000000002 24.75 0
      vertex 18.963065021785415 -3.5306966048793074 0
      vertex 18.85316954888546 -3.0729490168751576 0
    endloop
  endfacet
  facet normal 0 0 -1
    outer loop
      vertex 30.400000000000002 24.75 0
      vertex 19 -4 0
      vertex 18.963065021785415 -3.5306966048793074 0
    endloop
  endfacet
  facet normal 0 0 1
    outer loop
      vertex 21.524623318809724 14.687131069919538 2.2
      vertex 18.673019572565103 -2.6380285007813598 2.2
      vertex 18.85316954888546 -3.0729490168751576 2.2
    endloop
  endfacet
  facet normal 0 0 1
    outer loop
      vertex 21.524623318809724 14.687131069919538 2.2
      vertex 18.85316954888546 -3.0729490168751576 2.2
      vertex 18.963065021785415 -3.5306966048793074 2.2
    endloop
  endfacet
  facet normal 0 0 1
    outer loop
      vertex 26.400000000000002 20.75 2.2
      vertex 25.5 15 2.2
      vertex 25.5 -15 2.2
    endloop
  endfacet
  facet normal 0 0 1
    outer loop
      vertex 28.000000000000004 22.35 2.2
      vertex 28.000000000000004 -22.35 2.2
      vertex 30.400000000000002 24.75 2.2
    endloop
  endfacet
  facet normal 1 0 0
    outer loop
      vertex 30.400000000000002 24.75 2.2
      vertex 30.400000000000002 -24.75 2.2
      vertex 30.400000000000002 24.75 0
    endloop
  endfacet
  facet normal 0 0 1
    outer loop
      vertex 22.881966011250107 13.097886967409693 2.2
      vertex 22.881966011250107 -13.097886967409693 2.2
      vertex 23.187131069919538 13.024623318809724 2.2
    endloop
  endfacet
  facet normal 0 0 1
    outer loop
      vertex 23.187131069919538 13.024623318809724 2.2
      vertex 23.187131069919538 -13.024623318809724 2.2
      vertex 23.5 13 2.2
    endloop
  endfacet
  facet normal 0 0 1
    outer loop
      vertex 23.5 13 2.2
      vertex 23.5 -13 2.2
      vertex 23.812868930080462 13.024623318809724 2.2
    endloop
  endfacet
  facet normal 0 0 1
    outer loop
      vertex 23.812868930080462 13.024623318809724 2.2
      vertex 23.812868930080462 -13.024623318809724 2.2
      vertex 24.118033988749893 13.097886967409693 2.2
    endloop
  endfacet
  facet normal 0 0 1
    outer loop
      vertex 24.407980999479093 13.217986951623264 2.2
      vertex 24.118033988749893 13.097886967409693 2.2
      vertex 24.118033988749893 -13.097886967409693 2.2
    endloop
  endfacet
  facet normal 0 0 1
    outer loop
      vertex 24.407980999479093 13.217986951623264 2.2
      vertex 24.407980999479093 -13.217986951623264 2.2
      vertex 24.675570504584947 13.381966011250105 2.2
    endloop
  endfacet
  facet normal 0 0 1
    outer loop
      vertex 25.282013048376736 14.092019000520907 2.2
      vertex 25.118033988749893 13.824429495415053 2.2
      vertex 25.118033988749893 -13.824429495415053 2.2
    endloop
  endfacet
  facet normal 0 0 1
    outer loop
      vertex 25.402113032590307 14.381966011250105 2.2
      vertex 25.282013048376736 14.092019000520907 2.2
      vertex 25.282013048376736 -14.092019000520907 2.2
    endloop
  endfacet
  facet normal 0 0 1
    outer loop
      vertex 25.5 15 2.2
      vertex 25.475376681190276 14.687131069919538 2.2
      vertex 25.475376681190276 -14.687131069919538 2.2
    endloop
  endfacet
  facet normal 0 0 1
    outer loop
      vertex 25.402113032590307 14.381966011250105 2.2
      vertex 25.402113032590307 -14.381966011250105 2.2
      vertex 25.475376681190276 14.687131069919538 2.2
    endloop
  endfacet
  facet normal 0 0 1
    outer loop
      vertex 24.675570504584947 13.381966011250105 2.2
      vertex 24.675570504584947 -13.381966011250105 2.2
      vertex 24.914213562373096 13.585786437626904 2.2
    endloop
  endfacet
  facet normal 0 0 1
    outer loop
      vertex 24.914213562373096 13.585786437626904 2.2
      vertex 24.914213562373096 -13.585786437626904 2.2
      vertex 25.118033988749893 13.824429495415053 2.2
    endloop
  endfacet
  facet normal 0 0 1
    outer loop
      vertex -26.400000000000002 20.75 2.2
      vertex 21.524623318809724 -14.687131069919538 2.2
      vertex 14.23664424312258 -6.427050983124842 2.2
    endloop
  endfacet
  facet normal 0 0 -1
    outer loop
      vertex 0.5030699968338013 0.27923499792814255 0
      vertex 0.2867550030350685 -0.9497950002551079 0
      vertex -0.29731444269418716 -0.6924377754330635 0
    endloop
  endfacet
  facet normal 0 0 -1
    outer loop
      vertex 1.0925233364105225 0.5724644437432289 0
      vertex 0.2867550030350685 -0.9497950002551079 0
      vertex 0.5030699968338013 0.27923499792814255 0
    endloop
  endfacet
  facet normal 0 0 -1
    outer loop
      vertex 1.0925233364105225 0.5724644437432289 0
      vertex 0.8140522241592407 -1.254391111433506 0
      vertex 0.2867550030350685 -0.9497950002551079 0
    endloop
  endfacet
  facet normal 0 0 1
    outer loop
      vertex -26.400000000000002 20.75 2.2
      vertex 21.5 -15 2.2
      vertex 21.524623318809724 -14.687131069919538 2.2
    endloop
  endfacet
  facet normal 0 0 -1
    outer loop
      vertex 2.0861900001764297 1.3292400017380714 0
      vertex 13 -4 0
      vertex 1.620229996740818 0.9224661141633987 0
    endloop
  endfacet
  facet normal 0 0 -1
    outer loop
      vertex 1.620229996740818 0.9224661141633987 0
      vertex 13.036934978214587 -4.469303395120693 0
      vertex 1.0925233364105225 0.5724644437432289 0
    endloop
  endfacet
  facet normal 0 0 -1
    outer loop
      vertex 1.0925233364105225 0.5724644437432289 0
      vertex 13.036934978214587 -4.469303395120693 0
      vertex 0.8140522241592407 -1.254391111433506 0
    endloop
  endfacet
  facet normal 0 0 -1
    outer loop
      vertex 1.2845772206783295 -1.606226108968258 0
      vertex 0.8140522241592407 -1.254391111433506 0
      vertex 13.036934978214587 -4.469303395120693 0
    endloop
  endfacet
  facet normal 0 0 -1
    outer loop
      vertex 1.2845772206783295 -1.606226108968258 0
      vertex 13.036934978214587 -4.469303395120693 0
      vertex 1.6983300000429153 -2.005300000309944 0
    endloop
  endfacet
  facet normal 0 0 -1
    outer loop
      vertex 1.6983300000429153 -2.005300000309944 0
      vertex 13.036934978214587 -4.469303395120693 0
      vertex 2.0516500025987625 -2.4474694430828094 0
    endloop
  endfacet
  facet normal 0 0 -1
    outer loop
      vertex 2.485086664557457 1.7844261080026627 0
      vertex 13.036934978214587 -3.5306966048793074 0
      vertex 2.0861900001764297 1.3292400017380714 0
    endloop
  endfacet
  facet normal 0 0 1
    outer loop
      vertex -26.400000000000002 20.75 2.2
      vertex 21.524623318809724 -15.312868930080462 2.2
      vertex 21.5 -15 2.2
    endloop
  endfacet
  facet normal 0 0 1
    outer loop
      vertex -26.400000000000002 20.75 2.2
      vertex 21.597886967409693 -15.618033988749895 2.2
      vertex 21.524623318809724 -15.312868930080462 2.2
    endloop
  endfacet
  facet normal 0 0 1
    outer loop
      vertex -26.400000000000002 20.75 2.2
      vertex 21.717986951623264 -15.907980999479093 2.2
      vertex 21.597886967409693 -15.618033988749895 2.2
    endloop
  endfacet
  facet normal 0 0 1
    outer loop
      vertex -26.400000000000002 20.75 2.2
      vertex 21.881966011250107 -16.175570504584947 2.2
      vertex 21.717986951623264 -15.907980999479093 2.2
    endloop
  endfacet
  facet normal 0 0 1
    outer loop
      vertex -26.400000000000002 20.75 2.2
      vertex 25.48686868686869 -20.75 2.2
      vertex 21.881966011250107 -16.175570504584947 2.2
    endloop
  endfacet
  facet normal 0 0 -1
    outer loop
      vertex 2.340729996562004 -2.9285911098122597 0
      vertex 2.0516500025987625 -2.4474694430828094 0
      vertex 13.036934978214587 -4.469303395120693 0
    endloop
  endfacet
  facet normal 0 0 -1
    outer loop
      vertex 2.340729996562004 -2.9285911098122597 0
      vertex 13.036934978214587 -4.469303395120693 0
      vertex 2.5655699968338013 -3.448665000498295 0
    endloop
  endfacet
  facet normal 0 0 -1
    outer loop
      vertex 2.5655699968338013 -3.448665000498295 0
      vertex 13.036934978214587 -4.469303395120693 0
      vertex 2.726170003414154 -4.007691107690334 0
    endloop
  endfacet
  facet normal 0 0 -1
    outer loop
      vertex 2.726170003414154 -4.007691107690334 0
      vertex 13.036934978214587 -4.469303395120693 0
      vertex 2.8225300014019012 -4.605669446289539 0
    endloop
  endfacet
  facet normal 0 0 -1
    outer loop
      vertex 2.8225300014019012 -4.605669446289539 0
      vertex 13.036934978214587 -4.469303395120693 0
      vertex 2.8546499982476234 -5.242600001394749 0
    endloop
  endfacet
  facet normal 0 0 -1
    outer loop
      vertex 13.146830451114539 -4.927050983124842 0
      vertex 2.8030538856983185 -6.086128890514374 0
      vertex 2.8546499982476234 -5.242600001394749 0
    endloop
  endfacet
  facet normal 0 0 -1
    outer loop
      vertex 2.8030538856983185 -6.086128890514374 0
      vertex 13.326980427434897 -5.36197149921864 0
      vertex 2.648265555500984 -6.866248890757561 0
    endloop
  endfacet
  facet normal 0 0 -1
    outer loop
      vertex 0.3381127789616585 -9.80625555664301 0
      vertex 16 -7 0
      vertex -0.400958888232708 -10.177395552396774 0
    endloop
  endfacet
  facet normal 0 0 -1
    outer loop
      vertex 2.648265555500984 -6.866248890757561 0
      vertex 13.572949016875157 -5.763355756877419 0
      vertex 2.39028500020504 -7.5829600021243095 0
    endloop
  endfacet
  facet normal 0 0 -1
    outer loop
      vertex 13.878679656440358 -6.121320343559643 0
      vertex 2.029112219810486 -8.23626222461462 0
      vertex 2.39028500020504 -7.5829600021243095 0
    endloop
  endfacet
  facet normal 0 0 -1
    outer loop
      vertex 1.5647472217679024 -8.826155558228493 0
      vertex 15.530696604879306 -6.963065021785413 0
      vertex 0.997189998626709 -9.352640002965927 0
    endloop
  endfacet
  facet normal 0 0 -1
    outer loop
      vertex 2.029112219810486 -8.23626222461462 0
      vertex 15.072949016875159 -6.853169548885461 0
      vertex 1.5647472217679024 -8.826155558228493 0
    endloop
  endfacet
  facet normal 0 0 -1
    outer loop
      vertex 0.997189998626709 -9.352640002965927 0
      vertex 16 -7 0
      vertex 0.3381127789616585 -9.80625555664301 0
    endloop
  endfacet
  facet normal 0 0 -1
    outer loop
      vertex 13 -4 0
      vertex 2.0861900001764297 1.3292400017380714 0
      vertex 13.036934978214587 -3.5306966048793074 0
    endloop
  endfacet
  facet normal 0 0 -1
    outer loop
      vertex 13.036934978214587 -4.469303395120693 0
      vertex 1.620229996740818 0.9224661141633987 0
      vertex 13 -4 0
    endloop
  endfacet
  facet normal 0 0 -1
    outer loop
      vertex 3.06530000269413 2.8153949975967407 0
      vertex 14.23664424312258 -1.5729490168751576 0
      vertex 13.878679656440358 -1.8786796564403572 0
    endloop
  endfacet
  facet normal 0 0 -1
    outer loop
      vertex 3.06530000269413 2.8153949975967407 0
      vertex 13.878679656440358 -1.8786796564403572 0
      vertex 13.572949016875157 -2.236644243122581 0
    endloop
  endfacet
  facet normal 0 0 -1
    outer loop
      vertex 3.06530000269413 2.8153949975967407 0
      vertex 13.572949016875157 -2.236644243122581 0
      vertex 13.326980427434897 -2.6380285007813598 0
    endloop
  endfacet
  facet normal 0 0 -1
    outer loop
      vertex 13.146830451114539 -3.0729490168751576 0
      vertex 2.8114566653966904 2.2798111140727997 0
      vertex 13.326980427434897 -2.6380285007813598 0
    endloop
  endfacet
  facet normal 0 0 -1
    outer loop
      vertex 3.06530000269413 2.8153949975967407 0
      vertex 14.63802850078136 -1.3269804274348962 0
      vertex 14.23664424312258 -1.5729490168751576 0
    endloop
  endfacet
  facet normal 0 0 -1
    outer loop
      vertex 13.036934978214587 -3.5306966048793074 0
      vertex 2.485086664557457 1.7844261080026627 0
      vertex 13.146830451114539 -3.0729490168751576 0
    endloop
  endfacet
  facet normal 0 0 -1
    outer loop
      vertex 13.146830451114539 -4.927050983124842 0
      vertex 2.8546499982476234 -5.242600001394749 0
      vertex 13.036934978214587 -4.469303395120693 0
    endloop
  endfacet
  facet normal 0 0 -1
    outer loop
      vertex 13.326980427434897 -5.36197149921864 0
      vertex 2.8030538856983185 -6.086128890514374 0
      vertex 13.146830451114539 -4.927050983124842 0
    endloop
  endfacet
  facet normal 0 0 -1
    outer loop
      vertex 13.572949016875157 -5.763355756877419 0
      vertex 2.648265555500984 -6.866248890757561 0
      vertex 13.326980427434897 -5.36197149921864 0
    endloop
  endfacet
  facet normal 0 0 -1
    outer loop
      vertex 13.878679656440358 -6.121320343559643 0
      vertex 2.39028500020504 -7.5829600021243095 0
      vertex 13.572949016875157 -5.763355756877419 0
    endloop
  endfacet
  facet normal 0 0 -1
    outer loop
      vertex 13.878679656440358 -6.121320343559643 0
      vertex 14.23664424312258 -6.427050983124842 0
      vertex 2.029112219810486 -8.23626222461462 0
    endloop
  endfacet
  facet normal 0 0 -1
    outer loop
      vertex 14.23664424312258 -6.427050983124842 0
      vertex 14.63802850078136 -6.673019572565104 0
      vertex 2.029112219810486 -8.23626222461462 0
    endloop
  endfacet
  facet normal 0 0 -1
    outer loop
      vertex 14.63802850078136 -6.673019572565104 0
      vertex 15.072949016875159 -6.853169548885461 0
      vertex 2.029112219810486 -8.23626222461462 0
    endloop
  endfacet
  facet normal 0 0 -1
    outer loop
      vertex 15.072949016875159 -6.853169548885461 0
      vertex 15.530696604879306 -6.963065021785413 0
      vertex 1.5647472217679024 -8.826155558228493 0
    endloop
  endfacet
  facet normal 0 0 -1
    outer loop
      vertex 15.530696604879306 -6.963065021785413 0
      vertex 16 -7 0
      vertex 0.997189998626709 -9.352640002965927 0
    endloop
  endfacet
  facet normal 0 0 -1
    outer loop
      vertex 30.400000000000002 -24.75 0
      vertex -6.9656549990177155 -10.453024998307228 0
      vertex -6.09497444331646 -10.666455551981926 0
    endloop
  endfacet
  facet normal 0 0 -1
    outer loop
      vertex 30.400000000000002 -24.75 0
      vertex -6.09497444331646 -10.666455551981926 0
      vertex -5.158819444477558 -10.794513888657093 0
    endloop
  endfacet
  facet normal 0 0 -1
    outer loop
      vertex 30.400000000000002 -24.75 0
      vertex -5.158819444477558 -10.794513888657093 0
      vertex -4.157190002501011 -10.837200000882149 0
    endloop
  endfacet
  facet normal 0 0 -1
    outer loop
      vertex 30.400000000000002 -24.75 0
      vertex -4.157190002501011 -10.837200000882149 0
      vertex -3.0981405526399612 -10.79596222192049 0
    endloop
  endfacet
  facet normal 0 0 -1
    outer loop
      vertex 30.400000000000002 -24.75 0
      vertex -3.0981405526399612 -10.79596222192049 0
      vertex -2.119085557758808 -10.672248892486095 0
    endloop
  endfacet
  facet normal 0 0 -1
    outer loop
      vertex 30.400000000000002 -24.75 0
      vertex -2.119085557758808 -10.672248892486095 0
      vertex -1.2200250029563904 -10.466059997677803 0
    endloop
  endfacet
  facet normal 0 0 -1
    outer loop
      vertex 30.400000000000002 -24.75 0
      vertex -1.2200250029563904 -10.466059997677803 0
      vertex -0.400958888232708 -10.177395552396774 0
    endloop
  endfacet
  facet normal 0 0 1
    outer loop
      vertex -30.400000000000002 -24.75 2.2
      vertex 30.400000000000002 -24.75 2.2
      vertex 28.000000000000004 -22.35 2.2
    endloop
  endfacet
  facet normal 0 -1 0
    outer loop
      vertex -30.400000000000002 -24.75 0
      vertex 30.400000000000002 -24.75 0
      vertex 30.400000000000002 -24.75 2.2
    endloop
  endfacet
  facet normal 0 0 1
    outer loop
      vertex 21.524623318809724 14.687131069919538 2.2
      vertex 18.963065021785415 -3.5306966048793074 2.2
      vertex 21.524623318809724 -14.687131069919538 2.2
    endloop
  endfacet
  facet normal 0 0 1
    outer loop
      vertex 22.085786437626904 13.585786437626904 2.2
      vertex 21.881966011250107 -13.824429495415053 2.2
      vertex 22.085786437626904 -13.585786437626904 2.2
    endloop
  endfacet
  facet normal 0 0 1
    outer loop
      vertex 22.324429495415053 13.381966011250105 2.2
      vertex 22.085786437626904 -13.585786437626904 2.2
      vertex 22.324429495415053 -13.381966011250105 2.2
    endloop
  endfacet
  facet normal 0 0 1
    outer loop
      vertex 22.592019000520907 13.217986951623264 2.2
      vertex 22.324429495415053 -13.381966011250105 2.2
      vertex 22.592019000520907 -13.217986951623264 2.2
    endloop
  endfacet
  facet normal 0 0 1
    outer loop
      vertex 22.881966011250107 13.097886967409693 2.2
      vertex 22.592019000520907 -13.217986951623264 2.2
      vertex 22.881966011250107 -13.097886967409693 2.2
    endloop
  endfacet
  facet normal 0 0 1
    outer loop
      vertex 21.597886967409693 14.381966011250105 2.2
      vertex 21.524623318809724 -14.687131069919538 2.2
      vertex 21.597886967409693 -14.381966011250105 2.2
    endloop
  endfacet
  facet normal 0 0 1
    outer loop
      vertex 21.717986951623264 14.092019000520907 2.2
      vertex 21.597886967409693 -14.381966011250105 2.2
      vertex 21.717986951623264 -14.092019000520907 2.2
    endloop
  endfacet
  facet normal 0 0 1
    outer loop
      vertex 21.881966011250107 13.824429495415053 2.2
      vertex 21.717986951623264 -14.092019000520907 2.2
      vertex 21.881966011250107 -13.824429495415053 2.2
    endloop
  endfacet
  facet normal 0 0 1
    outer loop
      vertex 21.524623318809724 -14.687131069919538 2.2
      vertex 14.63802850078136 -6.673019572565104 2.2
      vertex 14.23664424312258 -6.427050983124842 2.2
    endloop
  endfacet
  facet normal 0 0 1
    outer loop
      vertex 21.524623318809724 -14.687131069919538 2.2
      vertex 17.76335575687742 -6.427050983124842 2.2
      vertex 17.36197149921864 -6.673019572565104 2.2
    endloop
  endfacet
  facet normal 0 0 1
    outer loop
      vertex 21.524623318809724 -14.687131069919538 2.2
      vertex 15.072949016875159 -6.853169548885461 2.2
      vertex 14.63802850078136 -6.673019572565104 2.2
    endloop
  endfacet
  facet normal 0 0 1
    outer loop
      vertex 21.524623318809724 -14.687131069919538 2.2
      vertex 15.530696604879306 -6.963065021785413 2.2
      vertex 15.072949016875159 -6.853169548885461 2.2
    endloop
  endfacet
  facet normal 0 0 1
    outer loop
      vertex 21.524623318809724 -14.687131069919538 2.2
      vertex 16 -7 2.2
      vertex 15.530696604879306 -6.963065021785413 2.2
    endloop
  endfacet
  facet normal 0 0 1
    outer loop
      vertex 21.524623318809724 -14.687131069919538 2.2
      vertex 16.469303395120694 -6.963065021785413 2.2
      vertex 16 -7 2.2
    endloop
  endfacet
  facet normal 0 0 1
    outer loop
      vertex 21.524623318809724 -14.687131069919538 2.2
      vertex 16.927050983124843 -6.853169548885461 2.2
      vertex 16.469303395120694 -6.963065021785413 2.2
    endloop
  endfacet
  facet normal 0 0 1
    outer loop
      vertex 21.524623318809724 -14.687131069919538 2.2
      vertex 17.36197149921864 -6.673019572565104 2.2
      vertex 16.927050983124843 -6.853169548885461 2.2
    endloop
  endfacet
  facet normal 0 0 1
    outer loop
      vertex 21.524623318809724 -14.687131069919538 2.2
      vertex 18.963065021785415 -3.5306966048793074 2.2
      vertex 19 -4 2.2
    endloop
  endfacet
  facet normal 0 0 1
    outer loop
      vertex 21.524623318809724 -14.687131069919538 2.2
      vertex 19 -4 2.2
      vertex 18.963065021785415 -4.469303395120693 2.2
    endloop
  endfacet
  facet normal 0 0 1
    outer loop
      vertex 21.524623318809724 -14.687131069919538 2.2
      vertex 18.963065021785415 -4.469303395120693 2.2
      vertex 18.85316954888546 -4.927050983124842 2.2
    endloop
  endfacet
  facet normal 0 0 1
    outer loop
      vertex 21.524623318809724 -14.687131069919538 2.2
      vertex 18.85316954888546 -4.927050983124842 2.2
      vertex 18.673019572565103 -5.36197149921864 2.2
    endloop
  endfacet
  facet normal 0 0 1
    outer loop
      vertex 21.524623318809724 -14.687131069919538 2.2
      vertex 18.427050983124843 -5.763355756877419 2.2
      vertex 18.121320343559642 -6.121320343559643 2.2
    endloop
  endfacet
  facet normal 0 0 1
    outer loop
      vertex 21.524623318809724 -14.687131069919538 2.2
      vertex 18.121320343559642 -6.121320343559643 2.2
      vertex 17.76335575687742 -6.427050983124842 2.2
    endloop
  endfacet
  facet normal 0 0 1
    outer loop
      vertex 21.524623318809724 -14.687131069919538 2.2
      vertex 18.673019572565103 -5.36197149921864 2.2
      vertex 18.427050983124843 -5.763355756877419 2.2
    endloop
  endfacet
  facet normal 0 0 -1
    outer loop
      vertex 30.400000000000002 -24.75 0
      vertex 18.963065021785415 -4.469303395120693 0
      vertex 19 -4 0
    endloop
  endfacet
  facet normal 0 0 -1
    outer loop
      vertex 30.400000000000002 -24.75 0
      vertex 18.85316954888546 -4.927050983124842 0
      vertex 18.963065021785415 -4.469303395120693 0
    endloop
  endfacet
  facet normal 0 0 -1
    outer loop
      vertex 30.400000000000002 -24.75 0
      vertex 18.121320343559642 -6.121320343559643 0
      vertex 18.427050983124843 -5.763355756877419 0
    endloop
  endfacet
  facet normal 0 0 -1
    outer loop
      vertex 30.400000000000002 -24.75 0
      vertex 18.427050983124843 -5.763355756877419 0
      vertex 18.673019572565103 -5.36197149921864 0
    endloop
  endfacet
  facet normal 0 0 -1
    outer loop
      vertex 30.400000000000002 -24.75 0
      vertex 18.673019572565103 -5.36197149921864 0
      vertex 18.85316954888546 -4.927050983124842 0
    endloop
  endfacet
  facet normal 0 0 1
    outer loop
      vertex 23.187131069919538 13.024623318809724 2.2
      vertex 22.881966011250107 -13.097886967409693 2.2
      vertex 23.187131069919538 -13.024623318809724 2.2
    endloop
  endfacet
  facet normal 0 0 1
    outer loop
      vertex 23.5 13 2.2
      vertex 23.187131069919538 -13.024623318809724 2.2
      vertex 23.5 -13 2.2
    endloop
  endfacet
  facet normal 0 0 1
    outer loop
      vertex 23.812868930080462 13.024623318809724 2.2
      vertex 23.5 -13 2.2
      vertex 23.812868930080462 -13.024623318809724 2.2
    endloop
  endfacet
  facet normal 0 0 1
    outer loop
      vertex 24.118033988749893 13.097886967409693 2.2
      vertex 23.812868930080462 -13.024623318809724 2.2
      vertex 24.118033988749893 -13.097886967409693 2.2
    endloop
  endfacet
  facet normal 0 0 1
    outer loop
      vertex 24.407980999479093 13.217986951623264 2.2
      vertex 24.118033988749893 -13.097886967409693 2.2
      vertex 24.407980999479093 -13.217986951623264 2.2
    endloop
  endfacet
  facet normal 0 0 1
    outer loop
      vertex 24.675570504584947 13.381966011250105 2.2
      vertex 24.407980999479093 -13.217986951623264 2.2
      vertex 24.675570504584947 -13.381966011250105 2.2
    endloop
  endfacet
  facet normal 0 0 1
    outer loop
      vertex 24.914213562373096 13.585786437626904 2.2
      vertex 24.675570504584947 -13.381966011250105 2.2
      vertex 24.914213562373096 -13.585786437626904 2.2
    endloop
  endfacet
  facet normal 0 0 1
    outer loop
      vertex 25.118033988749893 13.824429495415053 2.2
      vertex 24.914213562373096 -13.585786437626904 2.2
      vertex 25.118033988749893 -13.824429495415053 2.2
    endloop
  endfacet
  facet normal 0 0 1
    outer loop
      vertex 25.282013048376736 14.092019000520907 2.2
      vertex 25.118033988749893 -13.824429495415053 2.2
      vertex 25.282013048376736 -14.092019000520907 2.2
    endloop
  endfacet
  facet normal 0 0 1
    outer loop
      vertex 25.402113032590307 14.381966011250105 2.2
      vertex 25.282013048376736 -14.092019000520907 2.2
      vertex 25.402113032590307 -14.381966011250105 2.2
    endloop
  endfacet
  facet normal 0 0 1
    outer loop
      vertex 25.475376681190276 14.687131069919538 2.2
      vertex 25.402113032590307 -14.381966011250105 2.2
      vertex 25.475376681190276 -14.687131069919538 2.2
    endloop
  endfacet
  facet normal 0 0 1
    outer loop
      vertex 25.5 15 2.2
      vertex 25.475376681190276 -14.687131069919538 2.2
      vertex 25.5 -15 2.2
    endloop
  endfacet
  facet normal 0 0 1
    outer loop
      vertex 26.400000000000002 20.75 2.2
      vertex 25.5 -15 2.2
      vertex 25.48686868686869 -20.75 2.2
    endloop
  endfacet
  facet normal 0 0 -1
    outer loop
      vertex 30.400000000000002 24.75 0
      vertex 30.400000000000002 -24.75 0
      vertex 19 -4 0
    endloop
  endfacet
  facet normal 0 0 1
    outer loop
      vertex 26.400000000000002 20.75 2.2
      vertex 25.48686868686869 -20.75 2.2
      vertex 26.400000000000002 -20.75 2.2
    endloop
  endfacet
  facet normal 0 0 1
    outer loop
      vertex 30.400000000000002 24.75 2.2
      vertex 28.000000000000004 -22.35 2.2
      vertex 30.400000000000002 -24.75 2.2
    endloop
  endfacet
  facet normal 1 0 0
    outer loop
      vertex 30.400000000000002 24.75 0
      vertex 30.400000000000002 -24.75 2.2
      vertex 30.400000000000002 -24.75 0
    endloop
  endfacet
  facet normal 0 0 -1
    outer loop
      vertex 30.400000000000002 -24.75 0
      vertex -0.400958888232708 -10.177395552396774 0
      vertex 16 -7 0
    endloop
  endfacet
  facet normal 0 0 -1
    outer loop
      vertex 30.400000000000002 -24.75 0
      vertex 16 -7 0
      vertex 16.469303395120694 -6.963065021785413 0
    endloop
  endfacet
  facet normal 0 0 -1
    outer loop
      vertex 30.400000000000002 -24.75 0
      vertex 16.469303395120694 -6.963065021785413 0
      vertex 16.927050983124843 -6.853169548885461 0
    endloop
  endfacet
  facet normal 0 0 -1
    outer loop
      vertex 30.400000000000002 -24.75 0
      vertex 16.927050983124843 -6.853169548885461 0
      vertex 17.36197149921864 -6.673019572565104 0
    endloop
  endfacet
  facet normal 0 0 -1
    outer loop
      vertex 30.400000000000002 -24.75 0
      vertex 17.36197149921864 -6.673019572565104 0
      vertex 17.76335575687742 -6.427050983124842 0
    endloop
  endfacet
  facet normal 0 0 -1
    outer loop
      vertex 30.400000000000002 -24.75 0
      vertex 17.76335575687742 -6.427050983124842 0
      vertex 18.121320343559642 -6.121320343559643 0
    endloop
  endfacet
  facet normal 0 0 1
    outer loop
      vertex 21.881966011250107 -16.175570504584947 2.2
      vertex 25.48686868686869 -20.75 2.2
      vertex 22.085786437626904 -16.414213562373096 2.2
    endloop
  endfacet
  facet normal 0 0 1
    outer loop
      vertex 22.085786437626904 -16.414213562373096 2.2
      vertex 25.48686868686869 -20.75 2.2
      vertex 22.324429495415053 -16.618033988749893 2.2
    endloop
  endfacet
  facet normal 0 0 1
    outer loop
      vertex 22.324429495415053 -16.618033988749893 2.2
      vertex 25.48686868686869 -20.75 2.2
      vertex 22.592019000520907 -16.782013048376736 2.2
    endloop
  endfacet
  facet normal 0 0 1
    outer loop
      vertex 22.592019000520907 -16.782013048376736 2.2
      vertex 25.48686868686869 -20.75 2.2
      vertex 22.881966011250107 -16.902113032590307 2.2
    endloop
  endfacet
  facet normal 0 0 1
    outer loop
      vertex 22.881966011250107 -16.902113032590307 2.2
      vertex 25.48686868686869 -20.75 2.2
      vertex 23.187131069919538 -16.975376681190276 2.2
    endloop
  endfacet
  facet normal 0 0 1
    outer loop
      vertex 23.187131069919538 -16.975376681190276 2.2
      vertex 25.48686868686869 -20.75 2.2
      vertex 23.5 -17 2.2
    endloop
  endfacet
  facet normal 0 0 1
    outer loop
      vertex 24.118033988749893 -16.902113032590307 2.2
      vertex 25.48686868686869 -20.75 2.2
      vertex 24.407980999479093 -16.782013048376736 2.2
    endloop
  endfacet
  facet normal 0 0 1
    outer loop
      vertex 23.5 -17 2.2
      vertex 25.48686868686869 -20.75 2.2
      vertex 23.812868930080462 -16.975376681190276 2.2
    endloop
  endfacet
  facet normal 0 0 1
    outer loop
      vertex 23.812868930080462 -16.975376681190276 2.2
      vertex 25.48686868686869 -20.75 2.2
      vertex 24.118033988749893 -16.902113032590307 2.2
    endloop
  endfacet
  facet normal 0 0 1
    outer loop
      vertex 25.118033988749893 -16.175570504584947 2.2
      vertex 24.914213562373096 -16.414213562373096 2.2
      vertex 25.48686868686869 -20.75 2.2
    endloop
  endfacet
  facet normal 0 0 1
    outer loop
      vertex 25.5 -15 2.2
      vertex 25.475376681190276 -15.312868930080462 2.2
      vertex 25.48686868686869 -20.75 2.2
    endloop
  endfacet
  facet normal 0 0 1
    outer loop
      vertex 25.475376681190276 -15.312868930080462 2.2
      vertex 25.402113032590307 -15.618033988749895 2.2
      vertex 25.48686868686869 -20.75 2.2
    endloop
  endfacet
  facet normal 0 0 1
    outer loop
      vertex 25.402113032590307 -15.618033988749895 2.2
      vertex 25.282013048376736 -15.907980999479093 2.2
      vertex 25.48686868686869 -20.75 2.2
    endloop
  endfacet
  facet normal 0 0 1
    outer loop
      vertex 25.118033988749893 -16.175570504584947 2.2
      vertex 25.48686868686869 -20.75 2.2
      vertex 25.282013048376736 -15.907980999479093 2.2
    endloop
  endfacet
  facet normal 0 0 1
    outer loop
      vertex 24.675570504584947 -16.618033988749893 2.2
      vertex 24.407980999479093 -16.782013048376736 2.2
      vertex 25.48686868686869 -20.75 2.2
    endloop
  endfacet
  facet normal 0 0 1
    outer loop
      vertex 24.675570504584947 -16.618033988749893 2.2
      vertex 25.48686868686869 -20.75 2.2
      vertex 24.914213562373096 -16.414213562373096 2.2
    endloop
  endfacet
  facet normal 0.9238795325112862 -0.3826834323650916 -2.2147541274093355e-18
    outer loop
      vertex 13.326980427434897 -2.6380285007813598 2.2
      vertex 13.146830451114539 -3.0729490168751576 2.2
      vertex 13.146830451114539 -3.0729490168751576 0
    endloop
  endfacet
  facet normal 0.5224985647159484 -0.8526401643540925 0
    outer loop
      vertex 14.23664424312258 -1.5729490168751576 2.2
      vertex 14.23664424312258 -1.5729490168751576 0
      vertex 14.63802850078136 -1.3269804274348962 2.2
    endloop
  endfacet
  facet normal 0.38268343236508845 -0.9238795325112873 0
    outer loop
      vertex 14.63802850078136 -1.3269804274348962 2.2
      vertex 14.63802850078136 -1.3269804274348962 0
      vertex 15.072949016875159 -1.1468304511145395 2.2
    endloop
  endfacet
  facet normal 0.7604059656000297 -0.6494480483301852 5.5308238696487786e-18
    outer loop
      vertex 13.878679656440358 -1.8786796564403572 2.2
      vertex 13.572949016875157 -2.236644243122581 2.2
      vertex 13.572949016875157 -2.236644243122581 0
    endloop
  endfacet
  facet normal 0.6494480483301848 -0.7604059656000298 6.16076922068368e-18
    outer loop
      vertex 14.23664424312258 -1.5729490168751576 2.2
      vertex 13.878679656440358 -1.8786796564403572 2.2
      vertex 13.878679656440358 -1.8786796564403572 0
    endloop
  endfacet
  facet normal 0.8526401643540936 -0.5224985647159462 3.840679955226885e-18
    outer loop
      vertex 13.572949016875157 -2.236644243122581 2.2
      vertex 13.326980427434897 -2.6380285007813598 2.2
      vertex 13.326980427434897 -2.6380285007813598 0
    endloop
  endfacet
  facet normal 0.9238795325112862 -0.3826834323650916 0
    outer loop
      vertex 13.326980427434897 -2.6380285007813598 2.2
      vertex 13.146830451114539 -3.0729490168751576 0
      vertex 13.326980427434897 -2.6380285007813598 0
    endloop
  endfacet
  facet normal 0.5224985647159484 -0.8526401643540925 0
    outer loop
      vertex 14.63802850078136 -1.3269804274348962 2.2
      vertex 14.23664424312258 -1.5729490168751576 0
      vertex 14.63802850078136 -1.3269804274348962 0
    endloop
  endfacet
  facet normal 0.38268343236508845 -0.9238795325112873 0
    outer loop
      vertex 15.072949016875159 -1.1468304511145395 2.2
      vertex 14.63802850078136 -1.3269804274348962 0
      vertex 15.072949016875159 -1.1468304511145395 0
    endloop
  endfacet
  facet normal 0.6494480483301848 -0.7604059656000298 0
    outer loop
      vertex 14.23664424312258 -1.5729490168751576 2.2
      vertex 13.878679656440358 -1.8786796564403572 0
      vertex 14.23664424312258 -1.5729490168751576 0
    endloop
  endfacet
  facet normal 0.7604059656000297 -0.6494480483301852 0
    outer loop
      vertex 13.878679656440358 -1.8786796564403572 2.2
      vertex 13.572949016875157 -2.236644243122581 0
      vertex 13.878679656440358 -1.8786796564403572 0
    endloop
  endfacet
  facet normal 0.8526401643540936 -0.5224985647159462 0
    outer loop
      vertex 13.572949016875157 -2.236644243122581 2.2
      vertex 13.326980427434897 -2.6380285007813598 0
      vertex 13.572949016875157 -2.236644243122581 0
    endloop
  endfacet
  facet normal 0.9723699203976769 -0.23344536385590434 2.867974938965759e-18
    outer loop
      vertex 13.146830451114539 -3.0729490168751576 2.2
      vertex 13.036934978214587 -3.5306966048793074 2.2
      vertex 13.036934978214587 -3.5306966048793074 0
    endloop
  endfacet
  facet normal 0.9969173337331281 -0.07845909572784562 -6.579240918255496e-19
    outer loop
      vertex 13.036934978214587 -3.5306966048793074 2.2
      vertex 13 -4 2.2
      vertex 13 -4 0
    endloop
  endfacet
  facet normal 0.9969173337331281 0.07845909572784562 6.579240918255496e-19
    outer loop
      vertex 13 -4 2.2
      vertex 13.036934978214587 -4.469303395120693 2.2
      vertex 13.036934978214587 -4.469303395120693 0
    endloop
  endfacet
  facet normal 0.9723699203976769 0.23344536385590434 -2.867974938965759e-18
    outer loop
      vertex 13.036934978214587 -4.469303395120693 2.2
      vertex 13.146830451114539 -4.927050983124842 2.2
      vertex 13.146830451114539 -4.927050983124842 0
    endloop
  endfacet
  facet normal 0.9238795325112862 0.3826834323650916 2.2147541274093355e-18
    outer loop
      vertex 13.146830451114539 -4.927050983124842 2.2
      vertex 13.326980427434897 -5.36197149921864 2.2
      vertex 13.326980427434897 -5.36197149921864 0
    endloop
  endfacet
  facet normal 0.8526401643540936 0.5224985647159462 -3.840679955226885e-18
    outer loop
      vertex 13.326980427434897 -5.36197149921864 2.2
      vertex 13.572949016875157 -5.763355756877419 2.2
      vertex 13.572949016875157 -5.763355756877419 0
    endloop
  endfacet
  facet normal 0.7604059656000297 0.6494480483301852 -5.5308238696487786e-18
    outer loop
      vertex 13.572949016875157 -5.763355756877419 2.2
      vertex 13.878679656440358 -6.121320343559643 2.2
      vertex 13.878679656440358 -6.121320343559643 0
    endloop
  endfacet
  facet normal 0.9723699203976769 -0.23344536385590434 0
    outer loop
      vertex 13.146830451114539 -3.0729490168751576 2.2
      vertex 13.036934978214587 -3.5306966048793074 0
      vertex 13.146830451114539 -3.0729490168751576 0
    endloop
  endfacet
  facet normal 0.9969173337331281 -0.07845909572784562 0
    outer loop
      vertex 13.036934978214587 -3.5306966048793074 2.2
      vertex 13 -4 0
      vertex 13.036934978214587 -3.5306966048793074 0
    endloop
  endfacet
  facet normal 0.9969173337331281 0.07845909572784562 0
    outer loop
      vertex 13 -4 2.2
      vertex 13.036934978214587 -4.469303395120693 0
      vertex 13 -4 0
    endloop
  endfacet
  facet normal 0.9723699203976769 0.23344536385590434 0
    outer loop
      vertex 13.036934978214587 -4.469303395120693 2.2
      vertex 13.146830451114539 -4.927050983124842 0
      vertex 13.036934978214587 -4.469303395120693 0
    endloop
  endfacet
  facet normal 0.9238795325112862 0.3826834323650916 0
    outer loop
      vertex 13.146830451114539 -4.927050983124842 2.2
      vertex 13.326980427434897 -5.36197149921864 0
      vertex 13.146830451114539 -4.927050983124842 0
    endloop
  endfacet
  facet normal 0.8526401643540936 0.5224985647159462 0
    outer loop
      vertex 13.326980427434897 -5.36197149921864 2.2
      vertex 13.572949016875157 -5.763355756877419 0
      vertex 13.326980427434897 -5.36197149921864 0
    endloop
  endfacet
  facet normal 0.7604059656000297 0.6494480483301852 0
    outer loop
      vertex 13.572949016875157 -5.763355756877419 2.2
      vertex 13.878679656440358 -6.121320343559643 0
      vertex 13.572949016875157 -5.763355756877419 0
    endloop
  endfacet
  facet normal 0.6494480483301848 0.7604059656000298 0
    outer loop
      vertex 14.23664424312258 -6.427050983124842 2.2
      vertex 14.23664424312258 -6.427050983124842 0
      vertex 13.878679656440358 -6.121320343559643 2.2
    endloop
  endfacet
  facet normal 0.5224985647159484 0.8526401643540925 0
    outer loop
      vertex 14.63802850078136 -6.673019572565104 2.2
      vertex 14.63802850078136 -6.673019572565104 0
      vertex 14.23664424312258 -6.427050983124842 2.2
    endloop
  endfacet
  facet normal 0.3826834323650892 0.9238795325112868 0
    outer loop
      vertex 15.072949016875159 -6.853169548885461 2.2
      vertex 15.072949016875159 -6.853169548885461 0
      vertex 14.63802850078136 -6.673019572565104 2.2
    endloop
  endfacet
  facet normal 0.6494480483301848 0.7604059656000298 0
    outer loop
      vertex 13.878679656440358 -6.121320343559643 2.2
      vertex 14.23664424312258 -6.427050983124842 0
      vertex 13.878679656440358 -6.121320343559643 0
    endloop
  endfacet
  facet normal 0.5224985647159484 0.8526401643540925 0
    outer loop
      vertex 14.23664424312258 -6.427050983124842 2.2
      vertex 14.63802850078136 -6.673019572565104 0
      vertex 14.23664424312258 -6.427050983124842 0
    endloop
  endfacet
  facet normal 0.3826834323650892 0.9238795325112868 0
    outer loop
      vertex 14.63802850078136 -6.673019572565104 2.2
      vertex 15.072949016875159 -6.853169548885461 0
      vertex 14.63802850078136 -6.673019572565104 0
    endloop
  endfacet
  facet normal 0.23344536385590697 -0.9723699203976761 0
    outer loop
      vertex 15.072949016875159 -1.1468304511145395 2.2
      vertex 15.072949016875159 -1.1468304511145395 0
      vertex 15.530696604879306 -1.0369349782145867 2.2
    endloop
  endfacet
  facet normal 0.07845909572784451 -0.9969173337331281 0
    outer loop
      vertex 15.530696604879306 -1.0369349782145867 2.2
      vertex 15.530696604879306 -1.0369349782145867 0
      vertex 16 -1 2.2
    endloop
  endfacet
  facet normal -0.07845909572784451 -0.9969173337331281 0
    outer loop
      vertex 16 -1 2.2
      vertex 16 -1 0
      vertex 16.469303395120694 -1.0369349782145867 2.2
    endloop
  endfacet
  facet normal -0.2334453638559061 -0.9723699203976764 0
    outer loop
      vertex 16.469303395120694 -1.0369349782145867 2.2
      vertex 16.469303395120694 -1.0369349782145867 0
      vertex 16.927050983124843 -1.1468304511145395 2.2
    endloop
  endfacet
  facet normal -0.3826834323650897 -0.9238795325112867 0
    outer loop
      vertex 16.927050983124843 -1.1468304511145395 2.2
      vertex 16.927050983124843 -1.1468304511145395 0
      vertex 17.36197149921864 -1.3269804274348962 2.2
    endloop
  endfacet
  facet normal -0.5224985647159484 -0.8526401643540925 0
    outer loop
      vertex 17.36197149921864 -1.3269804274348962 2.2
      vertex 17.36197149921864 -1.3269804274348962 0
      vertex 17.76335575687742 -1.5729490168751576 2.2
    endloop
  endfacet
  facet normal -0.6494480483301848 -0.7604059656000298 0
    outer loop
      vertex 17.76335575687742 -1.5729490168751576 2.2
      vertex 17.76335575687742 -1.5729490168751576 0
      vertex 18.121320343559642 -1.8786796564403572 2.2
    endloop
  endfacet
  facet normal -0.7604059656000297 -0.6494480483301852 0
    outer loop
      vertex 18.121320343559642 -1.8786796564403572 2.2
      vertex 18.121320343559642 -1.8786796564403572 0
      vertex 18.427050983124843 -2.236644243122581 2.2
    endloop
  endfacet
  facet normal -0.8526401643540936 -0.5224985647159462 -3.840679955226885e-18
    outer loop
      vertex 18.673019572565103 -2.6380285007813598 2.2
      vertex 18.427050983124843 -2.236644243122581 2.2
      vertex 18.427050983124843 -2.236644243122581 0
    endloop
  endfacet
  facet normal -0.9238795325112862 -0.3826834323650916 2.2147541274093355e-18
    outer loop
      vertex 18.85316954888546 -3.0729490168751576 2.2
      vertex 18.673019572565103 -2.6380285007813598 2.2
      vertex 18.673019572565103 -2.6380285007813598 0
    endloop
  endfacet
  facet normal 0.23344536385590697 -0.9723699203976761 0
    outer loop
      vertex 15.530696604879306 -1.0369349782145867 2.2
      vertex 15.072949016875159 -1.1468304511145395 0
      vertex 15.530696604879306 -1.0369349782145867 0
    endloop
  endfacet
  facet normal 0.07845909572784451 -0.9969173337331281 0
    outer loop
      vertex 16 -1 2.2
      vertex 15.530696604879306 -1.0369349782145867 0
      vertex 16 -1 0
    endloop
  endfacet
  facet normal -0.07845909572784451 -0.9969173337331281 0
    outer loop
      vertex 16.469303395120694 -1.0369349782145867 2.2
      vertex 16 -1 0
      vertex 16.469303395120694 -1.0369349782145867 0
    endloop
  endfacet
  facet normal -0.2334453638559061 -0.9723699203976764 0
    outer loop
      vertex 16.927050983124843 -1.1468304511145395 2.2
      vertex 16.469303395120694 -1.0369349782145867 0
      vertex 16.927050983124843 -1.1468304511145395 0
    endloop
  endfacet
  facet normal -0.3826834323650897 -0.9238795325112867 0
    outer loop
      vertex 17.36197149921864 -1.3269804274348962 2.2
      vertex 16.927050983124843 -1.1468304511145395 0
      vertex 17.36197149921864 -1.3269804274348962 0
    endloop
  endfacet
  facet normal -0.5224985647159484 -0.8526401643540925 0
    outer loop
      vertex 17.76335575687742 -1.5729490168751576 2.2
      vertex 17.36197149921864 -1.3269804274348962 0
      vertex 17.76335575687742 -1.5729490168751576 0
    endloop
  endfacet
  facet normal -0.6494480483301848 -0.7604059656000298 0
    outer loop
      vertex 18.121320343559642 -1.8786796564403572 2.2
      vertex 17.76335575687742 -1.5729490168751576 0
      vertex 18.121320343559642 -1.8786796564403572 0
    endloop
  endfacet
  facet normal -0.7604059656000297 -0.6494480483301852 0
    outer loop
      vertex 18.427050983124843 -2.236644243122581 2.2
      vertex 18.121320343559642 -1.8786796564403572 0
      vertex 18.427050983124843 -2.236644243122581 0
    endloop
  endfacet
  facet normal -0.8526401643540936 -0.5224985647159462 0
    outer loop
      vertex 18.673019572565103 -2.6380285007813598 2.2
      vertex 18.427050983124843 -2.236644243122581 0
      vertex 18.673019572565103 -2.6380285007813598 0
    endloop
  endfacet
  facet normal -0.9238795325112862 -0.3826834323650916 0
    outer loop
      vertex 18.85316954888546 -3.0729490168751576 2.2
      vertex 18.673019572565103 -2.6380285007813598 0
      vertex 18.85316954888546 -3.0729490168751576 0
    endloop
  endfacet
  facet normal -0.972369920397676 -0.2334453638559079 2.60333962652544e-18
    outer loop
      vertex 18.963065021785415 -3.5306966048793074 2.2
      vertex 18.85316954888546 -3.0729490168751576 2.2
      vertex 18.85316954888546 -3.0729490168751576 0
    endloop
  endfacet
  facet normal -0.9969173337331283 -0.07845909572784185 1.6071035012438038e-18
    outer loop
      vertex 19 -4 2.2
      vertex 18.963065021785415 -3.5306966048793074 2.2
      vertex 18.963065021785415 -3.5306966048793074 0
    endloop
  endfacet
  facet normal -0.9969173337331283 0.07845909572784185 -1.6071035012438038e-18
    outer loop
      vertex 18.963065021785415 -4.469303395120693 2.2
      vertex 19 -4 2.2
      vertex 19 -4 0
    endloop
  endfacet
  facet normal -0.972369920397676 0.2334453638559079 -2.60333962652544e-18
    outer loop
      vertex 18.85316954888546 -4.927050983124842 2.2
      vertex 18.963065021785415 -4.469303395120693 2.2
      vertex 18.963065021785415 -4.469303395120693 0
    endloop
  endfacet
  facet normal -0.9238795325112862 0.3826834323650916 -2.2147541274093355e-18
    outer loop
      vertex 18.673019572565103 -5.36197149921864 2.2
      vertex 18.85316954888546 -4.927050983124842 2.2
      vertex 18.85316954888546 -4.927050983124842 0
    endloop
  endfacet
  facet normal -0.7604059656000297 0.6494480483301852 5.5308238696487786e-18
    outer loop
      vertex 18.121320343559642 -6.121320343559643 2.2
      vertex 18.427050983124843 -5.763355756877419 2.2
      vertex 18.427050983124843 -5.763355756877419 0
    endloop
  endfacet
  facet normal -0.8526401643540936 0.5224985647159462 3.840679955226885e-18
    outer loop
      vertex 18.427050983124843 -5.763355756877419 2.2
      vertex 18.673019572565103 -5.36197149921864 2.2
      vertex 18.673019572565103 -5.36197149921864 0
    endloop
  endfacet
  facet normal -0.972369920397676 -0.2334453638559079 0
    outer loop
      vertex 18.963065021785415 -3.5306966048793074 2.2
      vertex 18.85316954888546 -3.0729490168751576 0
      vertex 18.963065021785415 -3.5306966048793074 0
    endloop
  endfacet
  facet normal -0.9969173337331283 -0.07845909572784185 0
    outer loop
      vertex 19 -4 2.2
      vertex 18.963065021785415 -3.5306966048793074 0
      vertex 19 -4 0
    endloop
  endfacet
  facet normal -0.9969173337331283 0.07845909572784185 0
    outer loop
      vertex 18.963065021785415 -4.469303395120693 2.2
      vertex 19 -4 0
      vertex 18.963065021785415 -4.469303395120693 0
    endloop
  endfacet
  facet normal -0.972369920397676 0.2334453638559079 0
    outer loop
      vertex 18.85316954888546 -4.927050983124842 2.2
      vertex 18.963065021785415 -4.469303395120693 0
      vertex 18.85316954888546 -4.927050983124842 0
    endloop
  endfacet
  facet normal -0.9238795325112862 0.3826834323650916 0
    outer loop
      vertex 18.673019572565103 -5.36197149921864 2.2
      vertex 18.85316954888546 -4.927050983124842 0
      vertex 18.673019572565103 -5.36197149921864 0
    endloop
  endfacet
  facet normal -0.8526401643540936 0.5224985647159462 0
    outer loop
      vertex 18.427050983124843 -5.763355756877419 2.2
      vertex 18.673019572565103 -5.36197149921864 0
      vertex 18.427050983124843 -5.763355756877419 0
    endloop
  endfacet
  facet normal -0.7604059656000297 0.6494480483301852 0
    outer loop
      vertex 18.121320343559642 -6.121320343559643 2.2
      vertex 18.427050983124843 -5.763355756877419 0
      vertex 18.121320343559642 -6.121320343559643 0
    endloop
  endfacet
  facet normal 0.2334453638559052 0.9723699203976766 0
    outer loop
      vertex 15.530696604879306 -6.963065021785413 2.2
      vertex 15.530696604879306 -6.963065021785413 0
      vertex 15.072949016875159 -6.853169548885461 2.2
    endloop
  endfacet
  facet normal 0.07845909572784544 0.9969173337331279 0
    outer loop
      vertex 16 -7 2.2
      vertex 16 -7 0
      vertex 15.530696604879306 -6.963065021785413 2.2
    endloop
  endfacet
  facet normal -0.23344536385590434 0.9723699203976769 0
    outer loop
      vertex 16.927050983124843 -6.853169548885461 2.2
      vertex 16.927050983124843 -6.853169548885461 0
      vertex 16.469303395120694 -6.963065021785413 2.2
    endloop
  endfacet
  facet normal -0.07845909572784544 0.9969173337331279 0
    outer loop
      vertex 16.469303395120694 -6.963065021785413 2.2
      vertex 16.469303395120694 -6.963065021785413 0
      vertex 16 -7 2.2
    endloop
  endfacet
  facet normal -0.38268343236509056 0.9238795325112863 0
    outer loop
      vertex 17.36197149921864 -6.673019572565104 2.2
      vertex 17.36197149921864 -6.673019572565104 0
      vertex 16.927050983124843 -6.853169548885461 2.2
    endloop
  endfacet
  facet normal -0.5224985647159484 0.8526401643540925 0
    outer loop
      vertex 17.76335575687742 -6.427050983124842 2.2
      vertex 17.76335575687742 -6.427050983124842 0
      vertex 17.36197149921864 -6.673019572565104 2.2
    endloop
  endfacet
  facet normal -0.6494480483301848 0.7604059656000298 6.16076922068368e-18
    outer loop
      vertex 17.76335575687742 -6.427050983124842 2.2
      vertex 18.121320343559642 -6.121320343559643 2.2
      vertex 18.121320343559642 -6.121320343559643 0
    endloop
  endfacet
  facet normal 0.2334453638559052 0.9723699203976766 0
    outer loop
      vertex 15.072949016875159 -6.853169548885461 2.2
      vertex 15.530696604879306 -6.963065021785413 0
      vertex 15.072949016875159 -6.853169548885461 0
    endloop
  endfacet
  facet normal 0.07845909572784544 0.9969173337331279 0
    outer loop
      vertex 15.530696604879306 -6.963065021785413 2.2
      vertex 16 -7 0
      vertex 15.530696604879306 -6.963065021785413 0
    endloop
  endfacet
  facet normal -0.23344536385590434 0.9723699203976769 0
    outer loop
      vertex 16.469303395120694 -6.963065021785413 2.2
      vertex 16.927050983124843 -6.853169548885461 0
      vertex 16.469303395120694 -6.963065021785413 0
    endloop
  endfacet
  facet normal -0.38268343236509056 0.9238795325112863 0
    outer loop
      vertex 16.927050983124843 -6.853169548885461 2.2
      vertex 17.36197149921864 -6.673019572565104 0
      vertex 16.927050983124843 -6.853169548885461 0
    endloop
  endfacet
  facet normal -0.07845909572784544 0.9969173337331279 0
    outer loop
      vertex 16 -7 2.2
      vertex 16.469303395120694 -6.963065021785413 0
      vertex 16 -7 0
    endloop
  endfacet
  facet normal -0.5224985647159484 0.8526401643540925 0
    outer loop
      vertex 17.36197149921864 -6.673019572565104 2.2
      vertex 17.76335575687742 -6.427050983124842 0
      vertex 17.36197149921864 -6.673019572565104 0
    endloop
  endfacet
  facet normal -0.6494480483301848 0.7604059656000298 0
    outer loop
      vertex 17.76335575687742 -6.427050983124842 2.2
      vertex 18.121320343559642 -6.121320343559643 0
      vertex 17.76335575687742 -6.427050983124842 0
    endloop
  endfacet
  facet normal 0.9599407106775143 -0.2802031976690288 0
    outer loop
      vertex -11.382796667516232 6.588804446160793 0.6000000000000001
      vertex -11.635191664099693 5.724131114780903 0
      vertex -11.382796667516232 6.588804446160793 0
    endloop
  endfacet
  facet normal 0.5598909997842307 -0.8285662727631474 0
    outer loop
      vertex -9.453249998390675 9.280919998884201 0.6000000000000001
      vertex -9.453249998390675 9.280919998884201 0
      vertex -8.74833333492279 9.757256664335728 0.6000000000000001
    endloop
  endfacet
  facet normal 0.5598909997842307 -0.8285662727631474 0
    outer loop
      vertex -8.74833333492279 9.757256664335728 0.6000000000000001
      vertex -9.453249998390675 9.280919998884201 0
      vertex -8.74833333492279 9.757256664335728 0
    endloop
  endfacet
  facet normal 0.33274643435450024 -0.9430163362446942 0
    outer loop
      vertex -7.9663433358073235 10.146986663341522 0.6000000000000001
      vertex -7.9663433358073235 10.146986663341522 0
      vertex -7.107280001044273 10.450110003352165 0.6000000000000001
    endloop
  endfacet
  facet normal 0.44605496270160766 -0.8950055699543256 0
    outer loop
      vertex -8.74833333492279 9.757256664335728 0.6000000000000001
      vertex -8.74833333492279 9.757256664335728 0
      vertex -7.9663433358073235 10.146986663341522 0.6000000000000001
    endloop
  endfacet
  facet normal 0.44605496270160766 -0.8950055699543256 0
    outer loop
      vertex -7.9663433358073235 10.146986663341522 0.6000000000000001
      vertex -8.74833333492279 9.757256664335728 0
      vertex -7.9663433358073235 10.146986663341522 0
    endloop
  endfacet
  facet normal 0.852390380695127 -0.5229059560747196 0
    outer loop
      vertex -10.602016665041447 8.088177777826786 0.6000000000000001
      vertex -11.038405001163483 7.376819998025894 0
      vertex -10.602016665041447 8.088177777826786 0
    endloop
  endfacet
  facet normal 0.668765227584875 -0.7434736514318113 0
    outer loop
      vertex -9.453249998390675 9.280919998884201 0.6000000000000001
      vertex -10.073631666600704 8.722877778112888 0.6000000000000001
      vertex -10.073631666600704 8.722877778112888 0
    endloop
  endfacet
  facet normal 0.7685377988729611 -0.6398043854988053 0
    outer loop
      vertex -10.073631666600704 8.722877778112888 0.6000000000000001
      vertex -10.602016665041447 8.088177777826786 0
      vertex -10.073631666600704 8.722877778112888 0
    endloop
  endfacet
  facet normal 0.668765227584875 -0.7434736514318113 0
    outer loop
      vertex -9.453249998390675 9.280919998884201 0.6000000000000001
      vertex -10.073631666600704 8.722877778112888 0
      vertex -9.453249998390675 9.280919998884201 0
    endloop
  endfacet
  facet normal 0.7685377988729611 -0.6398043854988053 0
    outer loop
      vertex -10.602016665041447 8.088177777826786 0.6000000000000001
      vertex -10.602016665041447 8.088177777826786 0
      vertex -10.073631666600704 8.722877778112888 0.6000000000000001
    endloop
  endfacet
  facet normal 0 0 -1
    outer loop
      vertex -10.602016665041447 8.088177777826786 0.6000000000000001
      vertex -6.966761112213135 6.092191107571125 0.6000000000000001
      vertex -11.038405001163483 7.376819998025894 0.6000000000000001
    endloop
  endfacet
  facet normal 0 0 -1
    outer loop
      vertex -11.038405001163483 7.376819998025894 0.6000000000000001
      vertex -7.321071110665798 5.335061110556126 0.6000000000000001
      vertex -11.382796667516232 6.588804446160793 0.6000000000000001
    endloop
  endfacet
  facet normal 0.852390380695127 -0.5229059560747196 0
    outer loop
      vertex -10.602016665041447 8.088177777826786 0.6000000000000001
      vertex -11.038405001163483 7.376819998025894 0.6000000000000001
      vertex -11.038405001163483 7.376819998025894 0
    endloop
  endfacet
  facet normal 0.9163131791433754 -0.40046242985848324 0
    outer loop
      vertex -11.038405001163483 7.376819998025894 0.6000000000000001
      vertex -11.382796667516232 6.588804446160793 0
      vertex -11.038405001163483 7.376819998025894 0
    endloop
  endfacet
  facet normal 0.9163131791433754 -0.40046242985848324 0
    outer loop
      vertex -11.038405001163483 7.376819998025894 0.6000000000000001
      vertex -11.382796667516232 6.588804446160793 0.6000000000000001
      vertex -11.382796667516232 6.588804446160793 0
    endloop
  endfacet
  facet normal 0 0 -1
    outer loop
      vertex -9.453249998390675 9.280919998884201 0.6000000000000001
      vertex -6.966761112213135 6.092191107571125 0.6000000000000001
      vertex -10.073631666600704 8.722877778112888 0.6000000000000001
    endloop
  endfacet
  facet normal 0 0 -1
    outer loop
      vertex -9.453249998390675 9.280919998884201 0.6000000000000001
      vertex -8.74833333492279 9.757256664335728 0.6000000000000001
      vertex -6.465760000050068 6.681069999933243 0.6000000000000001
    endloop
  endfacet
  facet normal 0 0 -1
    outer loop
      vertex -8.74833333492279 9.757256664335728 0.6000000000000001
      vertex -7.9663433358073235 10.146986663341522 0.6000000000000001
      vertex -6.465760000050068 6.681069999933243 0.6000000000000001
    endloop
  endfacet
  facet normal 0 0 -1
    outer loop
      vertex -10.602016665041447 8.088177777826786 0.6000000000000001
      vertex -10.073631666600704 8.722877778112888 0.6000000000000001
      vertex -6.966761112213135 6.092191107571125 0.6000000000000001
    endloop
  endfacet
  facet normal 0 0 -1
    outer loop
      vertex -9.453249998390675 9.280919998884201 0.6000000000000001
      vertex -6.465760000050068 6.681069999933243 0.6000000000000001
      vertex -6.966761112213135 6.092191107571125 0.6000000000000001
    endloop
  endfacet
  facet normal 0 0 -1
    outer loop
      vertex -11.038405001163483 7.376819998025894 0.6000000000000001
      vertex -6.966761112213135 6.092191107571125 0.6000000000000001
      vertex -7.321071110665798 5.335061110556126 0.6000000000000001
    endloop
  endfacet
  facet normal 0.9599407106775143 -0.2802031976690288 0
    outer loop
      vertex -11.635191664099693 5.724131114780903 0.6000000000000001
      vertex -11.635191664099693 5.724131114780903 0
      vertex -11.382796667516232 6.588804446160793 0.6000000000000001
    endloop
  endfacet
  facet normal 0.9857913995973833 -0.16797415420186623 0
    outer loop
      vertex -11.635191664099693 5.724131114780903 0.6000000000000001
      vertex -11.795589998364449 4.782799996435642 0.6000000000000001
      vertex -11.795589998364449 4.782799996435642 0
    endloop
  endfacet
  facet normal 0.9857913995973833 -0.16797415420186623 0
    outer loop
      vertex -11.635191664099693 5.724131114780903 0.6000000000000001
      vertex -11.795589998364449 4.782799996435642 0
      vertex -11.635191664099693 5.724131114780903 0
    endloop
  endfacet
  facet normal 0 0 -1
    outer loop
      vertex -11.635191664099693 5.724131114780903 0.6000000000000001
      vertex -11.382796667516232 6.588804446160793 0.6000000000000001
      vertex -7.321071110665798 5.335061110556126 0.6000000000000001
    endloop
  endfacet
  facet normal 0 0 -1
    outer loop
      vertex -11.635191664099693 5.724131114780903 0.6000000000000001
      vertex -7.528690002858639 4.409680001437664 0.6000000000000001
      vertex -11.795589998364449 4.782799996435642 0.6000000000000001
    endloop
  endfacet
  facet normal 0.08711278983741437 0.996198455051373 0
    outer loop
      vertex -11.795589998364449 4.782799996435642 0.6000000000000001
      vertex -7.528690002858639 4.409680001437664 0
      vertex -11.795589998364449 4.782799996435642 0
    endloop
  endfacet
  facet normal 0 0 -1
    outer loop
      vertex -11.635191664099693 5.724131114780903 0.6000000000000001
      vertex -7.321071110665798 5.335061110556126 0.6000000000000001
      vertex -7.528690002858639 4.409680001437664 0.6000000000000001
    endloop
  endfacet
  facet normal 0.08711278983741437 0.996198455051373 -4.320085866628233e-17
    outer loop
      vertex -11.795589998364449 4.782799996435642 0.6000000000000001
      vertex -7.528690002858639 4.409680001437664 0.6000000000000001
      vertex -7.528690002858639 4.409680001437664 0
    endloop
  endfacet
  facet normal 0 0 -1
    outer loop
      vertex -7.107280001044273 10.450110003352165 0.6000000000000001
      vertex -6.17114333063364 10.666626669466496 0.6000000000000001
      vertex -5.818067774176598 7.101697780191898 0.6000000000000001
    endloop
  endfacet
  facet normal 0.22533884489627357 -0.9742804549927158 0
    outer loop
      vertex -7.107280001044273 10.450110003352165 0.6000000000000001
      vertex -7.107280001044273 10.450110003352165 0
      vertex -6.17114333063364 10.666626669466496 0.6000000000000001
    endloop
  endfacet
  facet normal 0.33274643435450024 -0.9430163362446942 0
    outer loop
      vertex -7.107280001044273 10.450110003352165 0.6000000000000001
      vertex -7.9663433358073235 10.146986663341522 0
      vertex -7.107280001044273 10.450110003352165 0
    endloop
  endfacet
  facet normal 0.12717518177740436 -0.991880271575095 0
    outer loop
      vertex -6.17114333063364 10.666626669466496 0.6000000000000001
      vertex -6.17114333063364 10.666626669466496 0
      vertex -5.157933332026005 10.796536669135094 0.6000000000000001
    endloop
  endfacet
  facet normal 0.22533884489627357 -0.9742804549927158 0
    outer loop
      vertex -6.17114333063364 10.666626669466496 0.6000000000000001
      vertex -7.107280001044273 10.450110003352165 0
      vertex -6.17114333063364 10.666626669466496 0
    endloop
  endfacet
  facet normal 0 0 -1
    outer loop
      vertex -6.17114333063364 10.666626669466496 0.6000000000000001
      vertex -5.157933332026005 10.796536669135094 0.6000000000000001
      vertex -5.023684442043304 7.354074440896511 0.6000000000000001
    endloop
  endfacet
  facet normal 0 0 -1
    outer loop
      vertex -5.157933332026005 10.796536669135094 0.6000000000000001
      vertex -4.067649997770786 10.83984000235796 0.6000000000000001
      vertex -4.0826100036501884 7.438199996948242 0.6000000000000001
    endloop
  endfacet
  facet normal 0.03968621471593745 -0.9992121918599275 0
    outer loop
      vertex -5.157933332026005 10.796536669135094 0.6000000000000001
      vertex -5.157933332026005 10.796536669135094 0
      vertex -4.067649997770786 10.83984000235796 0.6000000000000001
    endloop
  endfacet
  facet normal 0.12717518177740436 -0.991880271575095 0
    outer loop
      vertex -5.157933332026005 10.796536669135094 0.6000000000000001
      vertex -6.17114333063364 10.666626669466496 0
      vertex -5.157933332026005 10.796536669135094 0
    endloop
  endfacet
  facet normal 0.03968621471593745 -0.9992121918599275 0
    outer loop
      vertex -4.067649997770786 10.83984000235796 0.6000000000000001
      vertex -5.157933332026005 10.796536669135094 0
      vertex -4.067649997770786 10.83984000235796 0
    endloop
  endfacet
  facet normal 0 0 -1
    outer loop
      vertex -7.9663433358073235 10.146986663341522 0.6000000000000001
      vertex -7.107280001044273 10.450110003352165 0.6000000000000001
      vertex -5.818067774176598 7.101697780191898 0.6000000000000001
    endloop
  endfacet
  facet normal 0 0 -1
    outer loop
      vertex -7.9663433358073235 10.146986663341522 0.6000000000000001
      vertex -5.818067774176598 7.101697780191898 0.6000000000000001
      vertex -6.465760000050068 6.681069999933243 0.6000000000000001
    endloop
  endfacet
  facet normal -0.7616494430613162 0.6479892945754481 0
    outer loop
      vertex -6.966761112213135 6.092191107571125 0.6000000000000001
      vertex -6.465760000050068 6.681069999933243 0
      vertex -6.966761112213135 6.092191107571125 0
    endloop
  endfacet
  facet normal -0.5446495366448402 0.8386637480138037 0
    outer loop
      vertex -5.818067774176598 7.101697780191898 0.6000000000000001
      vertex -5.818067774176598 7.101697780191898 0
      vertex -6.465760000050068 6.681069999933243 0.6000000000000001
    endloop
  endfacet
  facet normal -0.7616494430613162 0.6479892945754481 0
    outer loop
      vertex -6.966761112213135 6.092191107571125 0.6000000000000001
      vertex -6.465760000050068 6.681069999933243 0.6000000000000001
      vertex -6.465760000050068 6.681069999933243 0
    endloop
  endfacet
  facet normal -0.5446495366448402 0.8386637480138037 0
    outer loop
      vertex -6.465760000050068 6.681069999933243 0.6000000000000001
      vertex -5.818067774176598 7.101697780191898 0
      vertex -6.465760000050068 6.681069999933243 0
    endloop
  endfacet
  facet normal 0 0 -1
    outer loop
      vertex -5.157933332026005 10.796536669135094 0.6000000000000001
      vertex -4.0826100036501884 7.438199996948242 0.6000000000000001
      vertex -5.023684442043304 7.354074440896511 0.6000000000000001
    endloop
  endfacet
  facet normal 0 0 -1
    outer loop
      vertex -6.17114333063364 10.666626669466496 0.6000000000000001
      vertex -5.023684442043304 7.354074440896511 0.6000000000000001
      vertex -5.818067774176598 7.101697780191898 0.6000000000000001
    endloop
  endfacet
  facet normal 0 0 -1
    outer loop
      vertex -4.067649997770786 10.83984000235796 0.6000000000000001
      vertex -3.599001109600067 7.417483329772949 0.6000000000000001
      vertex -4.0826100036501884 7.438199996948242 0.6000000000000001
    endloop
  endfacet
  facet normal -0.30278781552975903 0.9530579933911244 0
    outer loop
      vertex -5.818067774176598 7.101697780191898 0.6000000000000001
      vertex -5.023684442043304 7.354074440896511 0.6000000000000001
      vertex -5.023684442043304 7.354074440896511 0
    endloop
  endfacet
  facet normal -0.30278781552975903 0.9530579933911244 0
    outer loop
      vertex -5.818067774176598 7.101697780191898 0.6000000000000001
      vertex -5.023684442043304 7.354074440896511 0
      vertex -5.818067774176598 7.101697780191898 0
    endloop
  endfacet
  facet normal -0.08903804515036248 0.9960282257626046 0
    outer loop
      vertex -5.023684442043304 7.354074440896511 0.6000000000000001
      vertex -4.0826100036501884 7.438199996948242 0.6000000000000001
      vertex -4.0826100036501884 7.438199996948242 0
    endloop
  endfacet
  facet normal -0.08903804515036248 0.9960282257626046 0
    outer loop
      vertex -5.023684442043304 7.354074440896511 0.6000000000000001
      vertex -4.0826100036501884 7.438199996948242 0
      vertex -5.023684442043304 7.354074440896511 0
    endloop
  endfacet
  facet normal 0.04279839627790575 0.9990837288616202 0
    outer loop
      vertex -4.0826100036501884 7.438199996948242 0.6000000000000001
      vertex -3.599001109600067 7.417483329772949 0
      vertex -4.0826100036501884 7.438199996948242 0
    endloop
  endfacet
  facet normal 0 0 -1
    outer loop
      vertex -4.067649997770786 10.83984000235796 0.6000000000000001
      vertex -2.9197388887405396 10.795082218945026 0.6000000000000001
      vertex -3.599001109600067 7.417483329772949 0.6000000000000001
    endloop
  endfacet
  facet normal 0 0 -1
    outer loop
      vertex -2.9197388887405396 10.795082218945026 0.6000000000000001
      vertex -1.863005556166172 10.660808891057968 0.6000000000000001
      vertex -3.1526944413781166 7.355333335697651 0.6000000000000001
    endloop
  endfacet
  facet normal -0.03896103091455427 -0.9992407307901712 0
    outer loop
      vertex -4.067649997770786 10.83984000235796 0.6000000000000001
      vertex -4.067649997770786 10.83984000235796 0
      vertex -2.9197388887405396 10.795082218945026 0.6000000000000001
    endloop
  endfacet
  facet normal -0.03896103091455427 -0.9992407307901712 0
    outer loop
      vertex -2.9197388887405396 10.795082218945026 0.6000000000000001
      vertex -4.067649997770786 10.83984000235796 0
      vertex -2.9197388887405396 10.795082218945026 0
    endloop
  endfacet
  facet normal -0.1260510359769964 -0.9920237579459101 0
    outer loop
      vertex -2.9197388887405396 10.795082218945026 0.6000000000000001
      vertex -2.9197388887405396 10.795082218945026 0
      vertex -1.863005556166172 10.660808891057968 0.6000000000000001
    endloop
  endfacet
  facet normal -0.1260510359769964 -0.9920237579459101 0
    outer loop
      vertex -1.863005556166172 10.660808891057968 0.6000000000000001
      vertex -2.9197388887405396 10.795082218945026 0
      vertex -1.863005556166172 10.660808891057968 0
    endloop
  endfacet
  facet normal 0 0 -1
    outer loop
      vertex -1.863005556166172 10.660808891057968 0.6000000000000001
      vertex -0.8974500000476837 10.437019996345043 0.6000000000000001
      vertex -2.743689998984337 7.251749999821186 0.6000000000000001
    endloop
  endfacet
  facet normal -0.2257870326298634 -0.9741766861797715 0
    outer loop
      vertex -1.863005556166172 10.660808891057968 0.6000000000000001
      vertex -1.863005556166172 10.660808891057968 0
      vertex -0.8974500000476837 10.437019996345043 0.6000000000000001
    endloop
  endfacet
  facet normal -0.2257870326298634 -0.9741766861797715 0
    outer loop
      vertex -0.8974500000476837 10.437019996345043 0.6000000000000001
      vertex -1.863005556166172 10.660808891057968 0
      vertex -0.8974500000476837 10.437019996345043 0
    endloop
  endfacet
  facet normal -0.33731652112294847 -0.941391291959678 0
    outer loop
      vertex -0.8974500000476837 10.437019996345043 0.6000000000000001
      vertex -0.8974500000476837 10.437019996345043 0
      vertex -0.023072220385074615 10.123715557157993 0.6000000000000001
    endloop
  endfacet
  facet normal -0.33731652112294847 -0.941391291959678 0
    outer loop
      vertex -0.023072220385074615 10.123715557157993 0.6000000000000001
      vertex -0.8974500000476837 10.437019996345043 0
      vertex -0.023072220385074615 10.123715557157993 0
    endloop
  endfacet
  facet normal 0 0 -1
    outer loop
      vertex -3.599001109600067 7.417483329772949 0.6000000000000001
      vertex -2.9197388887405396 10.795082218945026 0.6000000000000001
      vertex -3.1526944413781166 7.355333335697651 0.6000000000000001
    endloop
  endfacet
  facet normal 0 0 -1
    outer loop
      vertex -1.863005556166172 10.660808891057968 0.6000000000000001
      vertex -2.743689998984337 7.251749999821186 0.6000000000000001
      vertex -3.1526944413781166 7.355333335697651 0.6000000000000001
    endloop
  endfacet
  facet normal 0 0 -1
    outer loop
      vertex -0.8974500000476837 10.437019996345043 0.6000000000000001
      vertex -2.3719877749681473 7.106733337044716 0.6000000000000001
      vertex -2.743689998984337 7.251749999821186 0.6000000000000001
    endloop
  endfacet
  facet normal 0.04279839627790575 0.9990837288616202 0
    outer loop
      vertex -4.0826100036501884 7.438199996948242 0.6000000000000001
      vertex -3.599001109600067 7.417483329772949 0.6000000000000001
      vertex -3.599001109600067 7.417483329772949 0
    endloop
  endfacet
  facet normal 0.1379231519940789 0.990442933310152 0
    outer loop
      vertex -3.599001109600067 7.417483329772949 0.6000000000000001
      vertex -3.1526944413781166 7.355333335697651 0.6000000000000001
      vertex -3.1526944413781166 7.355333335697651 0
    endloop
  endfacet
  facet normal 0.24550630010564398 0.9693949951430724 0
    outer loop
      vertex -3.1526944413781166 7.355333335697651 0.6000000000000001
      vertex -2.743689998984337 7.251749999821186 0.6000000000000001
      vertex -2.743689998984337 7.251749999821186 0
    endloop
  endfacet
  facet normal 0.1379231519940789 0.990442933310152 0
    outer loop
      vertex -3.599001109600067 7.417483329772949 0.6000000000000001
      vertex -3.1526944413781166 7.355333335697651 0
      vertex -3.599001109600067 7.417483329772949 0
    endloop
  endfacet
  facet normal 0.24550630010564398 0.9693949951430724 0
    outer loop
      vertex -3.1526944413781166 7.355333335697651 0.6000000000000001
      vertex -2.743689998984337 7.251749999821186 0
      vertex -3.1526944413781166 7.355333335697651 0
    endloop
  endfacet
  facet normal 0.3634601273959512 0.9316097550977657 0
    outer loop
      vertex -2.743689998984337 7.251749999821186 0.6000000000000001
      vertex -2.3719877749681473 7.106733337044716 0.6000000000000001
      vertex -2.3719877749681473 7.106733337044716 0
    endloop
  endfacet
  facet normal 0.4869840361005318 0.8734108704288241 0
    outer loop
      vertex -2.3719877749681473 7.106733337044716 0.6000000000000001
      vertex -2.0375877767801285 6.920283332467079 0.6000000000000001
      vertex -2.0375877767801285 6.920283332467079 0
    endloop
  endfacet
  facet normal 0.3634601273959512 0.9316097550977657 0
    outer loop
      vertex -2.743689998984337 7.251749999821186 0.6000000000000001
      vertex -2.3719877749681473 7.106733337044716 0
      vertex -2.743689998984337 7.251749999821186 0
    endloop
  endfacet
  facet normal 0.4869840361005318 0.8734108704288241 0
    outer loop
      vertex -2.3719877749681473 7.106733337044716 0.6000000000000001
      vertex -2.0375877767801285 6.920283332467079 0
      vertex -2.3719877749681473 7.106733337044716 0
    endloop
  endfacet
  facet normal 0.6086138065072005 0.7934665932027737 0
    outer loop
      vertex -2.0375877767801285 6.920283332467079 0.6000000000000001
      vertex -1.7404899969696999 6.692400000989437 0
      vertex -2.0375877767801285 6.920283332467079 0
    endloop
  endfacet
  facet normal 0 0 -1
    outer loop
      vertex -0.8974500000476837 10.437019996345043 0.6000000000000001
      vertex -0.023072220385074615 10.123715557157993 0.6000000000000001
      vertex -2.3719877749681473 7.106733337044716 0.6000000000000001
    endloop
  endfacet
  facet normal 0 0 -1
    outer loop
      vertex -0.023072220385074615 10.123715557157993 0.6000000000000001
      vertex -2.0375877767801285 6.920283332467079 0.6000000000000001
      vertex -2.3719877749681473 7.106733337044716 0.6000000000000001
    endloop
  endfacet
  facet normal 0 0 -1
    outer loop
      vertex 0.7601277753710747 9.720895558595657 0.6000000000000001
      vertex -1.7404899969696999 6.692400000989437 0.6000000000000001
      vertex -2.0375877767801285 6.920283332467079 0.6000000000000001
    endloop
  endfacet
  facet normal 0 0 -1
    outer loop
      vertex -0.023072220385074615 10.123715557157993 0.6000000000000001
      vertex 0.7601277753710747 9.720895558595657 0.6000000000000001
      vertex -2.0375877767801285 6.920283332467079 0.6000000000000001
    endloop
  endfacet
  facet normal 0 0 -1
    outer loop
      vertex -1.7404899969696999 6.692400000989437 0.6000000000000001
      vertex 1.4521500021219254 9.228560000658035 0.6000000000000001
      vertex -1.4851799979805946 6.421763330698013 0.6000000000000001
    endloop
  endfacet
  facet normal 0 0 -1
    outer loop
      vertex -1.4851799979805946 6.421763330698013 0.6000000000000001
      vertex 2.0447811111807823 8.65417055785656 0.6000000000000001
      vertex -1.2762899994850159 6.107199996709824 0.6000000000000001
    endloop
  endfacet
  facet normal 0.6086138065072005 0.7934665932027737 0
    outer loop
      vertex -2.0375877767801285 6.920283332467079 0.6000000000000001
      vertex -1.7404899969696999 6.692400000989437 0.6000000000000001
      vertex -1.7404899969696999 6.692400000989437 0
    endloop
  endfacet
  facet normal 0.727403868011139 0.6862095983024671 0
    outer loop
      vertex -1.7404899969696999 6.692400000989437 0.6000000000000001
      vertex -1.4851799979805946 6.421763330698013 0.6000000000000001
      vertex -1.4851799979805946 6.421763330698013 0
    endloop
  endfacet
  facet normal 0.8330498538636342 0.5531979220656724 0
    outer loop
      vertex -1.4851799979805946 6.421763330698013 0.6000000000000001
      vertex -1.2762899994850159 6.107199996709824 0.6000000000000001
      vertex -1.2762899994850159 6.107199996709824 0
    endloop
  endfacet
  facet normal 0.727403868011139 0.6862095983024671 0
    outer loop
      vertex -1.7404899969696999 6.692400000989437 0.6000000000000001
      vertex -1.4851799979805946 6.421763330698013 0
      vertex -1.7404899969696999 6.692400000989437 0
    endloop
  endfacet
  facet normal 0.8330498538636342 0.5531979220656724 0
    outer loop
      vertex -1.4851799979805946 6.421763330698013 0.6000000000000001
      vertex -1.2762899994850159 6.107199996709824 0
      vertex -1.4851799979805946 6.421763330698013 0
    endloop
  endfacet
  facet normal -0.9057321471867635 0.42385053680803003 0
    outer loop
      vertex -6.966761112213135 6.092191107571125 0.6000000000000001
      vertex -6.966761112213135 6.092191107571125 0
      vertex -7.321071110665798 5.335061110556126 0.6000000000000001
    endloop
  endfacet
  facet normal -0.9057321471867635 0.42385053680803003 0
    outer loop
      vertex -7.321071110665798 5.335061110556126 0.6000000000000001
      vertex -6.966761112213135 6.092191107571125 0
      vertex -7.321071110665798 5.335061110556126 0
    endloop
  endfacet
  facet normal -0.9757432245910688 0.21891815745758253 0
    outer loop
      vertex -7.321071110665798 5.335061110556126 0.6000000000000001
      vertex -7.321071110665798 5.335061110556126 0
      vertex -7.528690002858639 4.409680001437664 0.6000000000000001
    endloop
  endfacet
  facet normal -0.9757432245910688 0.21891815745758253 0
    outer loop
      vertex -7.528690002858639 4.409680001437664 0.6000000000000001
      vertex -7.321071110665798 5.335061110556126 0
      vertex -7.528690002858639 4.409680001437664 0
    endloop
  endfacet
  facet normal 0 -1 0
    outer loop
      vertex -6.395029999315739 1.5155799984931946 0.6000000000000001
      vertex -6.395029999315739 1.5155799984931946 0
      vertex -4.93291000276804 1.5155799984931946 0.6000000000000001
    endloop
  endfacet
  facet normal 1 0 0
    outer loop
      vertex -6.395029999315739 1.5155799984931946 0.6000000000000001
      vertex -6.395029999315739 -1.8711000010371208 0
      vertex -6.395029999315739 1.5155799984931946 0
    endloop
  endfacet
  facet normal 0.10579721981317745 -0.994387725326395 0
    outer loop
      vertex -4.293883331120014 1.536302775144577 0.6000000000000001
      vertex -4.293883331120014 1.536302775144577 0
      vertex -3.7095633298158646 1.598471112549305 0.6000000000000001
    endloop
  endfacet
  facet normal 0.10579721981317745 -0.994387725326395 0
    outer loop
      vertex -3.7095633298158646 1.598471112549305 0.6000000000000001
      vertex -4.293883331120014 1.536302775144577 0
      vertex -3.7095633298158646 1.598471112549305 0
    endloop
  endfacet
  facet normal 0 0 -1
    outer loop
      vertex -6.395029999315739 1.5155799984931946 0.6000000000000001
      vertex -4.93291000276804 1.5155799984931946 0.6000000000000001
      vertex -5.022450000047684 -1.8711000010371208 0.6000000000000001
    endloop
  endfacet
  facet normal 0 0 -1
    outer loop
      vertex -4.93291000276804 1.5155799984931946 0.6000000000000001
      vertex -4.293883331120014 1.536302775144577 0.6000000000000001
      vertex -4.445610001683235 -1.8916088864207268 0.6000000000000001
    endloop
  endfacet
  facet normal 0 0 -1
    outer loop
      vertex -4.293883331120014 1.536302775144577 0.6000000000000001
      vertex -3.7095633298158646 1.598471112549305 0.6000000000000001
      vertex -3.9184900000691414 -1.9531355574727058 0.6000000000000001
    endloop
  endfacet
  facet normal 0 -1 0
    outer loop
      vertex -4.93291000276804 1.5155799984931946 0.6000000000000001
      vertex -6.395029999315739 1.5155799984931946 0
      vertex -4.93291000276804 1.5155799984931946 0
    endloop
  endfacet
  facet normal 0.032411619008322616 -0.9994746054569168 0
    outer loop
      vertex -4.93291000276804 1.5155799984931946 0.6000000000000001
      vertex -4.93291000276804 1.5155799984931946 0
      vertex -4.293883331120014 1.536302775144577 0.6000000000000001
    endloop
  endfacet
  facet normal 0.032411619008322616 -0.9994746054569168 0
    outer loop
      vertex -4.293883331120014 1.536302775144577 0.6000000000000001
      vertex -4.93291000276804 1.5155799984931946 0
      vertex -4.293883331120014 1.536302775144577 0
    endloop
  endfacet
  facet normal 0.9108253364842754 0.41279196506025434 0
    outer loop
      vertex -1.2762899994850159 6.107199996709824 0.6000000000000001
      vertex -1.1138200014829636 5.748709999024868 0.6000000000000001
      vertex -1.1138200014829636 5.748709999024868 0
    endloop
  endfacet
  facet normal 0.9608437617671918 0.2770907170460094 0
    outer loop
      vertex -1.1138200014829636 5.748709999024868 0.6000000000000001
      vertex -0.9977699965238571 5.346293330192566 0.6000000000000001
      vertex -0.9977699965238571 5.346293330192566 0
    endloop
  endfacet
  facet normal 0.9108253364842754 0.41279196506025434 0
    outer loop
      vertex -1.2762899994850159 6.107199996709824 0.6000000000000001
      vertex -1.1138200014829636 5.748709999024868 0
      vertex -1.2762899994850159 6.107199996709824 0
    endloop
  endfacet
  facet normal 0.9608437617671918 0.2770907170460094 0
    outer loop
      vertex -1.1138200014829636 5.748709999024868 0.6000000000000001
      vertex -0.9977699965238571 5.346293330192566 0
      vertex -1.1138200014829636 5.748709999024868 0
    endloop
  endfacet
  facet normal 0.9880495328254761 0.15413669479834563 0
    outer loop
      vertex -0.9977699965238571 5.346293330192566 0.6000000000000001
      vertex -0.9281399995088577 4.899949997663498 0.6000000000000001
      vertex -0.9281399995088577 4.899949997663498 0
    endloop
  endfacet
  facet normal 0.9880495328254761 0.15413669479834563 0
    outer loop
      vertex -0.9977699965238571 5.346293330192566 0.6000000000000001
      vertex -0.9281399995088577 4.899949997663498 0
      vertex -0.9977699965238571 5.346293330192566 0
    endloop
  endfacet
  facet normal 0.9988812829210327 0.047288292737543515 0
    outer loop
      vertex -0.9281399995088577 4.899949997663498 0.6000000000000001
      vertex -0.9049300029873848 4.409680001437664 0
      vertex -0.9281399995088577 4.899949997663498 0
    endloop
  endfacet
  facet normal 0.9796613025467579 -0.2006582475065243 0
    outer loop
      vertex -0.9331083297729492 3.960488885641098 0.6000000000000001
      vertex -1.0176433324813843 3.5477688908576965 0.6000000000000001
      vertex -1.0176433324813843 3.5477688908576965 0
    endloop
  endfacet
  facet normal 0.936494096377791 -0.3506833435587505 0
    outer loop
      vertex -1.0176433324813843 3.5477688908576965 0.6000000000000001
      vertex -1.1585350036621094 3.1715200021862984 0.6000000000000001
      vertex -1.1585350036621094 3.1715200021862984 0
    endloop
  endfacet
  facet normal 0.9796613025467579 -0.2006582475065243 0
    outer loop
      vertex -0.9331083297729492 3.960488885641098 0.6000000000000001
      vertex -1.0176433324813843 3.5477688908576965 0
      vertex -0.9331083297729492 3.960488885641098 0
    endloop
  endfacet
  facet normal 0.936494096377791 -0.3506833435587505 0
    outer loop
      vertex -1.0176433324813843 3.5477688908576965 0.6000000000000001
      vertex -1.1585350036621094 3.1715200021862984 0
      vertex -1.0176433324813843 3.5477688908576965 0
    endloop
  endfacet
  facet normal 0.9988812829210327 0.047288292737543515 0
    outer loop
      vertex -0.9281399995088577 4.899949997663498 0.6000000000000001
      vertex -0.9049300029873848 4.409680001437664 0.6000000000000001
      vertex -0.9049300029873848 4.409680001437664 0
    endloop
  endfacet
  facet normal 0.9980381824449224 -0.0626081974028632 0
    outer loop
      vertex -0.9049300029873848 4.409680001437664 0.6000000000000001
      vertex -0.9331083297729492 3.960488885641098 0.6000000000000001
      vertex -0.9331083297729492 3.960488885641098 0
    endloop
  endfacet
  facet normal 0.9980381824449224 -0.0626081974028632 0
    outer loop
      vertex -0.9049300029873848 4.409680001437664 0.6000000000000001
      vertex -0.9331083297729492 3.960488885641098 0
      vertex -0.9049300029873848 4.409680001437664 0
    endloop
  endfacet
  facet normal 0.19200070381701076 -0.9813947879083995 0
    outer loop
      vertex -3.7095633298158646 1.598471112549305 0.6000000000000001
      vertex -3.7095633298158646 1.598471112549305 0
      vertex -3.179949998855591 1.7020850032567978 0.6000000000000001
    endloop
  endfacet
  facet normal 0.2921247339947844 -0.9563802276231333 0
    outer loop
      vertex -3.179949998855591 1.7020850032567978 0.6000000000000001
      vertex -3.179949998855591 1.7020850032567978 0
      vertex -2.7050433307886124 1.8471444472670555 0.6000000000000001
    endloop
  endfacet
  facet normal 0.19200070381701076 -0.9813947879083995 0
    outer loop
      vertex -3.179949998855591 1.7020850032567978 0.6000000000000001
      vertex -3.7095633298158646 1.598471112549305 0
      vertex -3.179949998855591 1.7020850032567978 0
    endloop
  endfacet
  facet normal 0.2921247339947844 -0.9563802276231333 0
    outer loop
      vertex -2.7050433307886124 1.8471444472670555 0.6000000000000001
      vertex -3.179949998855591 1.7020850032567978 0
      vertex -2.7050433307886124 1.8471444472670555 0
    endloop
  endfacet
  facet normal 0.40568330515059603 -0.914013706637974 0
    outer loop
      vertex -2.7050433307886124 1.8471444472670555 0.6000000000000001
      vertex -2.7050433307886124 1.8471444472670555 0
      vertex -2.28484333306551 2.033649444580078 0.6000000000000001
    endloop
  endfacet
  facet normal 0.5291927488743173 -0.8485016408580739 0
    outer loop
      vertex -1.9193499982357025 2.2616000026464462 0.6000000000000001
      vertex -2.28484333306551 2.033649444580078 0.6000000000000001
      vertex -2.28484333306551 2.033649444580078 0
    endloop
  endfacet
  facet normal 0.40568330515059603 -0.914013706637974 0
    outer loop
      vertex -2.28484333306551 2.033649444580078 0.6000000000000001
      vertex -2.7050433307886124 1.8471444472670555 0
      vertex -2.28484333306551 2.033649444580078 0
    endloop
  endfacet
  facet normal 0.5291927488743173 -0.8485016408580739 0
    outer loop
      vertex -1.9193499982357025 2.2616000026464462 0.6000000000000001
      vertex -2.28484333306551 2.033649444580078 0
      vertex -1.9193499982357025 2.2616000026464462 0
    endloop
  endfacet
  facet normal 0 0 -1
    outer loop
      vertex -3.7095633298158646 1.598471112549305 0.6000000000000001
      vertex -3.179949998855591 1.7020850032567978 0.6000000000000001
      vertex -3.441090002655983 -2.055679999291897 0.6000000000000001
    endloop
  endfacet
  facet normal 0 0 -1
    outer loop
      vertex -3.179949998855591 1.7020850032567978 0.6000000000000001
      vertex -2.7050433307886124 1.8471444472670555 0.6000000000000001
      vertex -1.6357700005173683 -0.25981999933719635 0.6000000000000001
    endloop
  endfacet
  facet normal 0 0 -1
    outer loop
      vertex -2.7050433307886124 1.8471444472670555 0.6000000000000001
      vertex -2.28484333306551 2.033649444580078 0.6000000000000001
      vertex -1.6357700005173683 -0.25981999933719635 0.6000000000000001
    endloop
  endfacet
  facet normal 0 0 -1
    outer loop
      vertex -1.9193499982357025 2.2616000026464462 0.6000000000000001
      vertex -1.6093883365392685 2.528435558080673 0.6000000000000001
      vertex -0.14812999963760376 0.04277777671813965 0.6000000000000001
    endloop
  endfacet
  facet normal 0 0 -1
    outer loop
      vertex -1.0176433324813843 3.5477688908576965 0.6000000000000001
      vertex 2.0861900001764297 1.3292400017380714 0.6000000000000001
      vertex -1.1585350036621094 3.1715200021862984 0.6000000000000001
    endloop
  endfacet
  facet normal 0 0 -1
    outer loop
      vertex -1.355783335864544 2.8317422196269035 0.6000000000000001
      vertex 0.5030699968338013 0.27923499792814255 0.6000000000000001
      vertex -1.6093883365392685 2.528435558080673 0.6000000000000001
    endloop
  endfacet
  facet normal 0 0 -1
    outer loop
      vertex -1.355783335864544 2.8317422196269035 0.6000000000000001
      vertex -1.1585350036621094 3.1715200021862984 0.6000000000000001
      vertex 1.0925233364105225 0.5724644437432289 0.6000000000000001
    endloop
  endfacet
  facet normal 0.6524166027823776 -0.7578605256997502 0
    outer loop
      vertex -1.9193499982357025 2.2616000026464462 0.6000000000000001
      vertex -1.9193499982357025 2.2616000026464462 0
      vertex -1.6093883365392685 2.528435558080673 0.6000000000000001
    endloop
  endfacet
  facet normal 0.7671635739214349 -0.6414515187043298 0
    outer loop
      vertex -1.355783335864544 2.8317422196269035 0.6000000000000001
      vertex -1.6093883365392685 2.528435558080673 0.6000000000000001
      vertex -1.6093883365392685 2.528435558080673 0
    endloop
  endfacet
  facet normal 0.8648353568124499 -0.5020555801971356 0
    outer loop
      vertex -1.355783335864544 2.8317422196269035 0.6000000000000001
      vertex -1.355783335864544 2.8317422196269035 0
      vertex -1.1585350036621094 3.1715200021862984 0.6000000000000001
    endloop
  endfacet
  facet normal 0.7671635739214349 -0.6414515187043298 0
    outer loop
      vertex -1.355783335864544 2.8317422196269035 0.6000000000000001
      vertex -1.6093883365392685 2.528435558080673 0
      vertex -1.355783335864544 2.8317422196269035 0
    endloop
  endfacet
  facet normal 0.6524166027823776 -0.7578605256997502 0
    outer loop
      vertex -1.6093883365392685 2.528435558080673 0.6000000000000001
      vertex -1.9193499982357025 2.2616000026464462 0
      vertex -1.6093883365392685 2.528435558080673 0
    endloop
  endfacet
  facet normal 0.8648353568124499 -0.5020555801971356 0
    outer loop
      vertex -1.1585350036621094 3.1715200021862984 0.6000000000000001
      vertex -1.355783335864544 2.8317422196269035 0
      vertex -1.1585350036621094 3.1715200021862984 0
    endloop
  endfacet
  facet normal 0 0 -1
    outer loop
      vertex -1.9193499982357025 2.2616000026464462 0.6000000000000001
      vertex -0.8610766679048538 -0.13690721988677979 0.6000000000000001
      vertex -2.28484333306551 2.033649444580078 0.6000000000000001
    endloop
  endfacet
  facet normal 0 0 -1
    outer loop
      vertex -2.28484333306551 2.033649444580078 0.6000000000000001
      vertex -0.8610766679048538 -0.13690721988677979 0.6000000000000001
      vertex -1.6357700005173683 -0.25981999933719635 0.6000000000000001
    endloop
  endfacet
  facet normal 0 0 -1
    outer loop
      vertex -1.9193499982357025 2.2616000026464462 0.6000000000000001
      vertex -0.14812999963760376 0.04277777671813965 0.6000000000000001
      vertex -0.8610766679048538 -0.13690721988677979 0.6000000000000001
    endloop
  endfacet
  facet normal 0 0 -1
    outer loop
      vertex -1.6093883365392685 2.528435558080673 0.6000000000000001
      vertex 0.5030699968338013 0.27923499792814255 0.6000000000000001
      vertex -0.14812999963760376 0.04277777671813965 0.6000000000000001
    endloop
  endfacet
  facet normal 0 0 -1
    outer loop
      vertex -11.437430001795292 -5.0487800016999245 0.6000000000000001
      vertex -7.24532999843359 -4.750239998102188 0.6000000000000001
      vertex -11.28368055820465 -5.921116665005684 0.6000000000000001
    endloop
  endfacet
  facet normal 0 0 -1
    outer loop
      vertex -11.28368055820465 -5.921116665005684 0.6000000000000001
      vertex -7.186663337051868 -5.171313889324665 0.6000000000000001
      vertex -11.04125888645649 -6.727966666221619 0.6000000000000001
    endloop
  endfacet
  facet normal 0.9848206943286973 0.1735747678147443 0
    outer loop
      vertex -11.437430001795292 -5.0487800016999245 0.6000000000000001
      vertex -11.28368055820465 -5.921116665005684 0
      vertex -11.437430001795292 -5.0487800016999245 0
    endloop
  endfacet
  facet normal 0.9848206943286973 0.1735747678147443 0
    outer loop
      vertex -11.437430001795292 -5.0487800016999245 0.6000000000000001
      vertex -11.28368055820465 -5.921116665005684 0.6000000000000001
      vertex -11.28368055820465 -5.921116665005684 0
    endloop
  endfacet
  facet normal 0.07103500359536288 -0.9974738233478644 0
    outer loop
      vertex -11.437430001795292 -5.0487800016999245 0.6000000000000001
      vertex -11.437430001795292 -5.0487800016999245 0
      vertex -7.24532999843359 -4.750239998102188 0.6000000000000001
    endloop
  endfacet
  facet normal 0 0 -1
    outer loop
      vertex -11.28368055820465 -5.921116665005684 0.6000000000000001
      vertex -7.24532999843359 -4.750239998102188 0.6000000000000001
      vertex -7.186663337051868 -5.171313889324665 0.6000000000000001
    endloop
  endfacet
  facet normal 0 0 -1
    outer loop
      vertex -11.04125888645649 -6.727966666221619 0.6000000000000001
      vertex -7.186663337051868 -5.171313889324665 0.6000000000000001
      vertex -7.090303331613541 -5.559228889644146 0.6000000000000001
    endloop
  endfacet
  facet normal 0.07103500359536288 -0.9974738233478644 0
    outer loop
      vertex -7.24532999843359 -4.750239998102188 0.6000000000000001
      vertex -11.437430001795292 -5.0487800016999245 0
      vertex -7.24532999843359 -4.750239998102188 0
    endloop
  endfacet
  facet normal 0 0 -1
    outer loop
      vertex -11.04125888645649 -6.727966666221619 0.6000000000000001
      vertex -7.090303331613541 -5.559228889644146 0.6000000000000001
      vertex -10.71016500145197 -7.469329997897148 0.6000000000000001
    endloop
  endfacet
  facet normal 0.9577064145315449 0.28774715214078567 0
    outer loop
      vertex -11.28368055820465 -5.921116665005684 0.6000000000000001
      vertex -11.04125888645649 -6.727966666221619 0.6000000000000001
      vertex -11.04125888645649 -6.727966666221619 0
    endloop
  endfacet
  facet normal 0.9577064145315449 0.28774715214078567 0
    outer loop
      vertex -11.28368055820465 -5.921116665005684 0.6000000000000001
      vertex -11.04125888645649 -6.727966666221619 0
      vertex -11.28368055820465 -5.921116665005684 0
    endloop
  endfacet
  facet normal 0.9130791386846205 0.40778240091861684 0
    outer loop
      vertex -11.04125888645649 -6.727966666221619 0.6000000000000001
      vertex -10.71016500145197 -7.469329997897148 0.6000000000000001
      vertex -10.71016500145197 -7.469329997897148 0
    endloop
  endfacet
  facet normal 0.9130791386846205 0.40778240091861684 0
    outer loop
      vertex -11.04125888645649 -6.727966666221619 0.6000000000000001
      vertex -10.71016500145197 -7.469329997897148 0
      vertex -11.04125888645649 -6.727966666221619 0
    endloop
  endfacet
  facet normal 0.849495706308893 0.5275955315985486 0
    outer loop
      vertex -10.71016500145197 -7.469329997897148 0.6000000000000001
      vertex -10.290398888289928 -8.145206667482853 0
      vertex -10.71016500145197 -7.469329997897148 0
    endloop
  endfacet
  facet normal 0.849495706308893 0.5275955315985486 0
    outer loop
      vertex -10.71016500145197 -7.469329997897148 0.6000000000000001
      vertex -10.290398888289928 -8.145206667482853 0.6000000000000001
      vertex -10.290398888289928 -8.145206667482853 0
    endloop
  endfacet
  facet normal 0.7683574596755512 0.640020948220395 0
    outer loop
      vertex -10.290398888289928 -8.145206667482853 0.6000000000000001
      vertex -9.781960554420948 -8.755596667528152 0
      vertex -10.290398888289928 -8.145206667482853 0
    endloop
  endfacet
  facet normal 0.7683574596755512 0.640020948220395 0
    outer loop
      vertex -10.290398888289928 -8.145206667482853 0.6000000000000001
      vertex -9.781960554420948 -8.755596667528152 0.6000000000000001
      vertex -9.781960554420948 -8.755596667528152 0
    endloop
  endfacet
  facet normal 0.6740773599128393 0.7386607562697076 0
    outer loop
      vertex -9.781960554420948 -8.755596667528152 0.6000000000000001
      vertex -9.184849999845028 -9.300499998033047 0
      vertex -9.781960554420948 -8.755596667528152 0
    endloop
  endfacet
  facet normal 0 0 -1
    outer loop
      vertex -10.71016500145197 -7.469329997897148 0.6000000000000001
      vertex -6.956249997019768 -5.913984999060631 0.6000000000000001
      vertex -10.290398888289928 -8.145206667482853 0.6000000000000001
    endloop
  endfacet
  facet normal 0 0 -1
    outer loop
      vertex -10.290398888289928 -8.145206667482853 0.6000000000000001
      vertex -6.78450333327055 -6.2355822250247 0.6000000000000001
      vertex -9.781960554420948 -8.755596667528152 0.6000000000000001
    endloop
  endfacet
  facet normal 0 0 -1
    outer loop
      vertex -10.71016500145197 -7.469329997897148 0.6000000000000001
      vertex -7.090303331613541 -5.559228889644146 0.6000000000000001
      vertex -6.956249997019768 -5.913984999060631 0.6000000000000001
    endloop
  endfacet
  facet normal 0 0 -1
    outer loop
      vertex -10.290398888289928 -8.145206667482853 0.6000000000000001
      vertex -6.956249997019768 -5.913984999060631 0.6000000000000001
      vertex -6.78450333327055 -6.2355822250247 0.6000000000000001
    endloop
  endfacet
  facet normal 0 0 -1
    outer loop
      vertex -9.781960554420948 -8.755596667528152 0.6000000000000001
      vertex -6.78450333327055 -6.2355822250247 0.6000000000000001
      vertex -6.575063332915306 -6.524020552635193 0.6000000000000001
    endloop
  endfacet
  facet normal 0 0 -1
    outer loop
      vertex -9.781960554420948 -8.755596667528152 0.6000000000000001
      vertex -6.575063332915306 -6.524020552635193 0.6000000000000001
      vertex -9.184849999845028 -9.300499998033047 0.6000000000000001
    endloop
  endfacet
  facet normal 0 0 -1
    outer loop
      vertex -9.184849999845028 -9.300499998033047 0.6000000000000001
      vertex -6.327930003404617 -6.77929999679327 0.6000000000000001
      vertex -8.51059278100729 -9.770047225058079 0.6000000000000001
    endloop
  endfacet
  facet normal 0.6740773599128393 0.7386607562697076 0
    outer loop
      vertex -9.781960554420948 -8.755596667528152 0.6000000000000001
      vertex -9.184849999845028 -9.300499998033047 0.6000000000000001
      vertex -9.184849999845028 -9.300499998033047 0
    endloop
  endfacet
  facet normal 0.5714734571822815 0.8206205503983746 0
    outer loop
      vertex -9.184849999845028 -9.300499998033047 0.6000000000000001
      vertex -8.51059278100729 -9.770047225058079 0.6000000000000001
      vertex -8.51059278100729 -9.770047225058079 0
    endloop
  endfacet
  facet normal 0.5714734571822815 0.8206205503983746 0
    outer loop
      vertex -9.184849999845028 -9.300499998033047 0.6000000000000001
      vertex -8.51059278100729 -9.770047225058079 0
      vertex -9.184849999845028 -9.300499998033047 0
    endloop
  endfacet
  facet normal 0.46089422001706254 0.8874550794011286 0
    outer loop
      vertex -8.51059278100729 -9.770047225058079 0.6000000000000001
      vertex -7.7708611115813255 -10.154222220182419 0.6000000000000001
      vertex -7.7708611115813255 -10.154222220182419 0
    endloop
  endfacet
  facet normal 0.46089422001706254 0.8874550794011286 0
    outer loop
      vertex -8.51059278100729 -9.770047225058079 0.6000000000000001
      vertex -7.7708611115813255 -10.154222220182419 0
      vertex -8.51059278100729 -9.770047225058079 0
    endloop
  endfacet
  facet normal 0 0 -1
    outer loop
      vertex -6.395029999315739 1.5155799984931946 0.6000000000000001
      vertex -5.022450000047684 -1.8711000010371208 0.6000000000000001
      vertex -6.395029999315739 -1.8711000010371208 0.6000000000000001
    endloop
  endfacet
  facet normal 1 0 0
    outer loop
      vertex -6.395029999315739 1.5155799984931946 0.6000000000000001
      vertex -6.395029999315739 -1.8711000010371208 0.6000000000000001
      vertex -6.395029999315739 -1.8711000010371208 0
    endloop
  endfacet
  facet normal 0 1 0
    outer loop
      vertex -6.395029999315739 -1.8711000010371208 0.6000000000000001
      vertex -5.022450000047684 -1.8711000010371208 0
      vertex -6.395029999315739 -1.8711000010371208 0
    endloop
  endfacet
  facet normal 0 0 -1
    outer loop
      vertex -4.93291000276804 1.5155799984931946 0.6000000000000001
      vertex -4.445610001683235 -1.8916088864207268 0.6000000000000001
      vertex -5.022450000047684 -1.8711000010371208 0.6000000000000001
    endloop
  endfacet
  facet normal 0 0 -1
    outer loop
      vertex -4.293883331120014 1.536302775144577 0.6000000000000001
      vertex -3.9184900000691414 -1.9531355574727058 0.6000000000000001
      vertex -4.445610001683235 -1.8916088864207268 0.6000000000000001
    endloop
  endfacet
  facet normal 0 1 0
    outer loop
      vertex -6.395029999315739 -1.8711000010371208 0.6000000000000001
      vertex -5.022450000047684 -1.8711000010371208 0.6000000000000001
      vertex -5.022450000047684 -1.8711000010371208 0
    endloop
  endfacet
  facet normal 0.03553140440526047 0.9993685602924427 0
    outer loop
      vertex -5.022450000047684 -1.8711000010371208 0.6000000000000001
      vertex -4.445610001683235 -1.8916088864207268 0
      vertex -5.022450000047684 -1.8711000010371208 0
    endloop
  endfacet
  facet normal 0.03553140440526047 0.9993685602924427 0
    outer loop
      vertex -5.022450000047684 -1.8711000010371208 0.6000000000000001
      vertex -4.445610001683235 -1.8916088864207268 0.6000000000000001
      vertex -4.445610001683235 -1.8916088864207268 0
    endloop
  endfacet
  facet normal 0.11593523801609378 0.9932567747496875 0
    outer loop
      vertex -4.445610001683235 -1.8916088864207268 0.6000000000000001
      vertex -3.9184900000691414 -1.9531355574727058 0.6000000000000001
      vertex -3.9184900000691414 -1.9531355574727058 0
    endloop
  endfacet
  facet normal 0.11593523801609378 0.9932567747496875 0
    outer loop
      vertex -4.445610001683235 -1.8916088864207268 0.6000000000000001
      vertex -3.9184900000691414 -1.9531355574727058 0
      vertex -4.445610001683235 -1.8916088864207268 0
    endloop
  endfacet
  facet normal -0.9904331522708762 -0.13799337260453928 0
    outer loop
      vertex -7.24532999843359 -4.750239998102188 0.6000000000000001
      vertex -7.24532999843359 -4.750239998102188 0
      vertex -7.186663337051868 -5.171313889324665 0.6000000000000001
    endloop
  endfacet
  facet normal -0.9705056430913059 -0.24107840369458802 0
    outer loop
      vertex -7.186663337051868 -5.171313889324665 0.6000000000000001
      vertex -7.186663337051868 -5.171313889324665 0
      vertex -7.090303331613541 -5.559228889644146 0.6000000000000001
    endloop
  endfacet
  facet normal -0.9904331522708762 -0.13799337260453928 0
    outer loop
      vertex -7.186663337051868 -5.171313889324665 0.6000000000000001
      vertex -7.24532999843359 -4.750239998102188 0
      vertex -7.186663337051868 -5.171313889324665 0
    endloop
  endfacet
  facet normal -0.9354421375129572 -0.35347985425649026 0
    outer loop
      vertex -7.090303331613541 -5.559228889644146 0.6000000000000001
      vertex -7.090303331613541 -5.559228889644146 0
      vertex -6.956249997019768 -5.913984999060631 0.6000000000000001
    endloop
  endfacet
  facet normal -0.8820929744200164 -0.4710753490460398 0
    outer loop
      vertex -6.956249997019768 -5.913984999060631 0.6000000000000001
      vertex -6.956249997019768 -5.913984999060631 0
      vertex -6.78450333327055 -6.2355822250247 0.6000000000000001
    endloop
  endfacet
  facet normal -0.9705056430913059 -0.24107840369458802 0
    outer loop
      vertex -7.090303331613541 -5.559228889644146 0.6000000000000001
      vertex -7.186663337051868 -5.171313889324665 0
      vertex -7.090303331613541 -5.559228889644146 0
    endloop
  endfacet
  facet normal -0.9354421375129572 -0.35347985425649026 0
    outer loop
      vertex -6.956249997019768 -5.913984999060631 0.6000000000000001
      vertex -7.090303331613541 -5.559228889644146 0
      vertex -6.956249997019768 -5.913984999060631 0
    endloop
  endfacet
  facet normal -0.8820929744200164 -0.4710753490460398 0
    outer loop
      vertex -6.78450333327055 -6.2355822250247 0.6000000000000001
      vertex -6.956249997019768 -5.913984999060631 0
      vertex -6.78450333327055 -6.2355822250247 0
    endloop
  endfacet
  facet normal 0 0 -1
    outer loop
      vertex -3.7095633298158646 1.598471112549305 0.6000000000000001
      vertex -3.441090002655983 -2.055679999291897 0.6000000000000001
      vertex -3.9184900000691414 -1.9531355574727058 0.6000000000000001
    endloop
  endfacet
  facet normal 0 0 -1
    outer loop
      vertex -3.179949998855591 1.7020850032567978 0.6000000000000001
      vertex -1.6357700005173683 -0.25981999933719635 0.6000000000000001
      vertex -3.441090002655983 -2.055679999291897 0.6000000000000001
    endloop
  endfacet
  facet normal 0 0 -1
    outer loop
      vertex -1.6357700005173683 -0.25981999933719635 0.6000000000000001
      vertex -3.0134100019931793 -2.1992422193288803 0.6000000000000001
      vertex -3.441090002655983 -2.055679999291897 0.6000000000000001
    endloop
  endfacet
  facet normal 0 0 -1
    outer loop
      vertex -1.6357700005173683 -0.25981999933719635 0.6000000000000001
      vertex -1.6357700005173683 -0.31943999975919724 0.6000000000000001
      vertex -3.0134100019931793 -2.1992422193288803 0.6000000000000001
    endloop
  endfacet
  facet normal 0 0 -1
    outer loop
      vertex -1.6357700005173683 -0.31943999975919724 0.6000000000000001
      vertex -2.6354499980807304 -2.383822225034237 0.6000000000000001
      vertex -3.0134100019931793 -2.1992422193288803 0.6000000000000001
    endloop
  endfacet
  facet normal 0 0 -1
    outer loop
      vertex -1.6357700005173683 -0.31943999975919724 0.6000000000000001
      vertex -2.307209998369217 -2.6094200015068054 0.6000000000000001
      vertex -2.6354499980807304 -2.383822225034237 0.6000000000000001
    endloop
  endfacet
  facet normal 0.21000769568971744 0.9776997329196193 0
    outer loop
      vertex -3.9184900000691414 -1.9531355574727058 0.6000000000000001
      vertex -3.441090002655983 -2.055679999291897 0.6000000000000001
      vertex -3.441090002655983 -2.055679999291897 0
    endloop
  endfacet
  facet normal 0.3182264726639863 0.9480147214552299 0
    outer loop
      vertex -3.441090002655983 -2.055679999291897 0.6000000000000001
      vertex -3.0134100019931793 -2.1992422193288803 0.6000000000000001
      vertex -3.0134100019931793 -2.1992422193288803 0
    endloop
  endfacet
  facet normal 0.21000769568971744 0.9776997329196193 0
    outer loop
      vertex -3.9184900000691414 -1.9531355574727058 0.6000000000000001
      vertex -3.441090002655983 -2.055679999291897 0
      vertex -3.9184900000691414 -1.9531355574727058 0
    endloop
  endfacet
  facet normal 0.3182264726639863 0.9480147214552299 0
    outer loop
      vertex -3.441090002655983 -2.055679999291897 0.6000000000000001
      vertex -3.0134100019931793 -2.1992422193288803 0
      vertex -3.441090002655983 -2.055679999291897 0
    endloop
  endfacet
  facet normal 0.4388254846017413 0.8985723087565336 0
    outer loop
      vertex -3.0134100019931793 -2.1992422193288803 0.6000000000000001
      vertex -2.6354499980807304 -2.383822225034237 0
      vertex -3.0134100019931793 -2.1992422193288803 0
    endloop
  endfacet
  facet normal 0.4388254846017413 0.8985723087565336 0
    outer loop
      vertex -3.0134100019931793 -2.1992422193288803 0.6000000000000001
      vertex -2.6354499980807304 -2.383822225034237 0.6000000000000001
      vertex -2.6354499980807304 -2.383822225034237 0
    endloop
  endfacet
  facet normal 0.5664142086102667 0.8241207097776424 0
    outer loop
      vertex -2.6354499980807304 -2.383822225034237 0.6000000000000001
      vertex -2.307209998369217 -2.6094200015068054 0.6000000000000001
      vertex -2.307209998369217 -2.6094200015068054 0
    endloop
  endfacet
  facet normal 0.6881991192582164 0.7255218620084546 0
    outer loop
      vertex -2.307209998369217 -2.6094200015068054 0.6000000000000001
      vertex -2.0291116684675217 -2.8732122257351875 0.6000000000000001
      vertex -2.0291116684675217 -2.8732122257351875 0
    endloop
  endfacet
  facet normal 0.5664142086102667 0.8241207097776424 0
    outer loop
      vertex -2.6354499980807304 -2.383822225034237 0.6000000000000001
      vertex -2.307209998369217 -2.6094200015068054 0
      vertex -2.6354499980807304 -2.383822225034237 0
    endloop
  endfacet
  facet normal 0.6881991192582164 0.7255218620084546 0
    outer loop
      vertex -2.307209998369217 -2.6094200015068054 0.6000000000000001
      vertex -2.0291116684675217 -2.8732122257351875 0
      vertex -2.307209998369217 -2.6094200015068054 0
    endloop
  endfacet
  facet normal 0.7958000621880125 0.6055594611774764 0
    outer loop
      vertex -2.0291116684675217 -2.8732122257351875 0.6000000000000001
      vertex -1.801576666533947 -3.1722288876771927 0
      vertex -2.0291116684675217 -2.8732122257351875 0
    endloop
  endfacet
  facet normal 0 0 -1
    outer loop
      vertex -1.6357700005173683 -0.31943999975919724 0.6000000000000001
      vertex -0.9381561130285263 -0.4823194444179535 0.6000000000000001
      vertex -2.307209998369217 -2.6094200015068054 0.6000000000000001
    endloop
  endfacet
  facet normal 0 0 -1
    outer loop
      vertex -2.0291116684675217 -2.8732122257351875 0.6000000000000001
      vertex -0.9381561130285263 -0.4823194444179535 0.6000000000000001
      vertex -0.29731444269418716 -0.6924377754330635 0.6000000000000001
    endloop
  endfacet
  facet normal -1 0 0
    outer loop
      vertex -1.6357700005173683 -0.25981999933719635 0.6000000000000001
      vertex -1.6357700005173683 -0.25981999933719635 0
      vertex -1.6357700005173683 -0.31943999975919724 0.6000000000000001
    endloop
  endfacet
  facet normal -0.22736579790313413 -0.9738094238319278 0
    outer loop
      vertex -1.6357700005173683 -0.31943999975919724 0.6000000000000001
      vertex -1.6357700005173683 -0.31943999975919724 0
      vertex -0.9381561130285263 -0.4823194444179535 0.6000000000000001
    endloop
  endfacet
  facet normal -0.15669987428916077 0.9876462673436077 0
    outer loop
      vertex -1.6357700005173683 -0.25981999933719635 0.6000000000000001
      vertex -0.8610766679048538 -0.13690721988677979 0.6000000000000001
      vertex -0.8610766679048538 -0.13690721988677979 0
    endloop
  endfacet
  facet normal -1 0 0
    outer loop
      vertex -1.6357700005173683 -0.31943999975919724 0.6000000000000001
      vertex -1.6357700005173683 -0.25981999933719635 0
      vertex -1.6357700005173683 -0.31943999975919724 0
    endloop
  endfacet
  facet normal -0.15669987428916077 0.9876462673436077 0
    outer loop
      vertex -1.6357700005173683 -0.25981999933719635 0.6000000000000001
      vertex -0.8610766679048538 -0.13690721988677979 0
      vertex -1.6357700005173683 -0.25981999933719635 0
    endloop
  endfacet
  facet normal -0.22736579790313413 -0.9738094238319278 0
    outer loop
      vertex -0.9381561130285263 -0.4823194444179535 0.6000000000000001
      vertex -1.6357700005173683 -0.31943999975919724 0
      vertex -0.9381561130285263 -0.4823194444179535 0
    endloop
  endfacet
  facet normal -0.3115591145965511 -0.950226771940158 0
    outer loop
      vertex -0.9381561130285263 -0.4823194444179535 0.6000000000000001
      vertex -0.9381561130285263 -0.4823194444179535 0
      vertex -0.29731444269418716 -0.6924377754330635 0.6000000000000001
    endloop
  endfacet
  facet normal -0.24438917733993876 0.9696772298033547 0
    outer loop
      vertex -0.8610766679048538 -0.13690721988677979 0.6000000000000001
      vertex -0.14812999963760376 0.04277777671813965 0.6000000000000001
      vertex -0.14812999963760376 0.04277777671813965 0
    endloop
  endfacet
  facet normal -0.24438917733993876 0.9696772298033547 0
    outer loop
      vertex -0.8610766679048538 -0.13690721988677979 0.6000000000000001
      vertex -0.14812999963760376 0.04277777671813965 0
      vertex -0.8610766679048538 -0.13690721988677979 0
    endloop
  endfacet
  facet normal -0.3115591145965511 -0.950226771940158 0
    outer loop
      vertex -0.29731444269418716 -0.6924377754330635 0.6000000000000001
      vertex -0.9381561130285263 -0.4823194444179535 0
      vertex -0.29731444269418716 -0.6924377754330635 0
    endloop
  endfacet
  facet normal -0.40321986382013997 -0.9151031315763638 0
    outer loop
      vertex -0.29731444269418716 -0.6924377754330635 0.6000000000000001
      vertex -0.29731444269418716 -0.6924377754330635 0
      vertex 0.2867550030350685 -0.9497950002551079 0.6000000000000001
    endloop
  endfacet
  facet normal 0 0 -1
    outer loop
      vertex -2.307209998369217 -2.6094200015068054 0.6000000000000001
      vertex -0.9381561130285263 -0.4823194444179535 0.6000000000000001
      vertex -2.0291116684675217 -2.8732122257351875 0.6000000000000001
    endloop
  endfacet
  facet normal 0 0 -1
    outer loop
      vertex -2.0291116684675217 -2.8732122257351875 0.6000000000000001
      vertex -0.29731444269418716 -0.6924377754330635 0.6000000000000001
      vertex -1.801576666533947 -3.1722288876771927 0.6000000000000001
    endloop
  endfacet
  facet normal 0 0 -1
    outer loop
      vertex 0.2867550030350685 -0.9497950002551079 0.6000000000000001
      vertex -1.6246050000190735 -3.506470002233982 0.6000000000000001
      vertex -1.801576666533947 -3.1722288876771927 0.6000000000000001
    endloop
  endfacet
  facet normal 0 0 -1
    outer loop
      vertex -0.29731444269418716 -0.6924377754330635 0.6000000000000001
      vertex 0.2867550030350685 -0.9497950002551079 0.6000000000000001
      vertex -1.801576666533947 -3.1722288876771927 0.6000000000000001
    endloop
  endfacet
  facet normal 0 0 -1
    outer loop
      vertex 0.2867550030350685 -0.9497950002551079 0.6000000000000001
      vertex 0.8140522241592407 -1.254391111433506 0.6000000000000001
      vertex -1.6246050000190735 -3.506470002233982 0.6000000000000001
    endloop
  endfacet
  facet normal 0 0 -1
    outer loop
      vertex -1.6246050000190735 -3.506470002233982 0.6000000000000001
      vertex 1.2845772206783295 -1.606226108968258 0.6000000000000001
      vertex -1.4981966689229012 -3.8759355545043945 0.6000000000000001
    endloop
  endfacet
  facet normal 0.7958000621880125 0.6055594611774764 0
    outer loop
      vertex -2.0291116684675217 -2.8732122257351875 0.6000000000000001
      vertex -1.801576666533947 -3.1722288876771927 0.6000000000000001
      vertex -1.801576666533947 -3.1722288876771927 0
    endloop
  endfacet
  facet normal 0 0 -1
    outer loop
      vertex -1.4981966689229012 -3.8759355545043945 0.6000000000000001
      vertex 2.0516500025987625 -2.4474694430828094 0.6000000000000001
      vertex -1.4223516657948494 -4.280625551939011 0.6000000000000001
    endloop
  endfacet
  facet normal 0 0 -1
    outer loop
      vertex -1.4223516657948494 -4.280625551939011 0.6000000000000001
      vertex 2.726170003414154 -4.007691107690334 0.6000000000000001
      vertex -1.3970699980854988 -4.720540001988411 0.6000000000000001
    endloop
  endfacet
  facet normal 0.8837655141426881 0.46793003324440524 0
    outer loop
      vertex -1.801576666533947 -3.1722288876771927 0.6000000000000001
      vertex -1.6246050000190735 -3.506470002233982 0.6000000000000001
      vertex -1.6246050000190735 -3.506470002233982 0
    endloop
  endfacet
  facet normal 0.9461543995575106 0.32371569655790045 0
    outer loop
      vertex -1.6246050000190735 -3.506470002233982 0.6000000000000001
      vertex -1.4981966689229012 -3.8759355545043945 0.6000000000000001
      vertex -1.4981966689229012 -3.8759355545043945 0
    endloop
  endfacet
  facet normal 0.8837655141426881 0.46793003324440524 0
    outer loop
      vertex -1.801576666533947 -3.1722288876771927 0.6000000000000001
      vertex -1.6246050000190735 -3.506470002233982 0
      vertex -1.801576666533947 -3.1722288876771927 0
    endloop
  endfacet
  facet normal 0.9461543995575106 0.32371569655790045 0
    outer loop
      vertex -1.6246050000190735 -3.506470002233982 0.6000000000000001
      vertex -1.4981966689229012 -3.8759355545043945 0
      vertex -1.6246050000190735 -3.506470002233982 0
    endloop
  endfacet
  facet normal 0.9828873043896112 0.18420789035685683 0
    outer loop
      vertex -1.4981966689229012 -3.8759355545043945 0.6000000000000001
      vertex -1.4223516657948494 -4.280625551939011 0.6000000000000001
      vertex -1.4223516657948494 -4.280625551939011 0
    endloop
  endfacet
  facet normal 0.998352707052919 0.057374840480025585 0
    outer loop
      vertex -1.4223516657948494 -4.280625551939011 0.6000000000000001
      vertex -1.3970699980854988 -4.720540001988411 0.6000000000000001
      vertex -1.3970699980854988 -4.720540001988411 0
    endloop
  endfacet
  facet normal 0.9828873043896112 0.18420789035685683 0
    outer loop
      vertex -1.4981966689229012 -3.8759355545043945 0.6000000000000001
      vertex -1.4223516657948494 -4.280625551939011 0
      vertex -1.4981966689229012 -3.8759355545043945 0
    endloop
  endfacet
  facet normal 0.998352707052919 0.057374840480025585 0
    outer loop
      vertex -1.4223516657948494 -4.280625551939011 0.6000000000000001
      vertex -1.3970699980854988 -4.720540001988411 0
      vertex -1.4223516657948494 -4.280625551939011 0
    endloop
  endfacet
  facet normal 0 0 -1
    outer loop
      vertex -1.4171694442629814 -5.137598887085915 0.6000000000000001
      vertex 2.8030538856983185 -6.086128890514374 0.6000000000000001
      vertex -1.4774677753448486 -5.523588888347149 0.6000000000000001
    endloop
  endfacet
  facet normal 0 0 -1
    outer loop
      vertex -1.4774677753448486 -5.523588888347149 0.6000000000000001
      vertex 2.648265555500984 -6.866248890757561 0.6000000000000001
      vertex -1.577964998781681 -5.878509998321533 0.6000000000000001
    endloop
  endfacet
  facet normal 0.9880169551325019 -0.1543453801404499 0
    outer loop
      vertex -1.4171694442629814 -5.137598887085915 0.6000000000000001
      vertex -1.4774677753448486 -5.523588888347149 0.6000000000000001
      vertex -1.4774677753448486 -5.523588888347149 0
    endloop
  endfacet
  facet normal 0.9988407216719954 -0.04813743584537369 0
    outer loop
      vertex -1.3970699980854988 -4.720540001988411 0.6000000000000001
      vertex -1.4171694442629814 -5.137598887085915 0.6000000000000001
      vertex -1.4171694442629814 -5.137598887085915 0
    endloop
  endfacet
  facet normal 0.9880169551325019 -0.1543453801404499 0
    outer loop
      vertex -1.4171694442629814 -5.137598887085915 0.6000000000000001
      vertex -1.4774677753448486 -5.523588888347149 0
      vertex -1.4171694442629814 -5.137598887085915 0
    endloop
  endfacet
  facet normal 0.9988407216719954 -0.04813743584537369 0
    outer loop
      vertex -1.3970699980854988 -4.720540001988411 0.6000000000000001
      vertex -1.4171694442629814 -5.137598887085915 0
      vertex -1.3970699980854988 -4.720540001988411 0
    endloop
  endfacet
  facet normal 0.9621720461648846 -0.2724425693221952 0
    outer loop
      vertex -1.4774677753448486 -5.523588888347149 0.6000000000000001
      vertex -1.577964998781681 -5.878509998321533 0.6000000000000001
      vertex -1.577964998781681 -5.878509998321533 0
    endloop
  endfacet
  facet normal 0.9171831053245829 -0.39846599768004665 0
    outer loop
      vertex -1.577964998781681 -5.878509998321533 0.6000000000000001
      vertex -1.7186611145734787 -6.202362224459648 0.6000000000000001
      vertex -1.7186611145734787 -6.202362224459648 0
    endloop
  endfacet
  facet normal 0.9621720461648846 -0.2724425693221952 0
    outer loop
      vertex -1.4774677753448486 -5.523588888347149 0.6000000000000001
      vertex -1.577964998781681 -5.878509998321533 0
      vertex -1.4774677753448486 -5.523588888347149 0
    endloop
  endfacet
  facet normal 0.9171831053245829 -0.39846599768004665 0
    outer loop
      vertex -1.577964998781681 -5.878509998321533 0.6000000000000001
      vertex -1.7186611145734787 -6.202362224459648 0
      vertex -1.577964998781681 -5.878509998321533 0
    endloop
  endfacet
  facet normal 0 0 -1
    outer loop
      vertex -9.184849999845028 -9.300499998033047 0.6000000000000001
      vertex -6.575063332915306 -6.524020552635193 0.6000000000000001
      vertex -6.327930003404617 -6.77929999679327 0.6000000000000001
    endloop
  endfacet
  facet normal -0.809180664864691 -0.5875599132081228 0
    outer loop
      vertex -6.78450333327055 -6.2355822250247 0.6000000000000001
      vertex -6.78450333327055 -6.2355822250247 0
      vertex -6.575063332915306 -6.524020552635193 0.6000000000000001
    endloop
  endfacet
  facet normal -0.7184773667265462 -0.6955503385821101 0
    outer loop
      vertex -6.575063332915306 -6.524020552635193 0.6000000000000001
      vertex -6.575063332915306 -6.524020552635193 0
      vertex -6.327930003404617 -6.77929999679327 0.6000000000000001
    endloop
  endfacet
  facet normal -0.6158309390849227 -0.7878783246579273 0
    outer loop
      vertex -6.327930003404617 -6.77929999679327 0.6000000000000001
      vertex -6.327930003404617 -6.77929999679327 0
      vertex -6.047992222011089 -6.998108334839344 0.6000000000000001
    endloop
  endfacet
  facet normal -0.809180664864691 -0.5875599132081228 0
    outer loop
      vertex -6.575063332915306 -6.524020552635193 0.6000000000000001
      vertex -6.78450333327055 -6.2355822250247 0
      vertex -6.575063332915306 -6.524020552635193 0
    endloop
  endfacet
  facet normal -0.7184773667265462 -0.6955503385821101 0
    outer loop
      vertex -6.327930003404617 -6.77929999679327 0.6000000000000001
      vertex -6.575063332915306 -6.524020552635193 0
      vertex -6.327930003404617 -6.77929999679327 0
    endloop
  endfacet
  facet normal -0.6158309390849227 -0.7878783246579273 0
    outer loop
      vertex -6.047992222011089 -6.998108334839344 0.6000000000000001
      vertex -6.327930003404617 -6.77929999679327 0
      vertex -6.047992222011089 -6.998108334839344 0
    endloop
  endfacet
  facet normal -0.5028844853021034 -0.8643536281189769 0
    outer loop
      vertex -6.047992222011089 -6.998108334839344 0.6000000000000001
      vertex -6.047992222011089 -6.998108334839344 0
      vertex -5.74028555303812 -7.177133336663246 0.6000000000000001
    endloop
  endfacet
  facet normal -0.5028844853021034 -0.8643536281189769 0
    outer loop
      vertex -5.74028555303812 -7.177133336663246 0.6000000000000001
      vertex -6.047992222011089 -6.998108334839344 0
      vertex -5.74028555303812 -7.177133336663246 0
    endloop
  endfacet
  facet normal 0 0 -1
    outer loop
      vertex -8.51059278100729 -9.770047225058079 0.6000000000000001
      vertex -6.327930003404617 -6.77929999679327 0.6000000000000001
      vertex -6.047992222011089 -6.998108334839344 0.6000000000000001
    endloop
  endfacet
  facet normal 0 0 -1
    outer loop
      vertex -8.51059278100729 -9.770047225058079 0.6000000000000001
      vertex -6.047992222011089 -6.998108334839344 0.6000000000000001
      vertex -7.7708611115813255 -10.154222220182419 0.6000000000000001
    endloop
  endfacet
  facet normal 0 0 -1
    outer loop
      vertex -7.7708611115813255 -10.154222220182419 0.6000000000000001
      vertex -5.74028555303812 -7.177133336663246 0.6000000000000001
      vertex -6.9656549990177155 -10.453024998307228 0.6000000000000001
    endloop
  endfacet
  facet normal 0 0 -1
    outer loop
      vertex -6.047992222011089 -6.998108334839344 0.6000000000000001
      vertex -5.74028555303812 -7.177133336663246 0.6000000000000001
      vertex -7.7708611115813255 -10.154222220182419 0.6000000000000001
    endloop
  endfacet
  facet normal 0 0 -1
    outer loop
      vertex -6.9656549990177155 -10.453024998307228 0.6000000000000001
      vertex -5.74028555303812 -7.177133336663246 0.6000000000000001
      vertex -5.40480999648571 -7.3163750022649765 0.6000000000000001
    endloop
  endfacet
  facet normal -0.38334869368527275 -0.9236036915527108 0
    outer loop
      vertex -5.74028555303812 -7.177133336663246 0.6000000000000001
      vertex -5.74028555303812 -7.177133336663246 0
      vertex -5.40480999648571 -7.3163750022649765 0.6000000000000001
    endloop
  endfacet
  facet normal -0.26408523310796606 -0.9644993466323921 0
    outer loop
      vertex -5.40480999648571 -7.3163750022649765 0.6000000000000001
      vertex -5.40480999648571 -7.3163750022649765 0
      vertex -5.041565552353859 -7.415833331644535 0.6000000000000001
    endloop
  endfacet
  facet normal -0.15086939023591409 -0.9885537047069539 0
    outer loop
      vertex -5.041565552353859 -7.415833331644535 0.6000000000000001
      vertex -5.041565552353859 -7.415833331644535 0
      vertex -4.650552220642567 -7.475508332252502 0.6000000000000001
    endloop
  endfacet
  facet normal -0.38334869368527275 -0.9236036915527108 0
    outer loop
      vertex -5.40480999648571 -7.3163750022649765 0.6000000000000001
      vertex -5.74028555303812 -7.177133336663246 0
      vertex -5.40480999648571 -7.3163750022649765 0
    endloop
  endfacet
  facet normal -0.26408523310796606 -0.9644993466323921 0
    outer loop
      vertex -5.041565552353859 -7.415833331644535 0.6000000000000001
      vertex -5.40480999648571 -7.3163750022649765 0
      vertex -5.041565552353859 -7.415833331644535 0
    endloop
  endfacet
  facet normal -0.15086939023591409 -0.9885537047069539 0
    outer loop
      vertex -4.650552220642567 -7.475508332252502 0.6000000000000001
      vertex -5.041565552353859 -7.415833331644535 0
      vertex -4.650552220642567 -7.475508332252502 0
    endloop
  endfacet
  facet normal -0.04744533600681686 -0.9988738359228359 0
    outer loop
      vertex -4.650552220642567 -7.475508332252502 0.6000000000000001
      vertex -4.650552220642567 -7.475508332252502 0
      vertex -4.231770001351833 -7.495399996638298 0.6000000000000001
    endloop
  endfacet
  facet normal 0.046148440253009945 -0.9989345931852667 0
    outer loop
      vertex -4.231770001351833 -7.495399996638298 0.6000000000000001
      vertex -4.231770001351833 -7.495399996638298 0
      vertex -3.7876999974250793 -7.474885001778603 0.6000000000000001
    endloop
  endfacet
  facet normal -0.04744533600681686 -0.9988738359228359 0
    outer loop
      vertex -4.231770001351833 -7.495399996638298 0.6000000000000001
      vertex -4.650552220642567 -7.475508332252502 0
      vertex -4.231770001351833 -7.495399996638298 0
    endloop
  endfacet
  facet normal 0.046148440253009945 -0.9989345931852667 0
    outer loop
      vertex -3.7876999974250793 -7.474885001778603 0.6000000000000001
      vertex -4.231770001351833 -7.495399996638298 0
      vertex -3.7876999974250793 -7.474885001778603 0
    endloop
  endfacet
  facet normal 0 0 -1
    outer loop
      vertex -6.09497444331646 -10.666455551981926 0.6000000000000001
      vertex -5.40480999648571 -7.3163750022649765 0.6000000000000001
      vertex -5.041565552353859 -7.415833331644535 0.6000000000000001
    endloop
  endfacet
  facet normal 0 0 -1
    outer loop
      vertex -5.041565552353859 -7.415833331644535 0.6000000000000001
      vertex -4.650552220642567 -7.475508332252502 0.6000000000000001
      vertex -5.158819444477558 -10.794513888657093 0.6000000000000001
    endloop
  endfacet
  facet normal 0 0 -1
    outer loop
      vertex -4.650552220642567 -7.475508332252502 0.6000000000000001
      vertex -4.231770001351833 -7.495399996638298 0.6000000000000001
      vertex -4.157190002501011 -10.837200000882149 0.6000000000000001
    endloop
  endfacet
  facet normal 0 0 -1
    outer loop
      vertex -4.231770001351833 -7.495399996638298 0.6000000000000001
      vertex -3.7876999974250793 -7.474885001778603 0.6000000000000001
      vertex -4.157190002501011 -10.837200000882149 0.6000000000000001
    endloop
  endfacet
  facet normal 0 0 -1
    outer loop
      vertex -6.9656549990177155 -10.453024998307228 0.6000000000000001
      vertex -5.40480999648571 -7.3163750022649765 0.6000000000000001
      vertex -6.09497444331646 -10.666455551981926 0.6000000000000001
    endloop
  endfacet
  facet normal 0.34790639052869576 0.937529276038511 0
    outer loop
      vertex -7.7708611115813255 -10.154222220182419 0.6000000000000001
      vertex -6.9656549990177155 -10.453024998307228 0.6000000000000001
      vertex -6.9656549990177155 -10.453024998307228 0
    endloop
  endfacet
  facet normal 0.34790639052869576 0.937529276038511 0
    outer loop
      vertex -7.7708611115813255 -10.154222220182419 0.6000000000000001
      vertex -6.9656549990177155 -10.453024998307228 0
      vertex -7.7708611115813255 -10.154222220182419 0
    endloop
  endfacet
  facet normal 0.2380820024539445 0.971245056670828 0
    outer loop
      vertex -6.9656549990177155 -10.453024998307228 0.6000000000000001
      vertex -6.09497444331646 -10.666455551981926 0
      vertex -6.9656549990177155 -10.453024998307228 0
    endloop
  endfacet
  facet normal 0.2380820024539445 0.971245056670828 0
    outer loop
      vertex -6.9656549990177155 -10.453024998307228 0.6000000000000001
      vertex -6.09497444331646 -10.666455551981926 0.6000000000000001
      vertex -6.09497444331646 -10.666455551981926 0
    endloop
  endfacet
  facet normal 0.13552967130406676 0.9907732879908561 0
    outer loop
      vertex -6.09497444331646 -10.666455551981926 0.6000000000000001
      vertex -5.158819444477558 -10.794513888657093 0
      vertex -6.09497444331646 -10.666455551981926 0
    endloop
  endfacet
  facet normal 0 0 -1
    outer loop
      vertex -6.09497444331646 -10.666455551981926 0.6000000000000001
      vertex -5.041565552353859 -7.415833331644535 0.6000000000000001
      vertex -5.158819444477558 -10.794513888657093 0.6000000000000001
    endloop
  endfacet
  facet normal 0 0 -1
    outer loop
      vertex -4.650552220642567 -7.475508332252502 0.6000000000000001
      vertex -4.157190002501011 -10.837200000882149 0.6000000000000001
      vertex -5.158819444477558 -10.794513888657093 0.6000000000000001
    endloop
  endfacet
  facet normal 0.13552967130406676 0.9907732879908561 0
    outer loop
      vertex -6.09497444331646 -10.666455551981926 0.6000000000000001
      vertex -5.158819444477558 -10.794513888657093 0.6000000000000001
      vertex -5.158819444477558 -10.794513888657093 0
    endloop
  endfacet
  facet normal 0.04257802368129424 0.9990931447564813 0
    outer loop
      vertex -5.158819444477558 -10.794513888657093 0.6000000000000001
      vertex -4.157190002501011 -10.837200000882149 0
      vertex -5.158819444477558 -10.794513888657093 0
    endloop
  endfacet
  facet normal 0.04257802368129424 0.9990931447564813 0
    outer loop
      vertex -5.158819444477558 -10.794513888657093 0.6000000000000001
      vertex -4.157190002501011 -10.837200000882149 0.6000000000000001
      vertex -4.157190002501011 -10.837200000882149 0
    endloop
  endfacet
  facet normal -0.03890899711976339 0.9992427582640439 0
    outer loop
      vertex -4.157190002501011 -10.837200000882149 0.6000000000000001
      vertex -3.0981405526399612 -10.79596222192049 0
      vertex -4.157190002501011 -10.837200000882149 0
    endloop
  endfacet
  facet normal 0.14945061415096483 -0.9887691914344315 0
    outer loop
      vertex -3.7876999974250793 -7.474885001778603 0.6000000000000001
      vertex -3.7876999974250793 -7.474885001778603 0
      vertex -3.3805166631937027 -7.413340002298355 0.6000000000000001
    endloop
  endfacet
  facet normal 0.3955826094336694 -0.918430399711186 0
    outer loop
      vertex -3.0102199986577034 -7.3107649981975555 0.6000000000000001
      vertex -3.0102199986577034 -7.3107649981975555 0
      vertex -2.676809996366501 -7.1671599969267845 0.6000000000000001
    endloop
  endfacet
  facet normal 0.266954769463059 -0.9637090593435994 0
    outer loop
      vertex -3.0102199986577034 -7.3107649981975555 0.6000000000000001
      vertex -3.3805166631937027 -7.413340002298355 0.6000000000000001
      vertex -3.3805166631937027 -7.413340002298355 0
    endloop
  endfacet
  facet normal 0.14945061415096483 -0.9887691914344315 0
    outer loop
      vertex -3.3805166631937027 -7.413340002298355 0.6000000000000001
      vertex -3.7876999974250793 -7.474885001778603 0
      vertex -3.3805166631937027 -7.413340002298355 0
    endloop
  endfacet
  facet normal 0.266954769463059 -0.9637090593435994 0
    outer loop
      vertex -3.0102199986577034 -7.3107649981975555 0.6000000000000001
      vertex -3.3805166631937027 -7.413340002298355 0
      vertex -3.0102199986577034 -7.3107649981975555 0
    endloop
  endfacet
  facet normal 0.6560032075227035 -0.7547581014602791 0
    outer loop
      vertex -2.120650000870228 -6.756860002875328 0.6000000000000001
      vertex -2.3802866637706757 -6.982524998486042 0.6000000000000001
      vertex -2.3802866637706757 -6.982524998486042 0
    endloop
  endfacet
  facet normal 0.7638995754108567 -0.6453351367213106 0
    outer loop
      vertex -1.8995561078190804 -6.4951455518603325 0.6000000000000001
      vertex -2.120650000870228 -6.756860002875328 0.6000000000000001
      vertex -2.120650000870228 -6.756860002875328 0
    endloop
  endfacet
  facet normal 0.6560032075227035 -0.7547581014602791 0
    outer loop
      vertex -2.120650000870228 -6.756860002875328 0.6000000000000001
      vertex -2.3802866637706757 -6.982524998486042 0
      vertex -2.120650000870228 -6.756860002875328 0
    endloop
  endfacet
  facet normal 0.7638995754108567 -0.6453351367213106 0
    outer loop
      vertex -1.8995561078190804 -6.4951455518603325 0.6000000000000001
      vertex -2.120650000870228 -6.756860002875328 0
      vertex -1.8995561078190804 -6.4951455518603325 0
    endloop
  endfacet
  facet normal 0.5285734364050685 -0.8488875793218659 0
    outer loop
      vertex -2.676809996366501 -7.1671599969267845 0.6000000000000001
      vertex -2.676809996366501 -7.1671599969267845 0
      vertex -2.3802866637706757 -6.982524998486042 0.6000000000000001
    endloop
  endfacet
  facet normal 0.3955826094336694 -0.918430399711186 0
    outer loop
      vertex -2.676809996366501 -7.1671599969267845 0.6000000000000001
      vertex -3.0102199986577034 -7.3107649981975555 0
      vertex -2.676809996366501 -7.1671599969267845 0
    endloop
  endfacet
  facet normal 0.5285734364050685 -0.8488875793218659 0
    outer loop
      vertex -2.3802866637706757 -6.982524998486042 0.6000000000000001
      vertex -2.676809996366501 -7.1671599969267845 0
      vertex -2.3802866637706757 -6.982524998486042 0
    endloop
  endfacet
  facet normal 0 0 -1
    outer loop
      vertex -3.7876999974250793 -7.474885001778603 0.6000000000000001
      vertex -3.3805166631937027 -7.413340002298355 0.6000000000000001
      vertex -3.0981405526399612 -10.79596222192049 0.6000000000000001
    endloop
  endfacet
  facet normal 0 0 -1
    outer loop
      vertex -3.0102199986577034 -7.3107649981975555 0.6000000000000001
      vertex -2.119085557758808 -10.672248892486095 0.6000000000000001
      vertex -3.3805166631937027 -7.413340002298355 0.6000000000000001
    endloop
  endfacet
  facet normal 0 0 -1
    outer loop
      vertex -3.0102199986577034 -7.3107649981975555 0.6000000000000001
      vertex -2.676809996366501 -7.1671599969267845 0.6000000000000001
      vertex -1.2200250029563904 -10.466059997677803 0.6000000000000001
    endloop
  endfacet
  facet normal 0 0 -1
    outer loop
      vertex -1.8995561078190804 -6.4951455518603325 0.6000000000000001
      vertex 0.997189998626709 -9.352640002965927 0.6000000000000001
      vertex -2.120650000870228 -6.756860002875328 0.6000000000000001
    endloop
  endfacet
  facet normal 0 0 -1
    outer loop
      vertex -1.577964998781681 -5.878509998321533 0.6000000000000001
      vertex 2.39028500020504 -7.5829600021243095 0.6000000000000001
      vertex -1.7186611145734787 -6.202362224459648 0.6000000000000001
    endloop
  endfacet
  facet normal 0 0 -1
    outer loop
      vertex -1.8995561078190804 -6.4951455518603325 0.6000000000000001
      vertex -1.7186611145734787 -6.202362224459648 0.6000000000000001
      vertex 1.5647472217679024 -8.826155558228493 0.6000000000000001
    endloop
  endfacet
  facet normal 0.8507223404445112 -0.5256153531515353 0
    outer loop
      vertex -1.8995561078190804 -6.4951455518603325 0.6000000000000001
      vertex -1.8995561078190804 -6.4951455518603325 0
      vertex -1.7186611145734787 -6.202362224459648 0.6000000000000001
    endloop
  endfacet
  facet normal 0.8507223404445112 -0.5256153531515353 0
    outer loop
      vertex -1.7186611145734787 -6.202362224459648 0.6000000000000001
      vertex -1.8995561078190804 -6.4951455518603325 0
      vertex -1.7186611145734787 -6.202362224459648 0
    endloop
  endfacet
  facet normal 0 0 -1
    outer loop
      vertex -2.676809996366501 -7.1671599969267845 0.6000000000000001
      vertex -2.3802866637706757 -6.982524998486042 0.6000000000000001
      vertex -0.400958888232708 -10.177395552396774 0.6000000000000001
    endloop
  endfacet
  facet normal 0 0 -1
    outer loop
      vertex -2.120650000870228 -6.756860002875328 0.6000000000000001
      vertex 0.3381127789616585 -9.80625555664301 0.6000000000000001
      vertex -2.3802866637706757 -6.982524998486042 0.6000000000000001
    endloop
  endfacet
  facet normal 0 0 -1
    outer loop
      vertex -2.676809996366501 -7.1671599969267845 0.6000000000000001
      vertex -0.400958888232708 -10.177395552396774 0.6000000000000001
      vertex -1.2200250029563904 -10.466059997677803 0.6000000000000001
    endloop
  endfacet
  facet normal 0 0 -1
    outer loop
      vertex -2.3802866637706757 -6.982524998486042 0.6000000000000001
      vertex 0.3381127789616585 -9.80625555664301 0.6000000000000001
      vertex -0.400958888232708 -10.177395552396774 0.6000000000000001
    endloop
  endfacet
  facet normal 0 0 -1
    outer loop
      vertex -2.120650000870228 -6.756860002875328 0.6000000000000001
      vertex 0.997189998626709 -9.352640002965927 0.6000000000000001
      vertex 0.3381127789616585 -9.80625555664301 0.6000000000000001
    endloop
  endfacet
  facet normal 0 0 -1
    outer loop
      vertex -3.7876999974250793 -7.474885001778603 0.6000000000000001
      vertex -3.0981405526399612 -10.79596222192049 0.6000000000000001
      vertex -4.157190002501011 -10.837200000882149 0.6000000000000001
    endloop
  endfacet
  facet normal 0 0 -1
    outer loop
      vertex -3.3805166631937027 -7.413340002298355 0.6000000000000001
      vertex -2.119085557758808 -10.672248892486095 0.6000000000000001
      vertex -3.0981405526399612 -10.79596222192049 0.6000000000000001
    endloop
  endfacet
  facet normal 0 0 -1
    outer loop
      vertex -3.0102199986577034 -7.3107649981975555 0.6000000000000001
      vertex -1.2200250029563904 -10.466059997677803 0.6000000000000001
      vertex -2.119085557758808 -10.672248892486095 0.6000000000000001
    endloop
  endfacet
  facet normal -0.03890899711976339 0.9992427582640439 0
    outer loop
      vertex -4.157190002501011 -10.837200000882149 0.6000000000000001
      vertex -3.0981405526399612 -10.79596222192049 0.6000000000000001
      vertex -3.0981405526399612 -10.79596222192049 0
    endloop
  endfacet
  facet normal -0.12536307669993868 0.9921109307936917 0
    outer loop
      vertex -3.0981405526399612 -10.79596222192049 0.6000000000000001
      vertex -2.119085557758808 -10.672248892486095 0.6000000000000001
      vertex -2.119085557758808 -10.672248892486095 0
    endloop
  endfacet
  facet normal -0.12536307669993868 0.9921109307936917 0
    outer loop
      vertex -3.0981405526399612 -10.79596222192049 0.6000000000000001
      vertex -2.119085557758808 -10.672248892486095 0
      vertex -3.0981405526399612 -10.79596222192049 0
    endloop
  endfacet
  facet normal -0.22353496823955454 0.9746959105147316 0
    outer loop
      vertex -2.119085557758808 -10.672248892486095 0.6000000000000001
      vertex -1.2200250029563904 -10.466059997677803 0.6000000000000001
      vertex -1.2200250029563904 -10.466059997677803 0
    endloop
  endfacet
  facet normal -0.22353496823955454 0.9746959105147316 0
    outer loop
      vertex -2.119085557758808 -10.672248892486095 0.6000000000000001
      vertex -1.2200250029563904 -10.466059997677803 0
      vertex -2.119085557758808 -10.672248892486095 0
    endloop
  endfacet
  facet normal -0.44876466315789376 0.8936499745989938 0
    outer loop
      vertex -0.400958888232708 -10.177395552396774 0.6000000000000001
      vertex 0.3381127789616585 -9.80625555664301 0
      vertex -0.400958888232708 -10.177395552396774 0
    endloop
  endfacet
  facet normal -0.3323923728361872 0.9431411932899174 0
    outer loop
      vertex -1.2200250029563904 -10.466059997677803 0.6000000000000001
      vertex -0.400958888232708 -10.177395552396774 0.6000000000000001
      vertex -0.400958888232708 -10.177395552396774 0
    endloop
  endfacet
  facet normal -0.3323923728361872 0.9431411932899174 0
    outer loop
      vertex -1.2200250029563904 -10.466059997677803 0.6000000000000001
      vertex -0.400958888232708 -10.177395552396774 0
      vertex -1.2200250029563904 -10.466059997677803 0
    endloop
  endfacet
  facet normal -0.45737623402577315 -0.8892732878864636 0
    outer loop
      vertex -0.023072220385074615 10.123715557157993 0.6000000000000001
      vertex -0.023072220385074615 10.123715557157993 0
      vertex 0.7601277753710747 9.720895558595657 0.6000000000000001
    endloop
  endfacet
  facet normal -0.45737623402577315 -0.8892732878864636 0
    outer loop
      vertex 0.7601277753710747 9.720895558595657 0.6000000000000001
      vertex -0.023072220385074615 10.123715557157993 0
      vertex 0.7601277753710747 9.720895558595657 0
    endloop
  endfacet
  facet normal -0.5797043098541179 -0.8148269221967084 0
    outer loop
      vertex 0.7601277753710747 9.720895558595657 0.6000000000000001
      vertex 0.7601277753710747 9.720895558595657 0
      vertex 1.4521500021219254 9.228560000658035 0.6000000000000001
    endloop
  endfacet
  facet normal -0.5797043098541179 -0.8148269221967084 0
    outer loop
      vertex 1.4521500021219254 9.228560000658035 0.6000000000000001
      vertex 0.7601277753710747 9.720895558595657 0
      vertex 1.4521500021219254 9.228560000658035 0
    endloop
  endfacet
  facet normal 0 0 -1
    outer loop
      vertex 0.7601277753710747 9.720895558595657 0.6000000000000001
      vertex 1.4521500021219254 9.228560000658035 0.6000000000000001
      vertex -1.7404899969696999 6.692400000989437 0.6000000000000001
    endloop
  endfacet
  facet normal 0 0 -1
    outer loop
      vertex -1.4851799979805946 6.421763330698013 0.6000000000000001
      vertex 1.4521500021219254 9.228560000658035 0.6000000000000001
      vertex 2.0447811111807823 8.65417055785656 0.6000000000000001
    endloop
  endfacet
  facet normal -0.695968997550271 -0.718071830981324 0
    outer loop
      vertex 1.4521500021219254 9.228560000658035 0.6000000000000001
      vertex 1.4521500021219254 9.228560000658035 0
      vertex 2.0447811111807823 8.65417055785656 0.6000000000000001
    endloop
  endfacet
  facet normal -0.695968997550271 -0.718071830981324 0
    outer loop
      vertex 2.0447811111807823 8.65417055785656 0.6000000000000001
      vertex 1.4521500021219254 9.228560000658035 0
      vertex 2.0447811111807823 8.65417055785656 0
    endloop
  endfacet
  facet normal 0 0 -1
    outer loop
      vertex -1.2762899994850159 6.107199996709824 0.6000000000000001
      vertex 2.906790003180504 7.281614996492863 0.6000000000000001
      vertex -1.1138200014829636 5.748709999024868 0.6000000000000001
    endloop
  endfacet
  facet normal 0 0 -1
    outer loop
      vertex -1.2762899994850159 6.107199996709824 0.6000000000000001
      vertex 2.0447811111807823 8.65417055785656 0.6000000000000001
      vertex 2.529661111533642 8.005188889801502 0.6000000000000001
    endloop
  endfacet
  facet normal 0 0 -1
    outer loop
      vertex -1.2762899994850159 6.107199996709824 0.6000000000000001
      vertex 2.529661111533642 8.005188889801502 0.6000000000000001
      vertex 2.906790003180504 7.281614996492863 0.6000000000000001
    endloop
  endfacet
  facet normal 0 0 -1
    outer loop
      vertex -1.1138200014829636 5.748709999024868 0.6000000000000001
      vertex 2.906790003180504 7.281614996492863 0.6000000000000001
      vertex 3.176167778670788 6.483448885381222 0.6000000000000001
    endloop
  endfacet
  facet normal -0.8010985006044365 -0.5985325323901147 0
    outer loop
      vertex 2.0447811111807823 8.65417055785656 0.6000000000000001
      vertex 2.0447811111807823 8.65417055785656 0
      vertex 2.529661111533642 8.005188889801502 0.6000000000000001
    endloop
  endfacet
  facet normal -0.886779739111748 -0.46219226984113454 0
    outer loop
      vertex 2.529661111533642 8.005188889801502 0.6000000000000001
      vertex 2.529661111533642 8.005188889801502 0
      vertex 2.906790003180504 7.281614996492863 0.6000000000000001
    endloop
  endfacet
  facet normal -0.8010985006044365 -0.5985325323901147 0
    outer loop
      vertex 2.529661111533642 8.005188889801502 0.6000000000000001
      vertex 2.0447811111807823 8.65417055785656 0
      vertex 2.529661111533642 8.005188889801502 0
    endloop
  endfacet
  facet normal -0.886779739111748 -0.46219226984113454 0
    outer loop
      vertex 2.906790003180504 7.281614996492863 0.6000000000000001
      vertex 2.529661111533642 8.005188889801502 0
      vertex 2.906790003180504 7.281614996492863 0
    endloop
  endfacet
  facet normal -0.9474934612300768 -0.3197751411949482 0
    outer loop
      vertex 2.906790003180504 7.281614996492863 0.6000000000000001
      vertex 2.906790003180504 7.281614996492863 0
      vertex 3.176167778670788 6.483448885381222 0.6000000000000001
    endloop
  endfacet
  facet normal -0.9832810459957826 -0.18209443864500569 0
    outer loop
      vertex 3.176167778670788 6.483448885381222 0.6000000000000001
      vertex 3.176167778670788 6.483448885381222 0
      vertex 3.3377944454550743 5.610690556466579 0.6000000000000001
    endloop
  endfacet
  facet normal -0.9474934612300768 -0.3197751411949482 0
    outer loop
      vertex 3.176167778670788 6.483448885381222 0.6000000000000001
      vertex 2.906790003180504 7.281614996492863 0
      vertex 3.176167778670788 6.483448885381222 0
    endloop
  endfacet
  facet normal 0 0 -1
    outer loop
      vertex -1.1138200014829636 5.748709999024868 0.6000000000000001
      vertex 3.176167778670788 6.483448885381222 0.6000000000000001
      vertex -0.9977699965238571 5.346293330192566 0.6000000000000001
    endloop
  endfacet
  facet normal 0 0 -1
    outer loop
      vertex -0.9977699965238571 5.346293330192566 0.6000000000000001
      vertex 3.3377944454550743 5.610690556466579 0.6000000000000001
      vertex -0.9281399995088577 4.899949997663498 0.6000000000000001
    endloop
  endfacet
  facet normal 0 0 -1
    outer loop
      vertex -0.9281399995088577 4.899949997663498 0.6000000000000001
      vertex 3.3916700035333633 4.663340002298355 0.6000000000000001
      vertex -0.9049300029873848 4.409680001437664 0.6000000000000001
    endloop
  endfacet
  facet normal 0 0 -1
    outer loop
      vertex -0.9977699965238571 5.346293330192566 0.6000000000000001
      vertex 3.176167778670788 6.483448885381222 0.6000000000000001
      vertex 3.3377944454550743 5.610690556466579 0.6000000000000001
    endloop
  endfacet
  facet normal 0 0 -1
    outer loop
      vertex -0.9049300029873848 4.409680001437664 0.6000000000000001
      vertex 3.355406664311886 4.007159441709518 0.6000000000000001
      vertex -0.9331083297729492 3.960488885641098 0.6000000000000001
    endloop
  endfacet
  facet normal 0 0 -1
    outer loop
      vertex -0.9331083297729492 3.960488885641098 0.6000000000000001
      vertex 2.8114566653966904 2.2798111140727997 0.6000000000000001
      vertex -1.0176433324813843 3.5477688908576965 0.6000000000000001
    endloop
  endfacet
  facet normal 0 0 -1
    outer loop
      vertex -0.9331083297729492 3.960488885641098 0.6000000000000001
      vertex 3.355406664311886 4.007159441709518 0.6000000000000001
      vertex 3.246616668999195 3.3911777809262276 0.6000000000000001
    endloop
  endfacet
  facet normal 0 0 -1
    outer loop
      vertex -0.9331083297729492 3.960488885641098 0.6000000000000001
      vertex 3.246616668999195 3.3911777809262276 0.6000000000000001
      vertex 3.06530000269413 2.8153949975967407 0.6000000000000001
    endloop
  endfacet
  facet normal 0 0 -1
    outer loop
      vertex -0.9281399995088577 4.899949997663498 0.6000000000000001
      vertex 3.3377944454550743 5.610690556466579 0.6000000000000001
      vertex 3.3916700035333633 4.663340002298355 0.6000000000000001
    endloop
  endfacet
  facet normal -0.9832810459957826 -0.18209443864500569 0
    outer loop
      vertex 3.3377944454550743 5.610690556466579 0.6000000000000001
      vertex 3.176167778670788 6.483448885381222 0
      vertex 3.3377944454550743 5.610690556466579 0
    endloop
  endfacet
  facet normal -0.9983868295257877 -0.05677797662338624 0
    outer loop
      vertex 3.3377944454550743 5.610690556466579 0.6000000000000001
      vertex 3.3377944454550743 5.610690556466579 0
      vertex 3.3916700035333633 4.663340002298355 0.6000000000000001
    endloop
  endfacet
  facet normal -0.9983868295257877 -0.05677797662338624 0
    outer loop
      vertex 3.3916700035333633 4.663340002298355 0.6000000000000001
      vertex 3.3377944454550743 5.610690556466579 0
      vertex 3.3916700035333633 4.663340002298355 0
    endloop
  endfacet
  facet normal 0 0 -1
    outer loop
      vertex -0.9049300029873848 4.409680001437664 0.6000000000000001
      vertex 3.3916700035333633 4.663340002298355 0.6000000000000001
      vertex 3.355406664311886 4.007159441709518 0.6000000000000001
    endloop
  endfacet
  facet normal -0.9984764193024643 0.055180069743790375 0
    outer loop
      vertex 3.3916700035333633 4.663340002298355 0.6000000000000001
      vertex 3.3916700035333633 4.663340002298355 0
      vertex 3.355406664311886 4.007159441709518 0.6000000000000001
    endloop
  endfacet
  facet normal -0.9984764193024643 0.055180069743790375 0
    outer loop
      vertex 3.355406664311886 4.007159441709518 0.6000000000000001
      vertex 3.3916700035333633 4.663340002298355 0
      vertex 3.355406664311886 4.007159441709518 0
    endloop
  endfacet
  facet normal -0.9847596507242337 0.17392075869626672 0
    outer loop
      vertex 3.355406664311886 4.007159441709518 0.6000000000000001
      vertex 3.355406664311886 4.007159441709518 0
      vertex 3.246616668999195 3.3911777809262276 0.6000000000000001
    endloop
  endfacet
  facet normal -0.9538247089732409 0.300363820311489 0
    outer loop
      vertex 3.06530000269413 2.8153949975967407 0.6000000000000001
      vertex 3.246616668999195 3.3911777809262276 0.6000000000000001
      vertex 3.246616668999195 3.3911777809262276 0
    endloop
  endfacet
  facet normal -0.9847596507242337 0.17392075869626672 0
    outer loop
      vertex 3.246616668999195 3.3911777809262276 0.6000000000000001
      vertex 3.355406664311886 4.007159441709518 0
      vertex 3.246616668999195 3.3911777809262276 0
    endloop
  endfacet
  facet normal 0 0 -1
    outer loop
      vertex -1.1585350036621094 3.1715200021862984 0.6000000000000001
      vertex 1.620229996740818 0.9224661141633987 0.6000000000000001
      vertex 1.0925233364105225 0.5724644437432289 0.6000000000000001
    endloop
  endfacet
  facet normal 0 0 -1
    outer loop
      vertex -1.1585350036621094 3.1715200021862984 0.6000000000000001
      vertex 2.0861900001764297 1.3292400017380714 0.6000000000000001
      vertex 1.620229996740818 0.9224661141633987 0.6000000000000001
    endloop
  endfacet
  facet normal 0 0 -1
    outer loop
      vertex -0.9331083297729492 3.960488885641098 0.6000000000000001
      vertex 3.06530000269413 2.8153949975967407 0.6000000000000001
      vertex 2.8114566653966904 2.2798111140727997 0.6000000000000001
    endloop
  endfacet
  facet normal 0 0 -1
    outer loop
      vertex -1.0176433324813843 3.5477688908576965 0.6000000000000001
      vertex 2.8114566653966904 2.2798111140727997 0.6000000000000001
      vertex 2.485086664557457 1.7844261080026627 0.6000000000000001
    endloop
  endfacet
  facet normal 0 0 -1
    outer loop
      vertex -1.0176433324813843 3.5477688908576965 0.6000000000000001
      vertex 2.485086664557457 1.7844261080026627 0.6000000000000001
      vertex 2.0861900001764297 1.3292400017380714 0.6000000000000001
    endloop
  endfacet
  facet normal 0 0 -1
    outer loop
      vertex -1.355783335864544 2.8317422196269035 0.6000000000000001
      vertex 1.0925233364105225 0.5724644437432289 0.6000000000000001
      vertex 0.5030699968338013 0.27923499792814255 0.6000000000000001
    endloop
  endfacet
  facet normal -0.3413060391500182 0.9399522262539337 0
    outer loop
      vertex 0.5030699968338013 0.27923499792814255 0.6000000000000001
      vertex 0.5030699968338013 0.27923499792814255 0
      vertex -0.14812999963760376 0.04277777671813965 0.6000000000000001
    endloop
  endfacet
  facet normal -0.4453933344150625 0.8953350086189148 0
    outer loop
      vertex 0.5030699968338013 0.27923499792814255 0.6000000000000001
      vertex 1.0925233364105225 0.5724644437432289 0.6000000000000001
      vertex 1.0925233364105225 0.5724644437432289 0
    endloop
  endfacet
  facet normal -0.3413060391500182 0.9399522262539337 0
    outer loop
      vertex -0.14812999963760376 0.04277777671813965 0.6000000000000001
      vertex 0.5030699968338013 0.27923499792814255 0
      vertex -0.14812999963760376 0.04277777671813965 0
    endloop
  endfacet
  facet normal -0.4453933344150625 0.8953350086189148 0
    outer loop
      vertex 0.5030699968338013 0.27923499792814255 0.6000000000000001
      vertex 1.0925233364105225 0.5724644437432289 0
      vertex 0.5030699968338013 0.27923499792814255 0
    endloop
  endfacet
  facet normal -0.5527276676438216 0.8333619414282255 0
    outer loop
      vertex 1.0925233364105225 0.5724644437432289 0.6000000000000001
      vertex 1.620229996740818 0.9224661141633987 0.6000000000000001
      vertex 1.620229996740818 0.9224661141633987 0
    endloop
  endfacet
  facet normal -0.6576424263791377 0.753330232385612 0
    outer loop
      vertex 1.620229996740818 0.9224661141633987 0.6000000000000001
      vertex 2.0861900001764297 1.3292400017380714 0
      vertex 1.620229996740818 0.9224661141633987 0
    endloop
  endfacet
  facet normal -0.5527276676438216 0.8333619414282255 0
    outer loop
      vertex 1.0925233364105225 0.5724644437432289 0.6000000000000001
      vertex 1.620229996740818 0.9224661141633987 0
      vertex 1.0925233364105225 0.5724644437432289 0
    endloop
  endfacet
  facet normal -0.7520779696446849 0.6590741442168162 0
    outer loop
      vertex 2.0861900001764297 1.3292400017380714 0.6000000000000001
      vertex 2.485086664557457 1.7844261080026627 0.6000000000000001
      vertex 2.485086664557457 1.7844261080026627 0
    endloop
  endfacet
  facet normal -0.8350617885928524 0.5501561680396816 0
    outer loop
      vertex 2.8114566653966904 2.2798111140727997 0.6000000000000001
      vertex 2.8114566653966904 2.2798111140727997 0
      vertex 2.485086664557457 1.7844261080026627 0.6000000000000001
    endloop
  endfacet
  facet normal -0.8350617885928524 0.5501561680396816 0
    outer loop
      vertex 2.485086664557457 1.7844261080026627 0.6000000000000001
      vertex 2.8114566653966904 2.2798111140727997 0
      vertex 2.485086664557457 1.7844261080026627 0
    endloop
  endfacet
  facet normal -0.9036427063522819 0.42828712244979233 0
    outer loop
      vertex 3.06530000269413 2.8153949975967407 0.6000000000000001
      vertex 3.06530000269413 2.8153949975967407 0
      vertex 2.8114566653966904 2.2798111140727997 0.6000000000000001
    endloop
  endfacet
  facet normal -0.9538247089732409 0.300363820311489 0
    outer loop
      vertex 3.06530000269413 2.8153949975967407 0.6000000000000001
      vertex 3.246616668999195 3.3911777809262276 0
      vertex 3.06530000269413 2.8153949975967407 0
    endloop
  endfacet
  facet normal -0.9036427063522819 0.42828712244979233 0
    outer loop
      vertex 2.8114566653966904 2.2798111140727997 0.6000000000000001
      vertex 3.06530000269413 2.8153949975967407 0
      vertex 2.8114566653966904 2.2798111140727997 0
    endloop
  endfacet
  facet normal -0.6576424263791377 0.753330232385612 0
    outer loop
      vertex 2.0861900001764297 1.3292400017380714 0.6000000000000001
      vertex 2.0861900001764297 1.3292400017380714 0
      vertex 1.620229996740818 0.9224661141633987 0.6000000000000001
    endloop
  endfacet
  facet normal -0.7520779696446849 0.6590741442168162 0
    outer loop
      vertex 2.0861900001764297 1.3292400017380714 0.6000000000000001
      vertex 2.485086664557457 1.7844261080026627 0
      vertex 2.0861900001764297 1.3292400017380714 0
    endloop
  endfacet
  facet normal -0.5001981785382594 -0.8659109551143279 0
    outer loop
      vertex 0.2867550030350685 -0.9497950002551079 0.6000000000000001
      vertex 0.2867550030350685 -0.9497950002551079 0
      vertex 0.8140522241592407 -1.254391111433506 0.6000000000000001
    endloop
  endfacet
  facet normal -0.40321986382013997 -0.9151031315763638 0
    outer loop
      vertex 0.2867550030350685 -0.9497950002551079 0.6000000000000001
      vertex -0.29731444269418716 -0.6924377754330635 0
      vertex 0.2867550030350685 -0.9497950002551079 0
    endloop
  endfacet
  facet normal -0.5001981785382594 -0.8659109551143279 0
    outer loop
      vertex 0.8140522241592407 -1.254391111433506 0.6000000000000001
      vertex 0.2867550030350685 -0.9497950002551079 0
      vertex 0.8140522241592407 -1.254391111433506 0
    endloop
  endfacet
  facet normal -0.5988460573657054 -0.8008641580053076 0
    outer loop
      vertex 0.8140522241592407 -1.254391111433506 0.6000000000000001
      vertex 0.8140522241592407 -1.254391111433506 0
      vertex 1.2845772206783295 -1.606226108968258 0.6000000000000001
    endloop
  endfacet
  facet normal -0.5988460573657054 -0.8008641580053076 0
    outer loop
      vertex 1.2845772206783295 -1.606226108968258 0.6000000000000001
      vertex 0.8140522241592407 -1.254391111433506 0
      vertex 1.2845772206783295 -1.606226108968258 0
    endloop
  endfacet
  facet normal 0 0 -1
    outer loop
      vertex 0.8140522241592407 -1.254391111433506 0.6000000000000001
      vertex 1.2845772206783295 -1.606226108968258 0.6000000000000001
      vertex -1.6246050000190735 -3.506470002233982 0.6000000000000001
    endloop
  endfacet
  facet normal 0 0 -1
    outer loop
      vertex -1.4981966689229012 -3.8759355545043945 0.6000000000000001
      vertex 1.2845772206783295 -1.606226108968258 0.6000000000000001
      vertex 1.6983300000429153 -2.005300000309944 0.6000000000000001
    endloop
  endfacet
  facet normal 0 0 -1
    outer loop
      vertex -1.4981966689229012 -3.8759355545043945 0.6000000000000001
      vertex 1.6983300000429153 -2.005300000309944 0.6000000000000001
      vertex 2.0516500025987625 -2.4474694430828094 0.6000000000000001
    endloop
  endfacet
  facet normal -0.6942239009976132 -0.7197591092050564 0
    outer loop
      vertex 1.2845772206783295 -1.606226108968258 0.6000000000000001
      vertex 1.2845772206783295 -1.606226108968258 0
      vertex 1.6983300000429153 -2.005300000309944 0.6000000000000001
    endloop
  endfacet
  facet normal -0.7812268266832375 -0.6242472629258691 0
    outer loop
      vertex 1.6983300000429153 -2.005300000309944 0.6000000000000001
      vertex 1.6983300000429153 -2.005300000309944 0
      vertex 2.0516500025987625 -2.4474694430828094 0.6000000000000001
    endloop
  endfacet
  facet normal -0.6942239009976132 -0.7197591092050564 0
    outer loop
      vertex 1.6983300000429153 -2.005300000309944 0.6000000000000001
      vertex 1.2845772206783295 -1.606226108968258 0
      vertex 1.6983300000429153 -2.005300000309944 0
    endloop
  endfacet
  facet normal -0.7812268266832375 -0.6242472629258691 0
    outer loop
      vertex 2.0516500025987625 -2.4474694430828094 0.6000000000000001
      vertex 1.6983300000429153 -2.005300000309944 0
      vertex 2.0516500025987625 -2.4474694430828094 0
    endloop
  endfacet
  facet normal -0.8571728603074527 -0.5150288220598344 0
    outer loop
      vertex 2.0516500025987625 -2.4474694430828094 0.6000000000000001
      vertex 2.0516500025987625 -2.4474694430828094 0
      vertex 2.340729996562004 -2.9285911098122597 0.6000000000000001
    endloop
  endfacet
  facet normal -0.8571728603074527 -0.5150288220598344 0
    outer loop
      vertex 2.340729996562004 -2.9285911098122597 0.6000000000000001
      vertex 2.0516500025987625 -2.4474694430828094 0
      vertex 2.340729996562004 -2.9285911098122597 0
    endloop
  endfacet
  facet normal 0 0 -1
    outer loop
      vertex -1.4223516657948494 -4.280625551939011 0.6000000000000001
      vertex 2.0516500025987625 -2.4474694430828094 0.6000000000000001
      vertex 2.340729996562004 -2.9285911098122597 0.6000000000000001
    endloop
  endfacet
  facet normal 0 0 -1
    outer loop
      vertex -1.4223516657948494 -4.280625551939011 0.6000000000000001
      vertex 2.340729996562004 -2.9285911098122597 0.6000000000000001
      vertex 2.5655699968338013 -3.448665000498295 0.6000000000000001
    endloop
  endfacet
  facet normal 0 0 -1
    outer loop
      vertex -1.4223516657948494 -4.280625551939011 0.6000000000000001
      vertex 2.5655699968338013 -3.448665000498295 0.6000000000000001
      vertex 2.726170003414154 -4.007691107690334 0.6000000000000001
    endloop
  endfacet
  facet normal 0 0 -1
    outer loop
      vertex -1.3970699980854988 -4.720540001988411 0.6000000000000001
      vertex 2.726170003414154 -4.007691107690334 0.6000000000000001
      vertex 2.8225300014019012 -4.605669446289539 0.6000000000000001
    endloop
  endfacet
  facet normal 0 0 -1
    outer loop
      vertex -1.3970699980854988 -4.720540001988411 0.6000000000000001
      vertex 2.8546499982476234 -5.242600001394749 0.6000000000000001
      vertex -1.4171694442629814 -5.137598887085915 0.6000000000000001
    endloop
  endfacet
  facet normal 0 0 -1
    outer loop
      vertex -1.3970699980854988 -4.720540001988411 0.6000000000000001
      vertex 2.8225300014019012 -4.605669446289539 0.6000000000000001
      vertex 2.8546499982476234 -5.242600001394749 0.6000000000000001
    endloop
  endfacet
  facet normal 0 0 -1
    outer loop
      vertex -1.4171694442629814 -5.137598887085915 0.6000000000000001
      vertex 2.8546499982476234 -5.242600001394749 0.6000000000000001
      vertex 2.8030538856983185 -6.086128890514374 0.6000000000000001
    endloop
  endfacet
  facet normal 0 0 -1
    outer loop
      vertex -1.4774677753448486 -5.523588888347149 0.6000000000000001
      vertex 2.8030538856983185 -6.086128890514374 0.6000000000000001
      vertex 2.648265555500984 -6.866248890757561 0.6000000000000001
    endloop
  endfacet
  facet normal -0.9178935643185089 -0.39682666818481765 0
    outer loop
      vertex 2.340729996562004 -2.9285911098122597 0.6000000000000001
      vertex 2.340729996562004 -2.9285911098122597 0
      vertex 2.5655699968338013 -3.448665000498295 0.6000000000000001
    endloop
  endfacet
  facet normal -0.961124071481383 -0.27611685790449186 0
    outer loop
      vertex 2.5655699968338013 -3.448665000498295 0.6000000000000001
      vertex 2.5655699968338013 -3.448665000498295 0
      vertex 2.726170003414154 -4.007691107690334 0.6000000000000001
    endloop
  endfacet
  facet normal -0.9178935643185089 -0.39682666818481765 0
    outer loop
      vertex 2.5655699968338013 -3.448665000498295 0.6000000000000001
      vertex 2.340729996562004 -2.9285911098122597 0
      vertex 2.5655699968338013 -3.448665000498295 0
    endloop
  endfacet
  facet normal -0.961124071481383 -0.27611685790449186 0
    outer loop
      vertex 2.726170003414154 -4.007691107690334 0.6000000000000001
      vertex 2.5655699968338013 -3.448665000498295 0
      vertex 2.726170003414154 -4.007691107690334 0
    endloop
  endfacet
  facet normal -0.9872639814018708 -0.1590906377714499 0
    outer loop
      vertex 2.726170003414154 -4.007691107690334 0.6000000000000001
      vertex 2.726170003414154 -4.007691107690334 0
      vertex 2.8225300014019012 -4.605669446289539 0.6000000000000001
    endloop
  endfacet
  facet normal -0.9872639814018708 -0.1590906377714499 0
    outer loop
      vertex 2.8225300014019012 -4.605669446289539 0.6000000000000001
      vertex 2.726170003414154 -4.007691107690334 0
      vertex 2.8225300014019012 -4.605669446289539 0
    endloop
  endfacet
  facet normal -0.998730860263644 -0.05036535274413825 0
    outer loop
      vertex 2.8225300014019012 -4.605669446289539 0.6000000000000001
      vertex 2.8225300014019012 -4.605669446289539 0
      vertex 2.8546499982476234 -5.242600001394749 0.6000000000000001
    endloop
  endfacet
  facet normal -0.998730860263644 -0.05036535274413825 0
    outer loop
      vertex 2.8546499982476234 -5.242600001394749 0.6000000000000001
      vertex 2.8225300014019012 -4.605669446289539 0
      vertex 2.8546499982476234 -5.242600001394749 0
    endloop
  endfacet
  facet normal -0.9981345333964194 0.061052872508277775 0
    outer loop
      vertex 2.8546499982476234 -5.242600001394749 0.6000000000000001
      vertex 2.8546499982476234 -5.242600001394749 0
      vertex 2.8030538856983185 -6.086128890514374 0.6000000000000001
    endloop
  endfacet
  facet normal -0.9981345333964194 0.061052872508277775 0
    outer loop
      vertex 2.8030538856983185 -6.086128890514374 0.6000000000000001
      vertex 2.8546499982476234 -5.242600001394749 0
      vertex 2.8030538856983185 -6.086128890514374 0
    endloop
  endfacet
  facet normal 0 0 -1
    outer loop
      vertex -1.7186611145734787 -6.202362224459648 0.6000000000000001
      vertex 2.39028500020504 -7.5829600021243095 0.6000000000000001
      vertex 2.029112219810486 -8.23626222461462 0.6000000000000001
    endloop
  endfacet
  facet normal 0 0 -1
    outer loop
      vertex -1.577964998781681 -5.878509998321533 0.6000000000000001
      vertex 2.648265555500984 -6.866248890757561 0.6000000000000001
      vertex 2.39028500020504 -7.5829600021243095 0.6000000000000001
    endloop
  endfacet
  facet normal 0 0 -1
    outer loop
      vertex -1.8995561078190804 -6.4951455518603325 0.6000000000000001
      vertex 1.5647472217679024 -8.826155558228493 0.6000000000000001
      vertex 0.997189998626709 -9.352640002965927 0.6000000000000001
    endloop
  endfacet
  facet normal 0 0 -1
    outer loop
      vertex -1.7186611145734787 -6.202362224459648 0.6000000000000001
      vertex 2.029112219810486 -8.23626222461462 0.6000000000000001
      vertex 1.5647472217679024 -8.826155558228493 0.6000000000000001
    endloop
  endfacet
  facet normal -0.7857502535608589 0.6185438860978628 0
    outer loop
      vertex 2.029112219810486 -8.23626222461462 0.6000000000000001
      vertex 2.029112219810486 -8.23626222461462 0
      vertex 1.5647472217679024 -8.826155558228493 0.6000000000000001
    endloop
  endfacet
  facet normal -0.6800813150528202 0.7331366891078543 0
    outer loop
      vertex 1.5647472217679024 -8.826155558228493 0.6000000000000001
      vertex 1.5647472217679024 -8.826155558228493 0
      vertex 0.997189998626709 -9.352640002965927 0.6000000000000001
    endloop
  endfacet
  facet normal -0.6800813150528202 0.7331366891078543 0
    outer loop
      vertex 0.997189998626709 -9.352640002965927 0.6000000000000001
      vertex 1.5647472217679024 -8.826155558228493 0
      vertex 0.997189998626709 -9.352640002965927 0
    endloop
  endfacet
  facet normal -0.7857502535608589 0.6185438860978628 0
    outer loop
      vertex 1.5647472217679024 -8.826155558228493 0.6000000000000001
      vertex 2.029112219810486 -8.23626222461462 0
      vertex 1.5647472217679024 -8.826155558228493 0
    endloop
  endfacet
  facet normal -0.9808783186152795 0.1946220030481188 0
    outer loop
      vertex 2.8030538856983185 -6.086128890514374 0.6000000000000001
      vertex 2.8030538856983185 -6.086128890514374 0
      vertex 2.648265555500984 -6.866248890757561 0.6000000000000001
    endloop
  endfacet
  facet normal -0.9808783186152795 0.1946220030481188 0
    outer loop
      vertex 2.648265555500984 -6.866248890757561 0.6000000000000001
      vertex 2.8030538856983185 -6.086128890514374 0
      vertex 2.648265555500984 -6.866248890757561 0
    endloop
  endfacet
  facet normal -0.9409022406088883 0.3386782744983414 0
    outer loop
      vertex 2.648265555500984 -6.866248890757561 0.6000000000000001
      vertex 2.648265555500984 -6.866248890757561 0
      vertex 2.39028500020504 -7.5829600021243095 0.6000000000000001
    endloop
  endfacet
  facet normal -0.9409022406088883 0.3386782744983414 0
    outer loop
      vertex 2.39028500020504 -7.5829600021243095 0.6000000000000001
      vertex 2.648265555500984 -6.866248890757561 0
      vertex 2.39028500020504 -7.5829600021243095 0
    endloop
  endfacet
  facet normal -0.875163636383262 0.4838270450816341 0
    outer loop
      vertex 2.029112219810486 -8.23626222461462 0.6000000000000001
      vertex 2.39028500020504 -7.5829600021243095 0.6000000000000001
      vertex 2.39028500020504 -7.5829600021243095 0
    endloop
  endfacet
  facet normal -0.875163636383262 0.4838270450816341 0
    outer loop
      vertex 2.029112219810486 -8.23626222461462 0.6000000000000001
      vertex 2.39028500020504 -7.5829600021243095 0
      vertex 2.029112219810486 -8.23626222461462 0
    endloop
  endfacet
  facet normal -0.44876466315789376 0.8936499745989938 0
    outer loop
      vertex -0.400958888232708 -10.177395552396774 0.6000000000000001
      vertex 0.3381127789616585 -9.80625555664301 0.6000000000000001
      vertex 0.3381127789616585 -9.80625555664301 0
    endloop
  endfacet
  facet normal -0.5669530717135407 0.8237500922455673 0
    outer loop
      vertex 0.3381127789616585 -9.80625555664301 0.6000000000000001
      vertex 0.997189998626709 -9.352640002965927 0.6000000000000001
      vertex 0.997189998626709 -9.352640002965927 0
    endloop
  endfacet
  facet normal -0.5669530717135407 0.8237500922455673 0
    outer loop
      vertex 0.3381127789616585 -9.80625555664301 0.6000000000000001
      vertex 0.997189998626709 -9.352640002965927 0
      vertex 0.3381127789616585 -9.80625555664301 0
    endloop
  endfacet
  facet normal 0 0 -1
    outer loop
      vertex -16.29992250353098 20.758942499756813 0.6000000000000001
      vertex -15.936972498893738 20.077342502772808 0.6000000000000001
      vertex -16.466485001146793 20.669430002570152 0.6000000000000001
    endloop
  endfacet
  facet normal 0 0 -1
    outer loop
      vertex -16.61380624771118 20.563388749957085 0.6000000000000001
      vertex -16.070552498102188 19.932892501354218 0.6000000000000001
      vertex -16.742480002343655 20.44056499749422 0.6000000000000001
    endloop
  endfacet
  facet normal 0 0 -1
    outer loop
      vertex -16.85250625014305 20.30095875263214 0.6000000000000001
      vertex -16.742480002343655 20.44056499749422 0.6000000000000001
      vertex -16.070552498102188 19.932892501354218 0.6000000000000001
    endloop
  endfacet
  facet normal 0 0 -1
    outer loop
      vertex -16.61380624771118 20.563388749957085 0.6000000000000001
      vertex -16.466485001146793 20.669430002570152 0.6000000000000001
      vertex -16.008424997329712 20.010329999029636 0.6000000000000001
    endloop
  endfacet
  facet normal 0 0 -1
    outer loop
      vertex -16.61380624771118 20.563388749957085 0.6000000000000001
      vertex -16.008424997329712 20.010329999029636 0.6000000000000001
      vertex -16.070552498102188 19.932892501354218 0.6000000000000001
    endloop
  endfacet
  facet normal 0 0 -1
    outer loop
      vertex -16.29992250353098 20.758942499756813 0.6000000000000001
      vertex -16.11352500319481 20.832180000841618 0.6000000000000001
      vertex -15.856195002794266 20.13392999768257 0.6000000000000001
    endloop
  endfacet
  facet normal 0 0 -1
    outer loop
      vertex -16.11352500319481 20.832180000841618 0.6000000000000001
      vertex -15.907292500138283 20.889142498373985 0.6000000000000001
      vertex -15.765231251716614 20.181010000407696 0.6000000000000001
    endloop
  endfacet
  facet normal 0 0 -1
    outer loop
      vertex -15.907292500138283 20.889142498373985 0.6000000000000001
      vertex -15.681225001811981 20.929829999804497 0.6000000000000001
      vertex -15.663249999284744 20.219530001282692 0.6000000000000001
    endloop
  endfacet
  facet normal 0 0 -1
    outer loop
      vertex -16.29992250353098 20.758942499756813 0.6000000000000001
      vertex -15.856195002794266 20.13392999768257 0.6000000000000001
      vertex -15.936972498893738 20.077342502772808 0.6000000000000001
    endloop
  endfacet
  facet normal 0 0 -1
    outer loop
      vertex -16.466485001146793 20.669430002570152 0.6000000000000001
      vertex -15.936972498893738 20.077342502772808 0.6000000000000001
      vertex -16.008424997329712 20.010329999029636 0.6000000000000001
    endloop
  endfacet
  facet normal 0 0 -1
    outer loop
      vertex -16.11352500319481 20.832180000841618 0.6000000000000001
      vertex -15.765231251716614 20.181010000407696 0.6000000000000001
      vertex -15.856195002794266 20.13392999768257 0.6000000000000001
    endloop
  endfacet
  facet normal 0 0 -1
    outer loop
      vertex -15.907292500138283 20.889142498373985 0.6000000000000001
      vertex -15.663249999284744 20.219530001282692 0.6000000000000001
      vertex -15.765231251716614 20.181010000407696 0.6000000000000001
    endloop
  endfacet
  facet normal 0 0 -1
    outer loop
      vertex -15.681225001811981 20.929829999804497 0.6000000000000001
      vertex -15.435322500765324 20.95424249768257 0.6000000000000001
      vertex -15.426234997808933 20.2708899974823 0.6000000000000001
    endloop
  endfacet
  facet normal 0 0 -1
    outer loop
      vertex -15.435322500765324 20.95424249768257 0.6000000000000001
      vertex -15.16958499699831 20.96237999945879 0.6000000000000001
      vertex -15.291201248764992 20.283730000257492 0.6000000000000001
    endloop
  endfacet
  facet normal 0 0 -1
    outer loop
      vertex -15.435322500765324 20.95424249768257 0.6000000000000001
      vertex -15.291201248764992 20.283730000257492 0.6000000000000001
      vertex -15.426234997808933 20.2708899974823 0.6000000000000001
    endloop
  endfacet
  facet normal 0 0 -1
    outer loop
      vertex -15.16958499699831 20.96237999945879 0.6000000000000001
      vertex -15.145149998366833 20.288010001182556 0.6000000000000001
      vertex -15.291201248764992 20.283730000257492 0.6000000000000001
    endloop
  endfacet
  facet normal 0 0 -1
    outer loop
      vertex -15.681225001811981 20.929829999804497 0.6000000000000001
      vertex -15.550251252949238 20.24949000030756 0.6000000000000001
      vertex -15.663249999284744 20.219530001282692 0.6000000000000001
    endloop
  endfacet
  facet normal 0 0 -1
    outer loop
      vertex -15.681225001811981 20.929829999804497 0.6000000000000001
      vertex -15.426234997808933 20.2708899974823 0.6000000000000001
      vertex -15.550251252949238 20.24949000030756 0.6000000000000001
    endloop
  endfacet
  facet normal 0.8634134904751204 -0.5044969221566858 0
    outer loop
      vertex -16.85250625014305 20.30095875263214 0.6000000000000001
      vertex -16.943884998559952 20.144570000469685 0.6000000000000001
      vertex -16.943884998559952 20.144570000469685 0
    endloop
  endfacet
  facet normal 0.7854001871556071 -0.6189883246200507 0
    outer loop
      vertex -16.85250625014305 20.30095875263214 0.6000000000000001
      vertex -16.85250625014305 20.30095875263214 0
      vertex -16.742480002343655 20.44056499749422 0.6000000000000001
    endloop
  endfacet
  facet normal 0.6904722311785816 -0.7233588998355321 0
    outer loop
      vertex -16.61380624771118 20.563388749957085 0.6000000000000001
      vertex -16.742480002343655 20.44056499749422 0.6000000000000001
      vertex -16.742480002343655 20.44056499749422 0
    endloop
  endfacet
  facet normal 0.47338220131442754 -0.8808571345449312 0
    outer loop
      vertex -16.29992250353098 20.758942499756813 0.6000000000000001
      vertex -16.466485001146793 20.669430002570152 0.6000000000000001
      vertex -16.466485001146793 20.669430002570152 0
    endloop
  endfacet
  facet normal 0.5841957100880113 -0.8116128216796258 0
    outer loop
      vertex -16.61380624771118 20.563388749957085 0.6000000000000001
      vertex -16.61380624771118 20.563388749957085 0
      vertex -16.466485001146793 20.669430002570152 0.6000000000000001
    endloop
  endfacet
  facet normal 0.36569524662555136 -0.9307346488637227 0
    outer loop
      vertex -16.29992250353098 20.758942499756813 0.6000000000000001
      vertex -16.29992250353098 20.758942499756813 0
      vertex -16.11352500319481 20.832180000841618 0.6000000000000001
    endloop
  endfacet
  facet normal 0.6904722311785816 -0.7233588998355321 0
    outer loop
      vertex -16.61380624771118 20.563388749957085 0.6000000000000001
      vertex -16.742480002343655 20.44056499749422 0
      vertex -16.61380624771118 20.563388749957085 0
    endloop
  endfacet
  facet normal 0.8634134904751204 -0.5044969221566858 0
    outer loop
      vertex -16.85250625014305 20.30095875263214 0.6000000000000001
      vertex -16.943884998559952 20.144570000469685 0
      vertex -16.85250625014305 20.30095875263214 0
    endloop
  endfacet
  facet normal 0.7854001871556071 -0.6189883246200507 0
    outer loop
      vertex -16.742480002343655 20.44056499749422 0.6000000000000001
      vertex -16.85250625014305 20.30095875263214 0
      vertex -16.742480002343655 20.44056499749422 0
    endloop
  endfacet
  facet normal 0.5841957100880113 -0.8116128216796258 0
    outer loop
      vertex -16.466485001146793 20.669430002570152 0.6000000000000001
      vertex -16.61380624771118 20.563388749957085 0
      vertex -16.466485001146793 20.669430002570152 0
    endloop
  endfacet
  facet normal 0.47338220131442754 -0.8808571345449312 0
    outer loop
      vertex -16.29992250353098 20.758942499756813 0.6000000000000001
      vertex -16.466485001146793 20.669430002570152 0
      vertex -16.29992250353098 20.758942499756813 0
    endloop
  endfacet
  facet normal 0.36569524662555136 -0.9307346488637227 0
    outer loop
      vertex -16.11352500319481 20.832180000841618 0.6000000000000001
      vertex -16.29992250353098 20.758942499756813 0
      vertex -16.11352500319481 20.832180000841618 0
    endloop
  endfacet
  facet normal 0.1771333970821549 -0.9841868519941401 0
    outer loop
      vertex -15.907292500138283 20.889142498373985 0.6000000000000001
      vertex -15.907292500138283 20.889142498373985 0
      vertex -15.681225001811981 20.929829999804497 0.6000000000000001
    endloop
  endfacet
  facet normal 0.09879149509773384 -0.9951081551752827 0
    outer loop
      vertex -15.681225001811981 20.929829999804497 0.6000000000000001
      vertex -15.681225001811981 20.929829999804497 0
      vertex -15.435322500765324 20.95424249768257 0.6000000000000001
    endloop
  endfacet
  facet normal 0.03060798330677415 -0.9995314659168525 0
    outer loop
      vertex -15.435322500765324 20.95424249768257 0.6000000000000001
      vertex -15.435322500765324 20.95424249768257 0
      vertex -15.16958499699831 20.96237999945879 0.6000000000000001
    endloop
  endfacet
  facet normal 0.1771333970821549 -0.9841868519941401 0
    outer loop
      vertex -15.681225001811981 20.929829999804497 0.6000000000000001
      vertex -15.907292500138283 20.889142498373985 0
      vertex -15.681225001811981 20.929829999804497 0
    endloop
  endfacet
  facet normal 0.09879149509773384 -0.9951081551752827 0
    outer loop
      vertex -15.435322500765324 20.95424249768257 0.6000000000000001
      vertex -15.681225001811981 20.929829999804497 0
      vertex -15.435322500765324 20.95424249768257 0
    endloop
  endfacet
  facet normal 0.03060798330677415 -0.9995314659168525 0
    outer loop
      vertex -15.16958499699831 20.96237999945879 0.6000000000000001
      vertex -15.435322500765324 20.95424249768257 0
      vertex -15.16958499699831 20.96237999945879 0
    endloop
  endfacet
  facet normal 0.26623637524469196 -0.9639077717793167 0
    outer loop
      vertex -16.11352500319481 20.832180000841618 0.6000000000000001
      vertex -16.11352500319481 20.832180000841618 0
      vertex -15.907292500138283 20.889142498373985 0.6000000000000001
    endloop
  endfacet
  facet normal -0.5737566026934612 0.8190258609260501 0
    outer loop
      vertex -15.856195002794266 20.13392999768257 0.6000000000000001
      vertex -15.856195002794266 20.13392999768257 0
      vertex -15.936972498893738 20.077342502772808 0.6000000000000001
    endloop
  endfacet
  facet normal -0.4596523352622798 0.8880989419473106 0
    outer loop
      vertex -15.856195002794266 20.13392999768257 0.6000000000000001
      vertex -15.765231251716614 20.181010000407696 0.6000000000000001
      vertex -15.765231251716614 20.181010000407696 0
    endloop
  endfacet
  facet normal -0.35335039590901784 0.9354910463018555 0
    outer loop
      vertex -15.663249999284744 20.219530001282692 0.6000000000000001
      vertex -15.663249999284744 20.219530001282692 0
      vertex -15.765231251716614 20.181010000407696 0.6000000000000001
    endloop
  endfacet
  facet normal -0.25628077606797206 0.9666023814464756 0
    outer loop
      vertex -15.663249999284744 20.219530001282692 0.6000000000000001
      vertex -15.550251252949238 20.24949000030756 0.6000000000000001
      vertex -15.550251252949238 20.24949000030756 0
    endloop
  endfacet
  facet normal -0.17004492086558531 0.9854363119389385 0
    outer loop
      vertex -15.550251252949238 20.24949000030756 0.6000000000000001
      vertex -15.426234997808933 20.2708899974823 0.6000000000000001
      vertex -15.426234997808933 20.2708899974823 0
    endloop
  endfacet
  facet normal -0.09466038252392805 0.9955096242530374 0
    outer loop
      vertex -15.426234997808933 20.2708899974823 0.6000000000000001
      vertex -15.291201248764992 20.283730000257492 0.6000000000000001
      vertex -15.291201248764992 20.283730000257492 0
    endloop
  endfacet
  facet normal 0.26623637524469196 -0.9639077717793167 0
    outer loop
      vertex -15.907292500138283 20.889142498373985 0.6000000000000001
      vertex -16.11352500319481 20.832180000841618 0
      vertex -15.907292500138283 20.889142498373985 0
    endloop
  endfacet
  facet normal -0.4596523352622798 0.8880989419473106 0
    outer loop
      vertex -15.856195002794266 20.13392999768257 0.6000000000000001
      vertex -15.765231251716614 20.181010000407696 0
      vertex -15.856195002794266 20.13392999768257 0
    endloop
  endfacet
  facet normal -0.35335039590901784 0.9354910463018555 0
    outer loop
      vertex -15.765231251716614 20.181010000407696 0.6000000000000001
      vertex -15.663249999284744 20.219530001282692 0
      vertex -15.765231251716614 20.181010000407696 0
    endloop
  endfacet
  facet normal -0.25628077606797206 0.9666023814464756 0
    outer loop
      vertex -15.663249999284744 20.219530001282692 0.6000000000000001
      vertex -15.550251252949238 20.24949000030756 0
      vertex -15.663249999284744 20.219530001282692 0
    endloop
  endfacet
  facet normal -0.17004492086558531 0.9854363119389385 0
    outer loop
      vertex -15.550251252949238 20.24949000030756 0.6000000000000001
      vertex -15.426234997808933 20.2708899974823 0
      vertex -15.550251252949238 20.24949000030756 0
    endloop
  endfacet
  facet normal -0.09466038252392805 0.9955096242530374 0
    outer loop
      vertex -15.426234997808933 20.2708899974823 0.6000000000000001
      vertex -15.291201248764992 20.283730000257492 0
      vertex -15.426234997808933 20.2708899974823 0
    endloop
  endfacet
  facet normal -0.02929221301936916 0.9995708910609732 0
    outer loop
      vertex -15.291201248764992 20.283730000257492 0.6000000000000001
      vertex -15.145149998366833 20.288010001182556 0
      vertex -15.291201248764992 20.283730000257492 0
    endloop
  endfacet
  facet normal 0 0 -1
    outer loop
      vertex -16.85250625014305 20.30095875263214 0.6000000000000001
      vertex -16.123355001211166 19.84503000229597 0.6000000000000001
      vertex -16.943884998559952 20.144570000469685 0.6000000000000001
    endloop
  endfacet
  facet normal 0 0 -1
    outer loop
      vertex -16.943884998559952 20.144570000469685 0.6000000000000001
      vertex -16.166832499206066 19.746742501854897 0.6000000000000001
      vertex -17.016616247594357 19.971398748457432 0.6000000000000001
    endloop
  endfacet
  facet normal 0 0 -1
    outer loop
      vertex -17.016616247594357 19.971398748457432 0.6000000000000001
      vertex -16.200984999537468 19.638030000030994 0.6000000000000001
      vertex -17.070699997246265 19.781444996595383 0.6000000000000001
    endloop
  endfacet
  facet normal 0 0 -1
    outer loop
      vertex -16.943884998559952 20.144570000469685 0.6000000000000001
      vertex -16.123355001211166 19.84503000229597 0.6000000000000001
      vertex -16.166832499206066 19.746742501854897 0.6000000000000001
    endloop
  endfacet
  facet normal 0 0 -1
    outer loop
      vertex -17.016616247594357 19.971398748457432 0.6000000000000001
      vertex -16.166832499206066 19.746742501854897 0.6000000000000001
      vertex -16.200984999537468 19.638030000030994 0.6000000000000001
    endloop
  endfacet
  facet normal 0 0 -1
    outer loop
      vertex -16.85250625014305 20.30095875263214 0.6000000000000001
      vertex -16.070552498102188 19.932892501354218 0.6000000000000001
      vertex -16.123355001211166 19.84503000229597 0.6000000000000001
    endloop
  endfacet
  facet normal 0 0 -1
    outer loop
      vertex -16.1644150018692 18.791555002331734 0.6000000000000001
      vertex -16.104403749108315 18.81647749990225 0.6000000000000001
      vertex -15.753289997577667 18.090884998440742 0.6000000000000001
    endloop
  endfacet
  facet normal 0 0 -1
    outer loop
      vertex -16.104403749108315 18.81647749990225 0.6000000000000001
      vertex -16.04236000031233 18.840044997632504 0.6000000000000001
      vertex -15.753289997577667 18.090884998440742 0.6000000000000001
    endloop
  endfacet
  facet normal 0 0 -1
    outer loop
      vertex -15.971147499978542 18.864150002598763 0.6000000000000001
      vertex -15.703325003385544 18.118481248617172 0.6000000000000001
      vertex -16.04236000031233 18.840044997632504 0.6000000000000001
    endloop
  endfacet
  facet normal 0 0 -1
    outer loop
      vertex -15.971147499978542 18.864150002598763 0.6000000000000001
      vertex -15.8836600035429 18.89071500301361 0.6000000000000001
      vertex -15.64869999885559 18.144299998879433 0.6000000000000001
    endloop
  endfacet
  facet normal 0 0 -1
    outer loop
      vertex -15.8836600035429 18.89071500301361 0.6000000000000001
      vertex -15.779897503554821 18.91973999887705 0.6000000000000001
      vertex -15.581982500851154 18.170275002717972 0.6000000000000001
    endloop
  endfacet
  facet normal 0 0 -1
    outer loop
      vertex -15.779897503554821 18.91973999887705 0.6000000000000001
      vertex -15.659860000014305 18.951224997639656 0.6000000000000001
      vertex -15.495769999921322 18.19837000221014 0.6000000000000001
    endloop
  endfacet
  facet normal 0 0 -1
    outer loop
      vertex -15.523547500371933 18.985169999301434 0.6000000000000001
      vertex -15.390062503516674 18.228584997355938 0.6000000000000001
      vertex -15.659860000014305 18.951224997639656 0.6000000000000001
    endloop
  endfacet
  facet normal 0 0 -1
    outer loop
      vertex -15.523547500371933 18.985169999301434 0.6000000000000001
      vertex -15.370959997177124 19.0215749964118 0.6000000000000001
      vertex -15.26485999673605 18.260920003056526 0.6000000000000001
    endloop
  endfacet
  facet normal 0 0 -1
    outer loop
      vertex -15.370959997177124 19.0215749964118 0.6000000000000001
      vertex -15.194868750870228 19.058291248977184 0.6000000000000001
      vertex -15.12016250193119 18.295374996960163 0.6000000000000001
    endloop
  endfacet
  facet normal 0.9219833920993934 -0.3872294212645732 0
    outer loop
      vertex -16.943884998559952 20.144570000469685 0.6000000000000001
      vertex -17.016616247594357 19.971398748457432 0.6000000000000001
      vertex -17.016616247594357 19.971398748457432 0
    endloop
  endfacet
  facet normal 0.9617759869343884 -0.2738374535310741 0
    outer loop
      vertex -17.016616247594357 19.971398748457432 0.6000000000000001
      vertex -17.070699997246265 19.781444996595383 0.6000000000000001
      vertex -17.070699997246265 19.781444996595383 0
    endloop
  endfacet
  facet normal 0.16270161804530037 0.9866753181697824 0
    outer loop
      vertex -17.070699997246265 19.781444996595383 0.6000000000000001
      vertex -16.200984999537468 19.638030000030994 0.6000000000000001
      vertex -16.200984999537468 19.638030000030994 0
    endloop
  endfacet
  facet normal -0.9540295698337261 0.2997124953732755 0
    outer loop
      vertex -16.166832499206066 19.746742501854897 0.6000000000000001
      vertex -16.166832499206066 19.746742501854897 0
      vertex -16.200984999537468 19.638030000030994 0.6000000000000001
    endloop
  endfacet
  facet normal 0.9219833920993934 -0.3872294212645732 0
    outer loop
      vertex -16.943884998559952 20.144570000469685 0.6000000000000001
      vertex -17.016616247594357 19.971398748457432 0
      vertex -16.943884998559952 20.144570000469685 0
    endloop
  endfacet
  facet normal 0.9617759869343884 -0.2738374535310741 0
    outer loop
      vertex -17.016616247594357 19.971398748457432 0.6000000000000001
      vertex -17.070699997246265 19.781444996595383 0
      vertex -17.016616247594357 19.971398748457432 0
    endloop
  endfacet
  facet normal 0.16270161804530037 0.9866753181697824 0
    outer loop
      vertex -17.070699997246265 19.781444996595383 0.6000000000000001
      vertex -16.200984999537468 19.638030000030994 0
      vertex -17.070699997246265 19.781444996595383 0
    endloop
  endfacet
  facet normal -0.9145209475952307 0.40453854749519397 0
    outer loop
      vertex -16.166832499206066 19.746742501854897 0.6000000000000001
      vertex -16.123355001211166 19.84503000229597 0
      vertex -16.166832499206066 19.746742501854897 0
    endloop
  endfacet
  facet normal -0.9540295698337261 0.2997124953732755 0
    outer loop
      vertex -16.200984999537468 19.638030000030994 0.6000000000000001
      vertex -16.166832499206066 19.746742501854897 0
      vertex -16.200984999537468 19.638030000030994 0
    endloop
  endfacet
  facet normal 0.6323997230968667 -0.7746422336969541 0
    outer loop
      vertex -16.525255002081394 18.575681246817112 0.6000000000000001
      vertex -16.525255002081394 18.575681246817112 0
      vertex -16.480755001306534 18.61201000213623 0.6000000000000001
    endloop
  endfacet
  facet normal 0.5881755058627811 -0.8087333146984 0
    outer loop
      vertex -16.480755001306534 18.61201000213623 0.6000000000000001
      vertex -16.480755001306534 18.61201000213623 0
      vertex -16.433715000748634 18.64622125029564 0.6000000000000001
    endloop
  endfacet
  facet normal 0.5434013105937702 -0.839473058319904 0
    outer loop
      vertex -16.384135000407696 18.67831499874592 0.6000000000000001
      vertex -16.433715000748634 18.64622125029564 0.6000000000000001
      vertex -16.433715000748634 18.64622125029564 0
    endloop
  endfacet
  facet normal 0.4128070657932601 -0.9108184925829949 0
    outer loop
      vertex -16.1644150018692 18.791555002331734 0.6000000000000001
      vertex -16.22239375114441 18.76527749747038 0.6000000000000001
      vertex -16.22239375114441 18.76527749747038 0
    endloop
  endfacet
  facet normal 0.504844455070491 -0.8632103313703902 0
    outer loop
      vertex -16.384135000407696 18.67831499874592 0.6000000000000001
      vertex -16.384135000407696 18.67831499874592 0
      vertex -16.332253746688366 18.70865750312805 0.6000000000000001
    endloop
  endfacet
  facet normal 0.4735553645422306 -0.8807640528048788 0
    outer loop
      vertex -16.278339996933937 18.737645000219345 0.6000000000000001
      vertex -16.332253746688366 18.70865750312805 0.6000000000000001
      vertex -16.332253746688366 18.70865750312805 0
    endloop
  endfacet
  facet normal 0.4428411444464232 -0.8966000896639382 0
    outer loop
      vertex -16.278339996933937 18.737645000219345 0.6000000000000001
      vertex -16.278339996933937 18.737645000219345 0
      vertex -16.22239375114441 18.76527749747038 0.6000000000000001
    endloop
  endfacet
  facet normal 0.6755614628128868 -0.7373036755381818 0
    outer loop
      vertex -16.525255002081394 18.575681246817112 0.6000000000000001
      vertex -16.567215003073215 18.537234999239445 0
      vertex -16.525255002081394 18.575681246817112 0
    endloop
  endfacet
  facet normal 0.5434013105937702 -0.839473058319904 0
    outer loop
      vertex -16.384135000407696 18.67831499874592 0.6000000000000001
      vertex -16.433715000748634 18.64622125029564 0
      vertex -16.384135000407696 18.67831499874592 0
    endloop
  endfacet
  facet normal 0.5881755058627811 -0.8087333146984 0
    outer loop
      vertex -16.433715000748634 18.64622125029564 0.6000000000000001
      vertex -16.480755001306534 18.61201000213623 0
      vertex -16.433715000748634 18.64622125029564 0
    endloop
  endfacet
  facet normal 0.6323997230968667 -0.7746422336969541 0
    outer loop
      vertex -16.480755001306534 18.61201000213623 0.6000000000000001
      vertex -16.525255002081394 18.575681246817112 0
      vertex -16.480755001306534 18.61201000213623 0
    endloop
  endfacet
  facet normal 0.4428411444464232 -0.8966000896639382 0
    outer loop
      vertex -16.22239375114441 18.76527749747038 0.6000000000000001
      vertex -16.278339996933937 18.737645000219345 0
      vertex -16.22239375114441 18.76527749747038 0
    endloop
  endfacet
  facet normal 0.4128070657932601 -0.9108184925829949 0
    outer loop
      vertex -16.1644150018692 18.791555002331734 0.6000000000000001
      vertex -16.22239375114441 18.76527749747038 0
      vertex -16.1644150018692 18.791555002331734 0
    endloop
  endfacet
  facet normal 0.504844455070491 -0.8632103313703902 0
    outer loop
      vertex -16.332253746688366 18.70865750312805 0.6000000000000001
      vertex -16.384135000407696 18.67831499874592 0
      vertex -16.332253746688366 18.70865750312805 0
    endloop
  endfacet
  facet normal 0.4735553645422306 -0.8807640528048788 0
    outer loop
      vertex -16.278339996933937 18.737645000219345 0.6000000000000001
      vertex -16.332253746688366 18.70865750312805 0
      vertex -16.278339996933937 18.737645000219345 0
    endloop
  endfacet
  facet normal -0.6840812163636448 0.7294058468496369 0
    outer loop
      vertex -16.008424997329712 20.010329999029636 0.6000000000000001
      vertex -15.936972498893738 20.077342502772808 0.6000000000000001
      vertex -15.936972498893738 20.077342502772808 0
    endloop
  endfacet
  facet normal -0.7799958968993521 0.625784628143082 0
    outer loop
      vertex -16.008424997329712 20.010329999029636 0.6000000000000001
      vertex -16.008424997329712 20.010329999029636 0
      vertex -16.070552498102188 19.932892501354218 0.6000000000000001
    endloop
  endfacet
  facet normal -0.8571268685879891 0.5151053592659931 0
    outer loop
      vertex -16.123355001211166 19.84503000229597 0.6000000000000001
      vertex -16.070552498102188 19.932892501354218 0.6000000000000001
      vertex -16.070552498102188 19.932892501354218 0
    endloop
  endfacet
  facet normal -0.9145209475952307 0.40453854749519397 0
    outer loop
      vertex -16.123355001211166 19.84503000229597 0.6000000000000001
      vertex -16.123355001211166 19.84503000229597 0
      vertex -16.166832499206066 19.746742501854897 0.6000000000000001
    endloop
  endfacet
  facet normal -0.7799958968993521 0.625784628143082 0
    outer loop
      vertex -16.070552498102188 19.932892501354218 0.6000000000000001
      vertex -16.008424997329712 20.010329999029636 0
      vertex -16.070552498102188 19.932892501354218 0
    endloop
  endfacet
  facet normal -0.6840812163636448 0.7294058468496369 0
    outer loop
      vertex -16.008424997329712 20.010329999029636 0.6000000000000001
      vertex -15.936972498893738 20.077342502772808 0
      vertex -16.008424997329712 20.010329999029636 0
    endloop
  endfacet
  facet normal -0.8571268685879891 0.5151053592659931 0
    outer loop
      vertex -16.123355001211166 19.84503000229597 0.6000000000000001
      vertex -16.070552498102188 19.932892501354218 0
      vertex -16.123355001211166 19.84503000229597 0
    endloop
  endfacet
  facet normal -0.5737566026934612 0.8190258609260501 0
    outer loop
      vertex -15.936972498893738 20.077342502772808 0.6000000000000001
      vertex -15.856195002794266 20.13392999768257 0
      vertex -15.936972498893738 20.077342502772808 0
    endloop
  endfacet
  facet normal 0.3835373760047788 -0.9235253549347571 0
    outer loop
      vertex -16.1644150018692 18.791555002331734 0.6000000000000001
      vertex -16.1644150018692 18.791555002331734 0
      vertex -16.104403749108315 18.81647749990225 0.6000000000000001
    endloop
  endfacet
  facet normal 0.35509759337201685 -0.9348292353052519 0
    outer loop
      vertex -16.104403749108315 18.81647749990225 0.6000000000000001
      vertex -16.104403749108315 18.81647749990225 0
      vertex -16.04236000031233 18.840044997632504 0.6000000000000001
    endloop
  endfacet
  facet normal 0.29054465412663844 -0.9568614340427939 0
    outer loop
      vertex -15.971147499978542 18.864150002598763 0.6000000000000001
      vertex -15.971147499978542 18.864150002598763 0
      vertex -15.8836600035429 18.89071500301361 0.6000000000000001
    endloop
  endfacet
  facet normal 0.3206237721306258 -0.9472066283260102 0
    outer loop
      vertex -15.971147499978542 18.864150002598763 0.6000000000000001
      vertex -16.04236000031233 18.840044997632504 0.6000000000000001
      vertex -16.04236000031233 18.840044997632504 0
    endloop
  endfacet
  facet normal 0.26938459925554453 -0.9630326773707782 0
    outer loop
      vertex -15.8836600035429 18.89071500301361 0.6000000000000001
      vertex -15.8836600035429 18.89071500301361 0
      vertex -15.779897503554821 18.91973999887705 0.6000000000000001
    endloop
  endfacet
  facet normal 0.2537108180717184 -0.9672801149581125 0
    outer loop
      vertex -15.779897503554821 18.91973999887705 0.6000000000000001
      vertex -15.779897503554821 18.91973999887705 0
      vertex -15.659860000014305 18.951224997639656 0.6000000000000001
    endloop
  endfacet
  facet normal 0.2416436055357552 -0.9703650693958847 0
    outer loop
      vertex -15.523547500371933 18.985169999301434 0.6000000000000001
      vertex -15.659860000014305 18.951224997639656 0.6000000000000001
      vertex -15.659860000014305 18.951224997639656 0
    endloop
  endfacet
  facet normal 0.23207077885531757 -0.9726989018198212 0
    outer loop
      vertex -15.523547500371933 18.985169999301434 0.6000000000000001
      vertex -15.523547500371933 18.985169999301434 0
      vertex -15.370959997177124 19.0215749964118 0.6000000000000001
    endloop
  endfacet
  facet normal 0.20411716342044095 -0.9789464661549133 0
    outer loop
      vertex -15.370959997177124 19.0215749964118 0.6000000000000001
      vertex -15.370959997177124 19.0215749964118 0
      vertex -15.194868750870228 19.058291248977184 0.6000000000000001
    endloop
  endfacet
  facet normal 0.3835373760047788 -0.9235253549347571 0
    outer loop
      vertex -16.104403749108315 18.81647749990225 0.6000000000000001
      vertex -16.1644150018692 18.791555002331734 0
      vertex -16.104403749108315 18.81647749990225 0
    endloop
  endfacet
  facet normal 0.35509759337201685 -0.9348292353052519 0
    outer loop
      vertex -16.04236000031233 18.840044997632504 0.6000000000000001
      vertex -16.104403749108315 18.81647749990225 0
      vertex -16.04236000031233 18.840044997632504 0
    endloop
  endfacet
  facet normal 0.3206237721306258 -0.9472066283260102 0
    outer loop
      vertex -15.971147499978542 18.864150002598763 0.6000000000000001
      vertex -16.04236000031233 18.840044997632504 0
      vertex -15.971147499978542 18.864150002598763 0
    endloop
  endfacet
  facet normal 0.29054465412663844 -0.9568614340427939 0
    outer loop
      vertex -15.8836600035429 18.89071500301361 0.6000000000000001
      vertex -15.971147499978542 18.864150002598763 0
      vertex -15.8836600035429 18.89071500301361 0
    endloop
  endfacet
  facet normal 0.26938459925554453 -0.9630326773707782 0
    outer loop
      vertex -15.779897503554821 18.91973999887705 0.6000000000000001
      vertex -15.8836600035429 18.89071500301361 0
      vertex -15.779897503554821 18.91973999887705 0
    endloop
  endfacet
  facet normal 0.2537108180717184 -0.9672801149581125 0
    outer loop
      vertex -15.659860000014305 18.951224997639656 0.6000000000000001
      vertex -15.779897503554821 18.91973999887705 0
      vertex -15.659860000014305 18.951224997639656 0
    endloop
  endfacet
  facet normal 0.2416436055357552 -0.9703650693958847 0
    outer loop
      vertex -15.523547500371933 18.985169999301434 0.6000000000000001
      vertex -15.659860000014305 18.951224997639656 0
      vertex -15.523547500371933 18.985169999301434 0
    endloop
  endfacet
  facet normal 0.23207077885531757 -0.9726989018198212 0
    outer loop
      vertex -15.370959997177124 19.0215749964118 0.6000000000000001
      vertex -15.523547500371933 18.985169999301434 0
      vertex -15.370959997177124 19.0215749964118 0
    endloop
  endfacet
  facet normal 0.20411716342044095 -0.9789464661549133 0
    outer loop
      vertex -15.194868750870228 19.058291248977184 0.6000000000000001
      vertex -15.370959997177124 19.0215749964118 0
      vertex -15.194868750870228 19.058291248977184 0
    endloop
  endfacet
  facet normal 0 0 -1
    outer loop
      vertex -16.606634996831417 18.496671251952648 0.6000000000000001
      vertex -15.933114998042583 17.925420001149178 0.6000000000000001
      vertex -16.64351499825716 18.45398999750614 0.6000000000000001
    endloop
  endfacet
  facet normal 0 0 -1
    outer loop
      vertex -16.709449999034405 18.36142499744892 0.6000000000000001
      vertex -15.933114998042583 17.925420001149178 0.6000000000000001
      vertex -16.738476246595383 18.311328746378422 0.6000000000000001
    endloop
  endfacet
  facet normal 0 0 -1
    outer loop
      vertex -16.709449999034405 18.36142499744892 0.6000000000000001
      vertex -16.677796252071857 18.40897875279188 0.6000000000000001
      vertex -15.933114998042583 17.925420001149178 0.6000000000000001
    endloop
  endfacet
  facet normal 0 0 -1
    outer loop
      vertex -16.677796252071857 18.40897875279188 0.6000000000000001
      vertex -16.64351499825716 18.45398999750614 0.6000000000000001
      vertex -15.933114998042583 17.925420001149178 0.6000000000000001
    endloop
  endfacet
  facet normal 0 0 -1
    outer loop
      vertex -16.525255002081394 18.575681246817112 0.6000000000000001
      vertex -16.480755001306534 18.61201000213623 0.6000000000000001
      vertex -15.906549997627735 17.96272499859333 0.6000000000000001
    endloop
  endfacet
  facet normal 0 0 -1
    outer loop
      vertex -16.384135000407696 18.67831499874592 0.6000000000000001
      vertex -16.332253746688366 18.70865750312805 0.6000000000000001
      vertex -15.839239999651909 18.030359998345375 0.6000000000000001
    endloop
  endfacet
  facet normal 0 0 -1
    outer loop
      vertex -16.480755001306534 18.61201000213623 0.6000000000000001
      vertex -16.433715000748634 18.64622125029564 0.6000000000000001
      vertex -15.875225000083447 17.997431248426437 0.6000000000000001
    endloop
  endfacet
  facet normal 0 0 -1
    outer loop
      vertex -16.384135000407696 18.67831499874592 0.6000000000000001
      vertex -15.875225000083447 17.997431248426437 0.6000000000000001
      vertex -16.433715000748634 18.64622125029564 0.6000000000000001
    endloop
  endfacet
  facet normal 0 0 -1
    outer loop
      vertex -16.525255002081394 18.575681246817112 0.6000000000000001
      vertex -15.906549997627735 17.96272499859333 0.6000000000000001
      vertex -16.567215003073215 18.537234999239445 0.6000000000000001
    endloop
  endfacet
  facet normal 0 0 -1
    outer loop
      vertex -16.606634996831417 18.496671251952648 0.6000000000000001
      vertex -16.567215003073215 18.537234999239445 0.6000000000000001
      vertex -15.906549997627735 17.96272499859333 0.6000000000000001
    endloop
  endfacet
  facet normal 0 0 -1
    outer loop
      vertex -16.80979000031948 18.145784996449947 0.6000000000000001
      vertex -16.78864625096321 18.203508749604225 0.6000000000000001
      vertex -15.971754997968674 17.840640000998974 0.6000000000000001
    endloop
  endfacet
  facet normal 0 0 -1
    outer loop
      vertex -16.82796750217676 18.08534874767065 0.6000000000000001
      vertex -15.971754997968674 17.840640000998974 0.6000000000000001
      vertex -16.842840000987053 18.022030003368855 0.6000000000000001
    endloop
  endfacet
  facet normal 0 0 -1
    outer loop
      vertex -16.80979000031948 18.145784996449947 0.6000000000000001
      vertex -15.971754997968674 17.840640000998974 0.6000000000000001
      vertex -16.82796750217676 18.08534874767065 0.6000000000000001
    endloop
  endfacet
  facet normal 0 0 -1
    outer loop
      vertex -16.738476246595383 18.311328746378422 0.6000000000000001
      vertex -15.954850003123283 17.884724996984005 0.6000000000000001
      vertex -16.764875002205372 18.258689999580383 0.6000000000000001
    endloop
  endfacet
  facet normal 0 0 -1
    outer loop
      vertex -16.764875002205372 18.258689999580383 0.6000000000000001
      vertex -15.954850003123283 17.884724996984005 0.6000000000000001
      vertex -16.78864625096321 18.203508749604225 0.6000000000000001
    endloop
  endfacet
  facet normal 0 0 -1
    outer loop
      vertex -16.842840000987053 18.022030003368855 0.6000000000000001
      vertex -15.983829997479916 17.793164998292923 0.6000000000000001
      vertex -16.854407496750355 17.9558287486434 0.6000000000000001
    endloop
  endfacet
  facet normal 0 0 -1
    outer loop
      vertex -16.862669996917248 17.886744998395443 0.6000000000000001
      vertex -16.854407496750355 17.9558287486434 0.6000000000000001
      vertex -15.983829997479916 17.793164998292923 0.6000000000000001
    endloop
  endfacet
  facet normal 0 0 -1
    outer loop
      vertex -16.862669996917248 17.886744998395443 0.6000000000000001
      vertex -15.99107500165701 17.742299996316433 0.6000000000000001
      vertex -16.867627501487732 17.81477875262499 0.6000000000000001
    endloop
  endfacet
  facet normal 0 0 -1
    outer loop
      vertex -16.738476246595383 18.311328746378422 0.6000000000000001
      vertex -15.933114998042583 17.925420001149178 0.6000000000000001
      vertex -15.954850003123283 17.884724996984005 0.6000000000000001
    endloop
  endfacet
  facet normal 0 0 -1
    outer loop
      vertex -16.862669996917248 17.886744998395443 0.6000000000000001
      vertex -15.983829997479916 17.793164998292923 0.6000000000000001
      vertex -15.99107500165701 17.742299996316433 0.6000000000000001
    endloop
  endfacet
  facet normal 0 0 -1
    outer loop
      vertex -16.78864625096321 18.203508749604225 0.6000000000000001
      vertex -15.954850003123283 17.884724996984005 0.6000000000000001
      vertex -15.971754997968674 17.840640000998974 0.6000000000000001
    endloop
  endfacet
  facet normal 0 0 -1
    outer loop
      vertex -16.842840000987053 18.022030003368855 0.6000000000000001
      vertex -15.971754997968674 17.840640000998974 0.6000000000000001
      vertex -15.983829997479916 17.793164998292923 0.6000000000000001
    endloop
  endfacet
  facet normal 0 0 -1
    outer loop
      vertex -16.867627501487732 17.81477875262499 0.6000000000000001
      vertex -15.99107500165701 17.742299996316433 0.6000000000000001
      vertex -16.869280003011227 17.739929996430874 0.6000000000000001
    endloop
  endfacet
  facet normal 0 0 -1
    outer loop
      vertex -16.869280003011227 17.739929996430874 0.6000000000000001
      vertex -15.993490003049374 17.688045002520084 0.6000000000000001
      vertex -16.857116252183914 17.55323625355959 0.6000000000000001
    endloop
  endfacet
  facet normal 0 0 -1
    outer loop
      vertex -16.857116252183914 17.55323625355959 0.6000000000000001
      vertex -15.993490003049374 17.688045002520084 0.6000000000000001
      vertex -16.820624999701977 17.38171499967575 0.6000000000000001
    endloop
  endfacet
  facet normal 0 0 -1
    outer loop
      vertex -16.869280003011227 17.739929996430874 0.6000000000000001
      vertex -15.99107500165701 17.742299996316433 0.6000000000000001
      vertex -15.993490003049374 17.688045002520084 0.6000000000000001
    endloop
  endfacet
  facet normal 0 0 -1
    outer loop
      vertex -16.820624999701977 17.38171499967575 0.6000000000000001
      vertex -15.993490003049374 17.688045002520084 0.6000000000000001
      vertex -15.970772497355938 17.53140500187874 0.6000000000000001
    endloop
  endfacet
  facet normal 0 0 -1
    outer loop
      vertex -16.820624999701977 17.38171499967575 0.6000000000000001
      vertex -15.970772497355938 17.53140500187874 0.6000000000000001
      vertex -16.759806253015995 17.22536624968052 0.6000000000000001
    endloop
  endfacet
  facet normal 0 0 -1
    outer loop
      vertex -16.759806253015995 17.22536624968052 0.6000000000000001
      vertex -15.970772497355938 17.53140500187874 0.6000000000000001
      vertex -16.674659997224808 17.084190003573895 0.6000000000000001
    endloop
  endfacet
  facet normal 0 0 -1
    outer loop
      vertex -16.674659997224808 17.084190003573895 0.6000000000000001
      vertex -15.970772497355938 17.53140500187874 0.6000000000000001
      vertex -16.565186247229576 16.958186246454716 0.6000000000000001
    endloop
  endfacet
  facet normal 0 0 -1
    outer loop
      vertex -15.902620002627373 17.403245002031326 0.6000000000000001
      vertex -16.4313850030303 16.847355000674725 0.6000000000000001
      vertex -16.565186247229576 16.958186246454716 0.6000000000000001
    endloop
  endfacet
  facet normal 0 0 -1
    outer loop
      vertex -16.278339996933937 18.737645000219345 0.6000000000000001
      vertex -16.22239375114441 18.76527749747038 0.6000000000000001
      vertex -15.798594996333122 18.061511248350143 0.6000000000000001
    endloop
  endfacet
  facet normal 0 0 -1
    outer loop
      vertex -16.278339996933937 18.737645000219345 0.6000000000000001
      vertex -15.839239999651909 18.030359998345375 0.6000000000000001
      vertex -16.332253746688366 18.70865750312805 0.6000000000000001
    endloop
  endfacet
  facet normal 0 0 -1
    outer loop
      vertex -16.1644150018692 18.791555002331734 0.6000000000000001
      vertex -15.798594996333122 18.061511248350143 0.6000000000000001
      vertex -16.22239375114441 18.76527749747038 0.6000000000000001
    endloop
  endfacet
  facet normal 0 0 -1
    outer loop
      vertex -16.384135000407696 18.67831499874592 0.6000000000000001
      vertex -15.839239999651909 18.030359998345375 0.6000000000000001
      vertex -15.875225000083447 17.997431248426437 0.6000000000000001
    endloop
  endfacet
  facet normal 0 0 -1
    outer loop
      vertex -16.480755001306534 18.61201000213623 0.6000000000000001
      vertex -15.875225000083447 17.997431248426437 0.6000000000000001
      vertex -15.906549997627735 17.96272499859333 0.6000000000000001
    endloop
  endfacet
  facet normal 0 0 -1
    outer loop
      vertex -16.278339996933937 18.737645000219345 0.6000000000000001
      vertex -15.798594996333122 18.061511248350143 0.6000000000000001
      vertex -15.839239999651909 18.030359998345375 0.6000000000000001
    endloop
  endfacet
  facet normal 0 0 -1
    outer loop
      vertex -15.971147499978542 18.864150002598763 0.6000000000000001
      vertex -15.64869999885559 18.144299998879433 0.6000000000000001
      vertex -15.703325003385544 18.118481248617172 0.6000000000000001
    endloop
  endfacet
  facet normal 0 0 -1
    outer loop
      vertex -15.8836600035429 18.89071500301361 0.6000000000000001
      vertex -15.581982500851154 18.170275002717972 0.6000000000000001
      vertex -15.64869999885559 18.144299998879433 0.6000000000000001
    endloop
  endfacet
  facet normal 0 0 -1
    outer loop
      vertex -16.1644150018692 18.791555002331734 0.6000000000000001
      vertex -15.753289997577667 18.090884998440742 0.6000000000000001
      vertex -15.798594996333122 18.061511248350143 0.6000000000000001
    endloop
  endfacet
  facet normal 0 0 -1
    outer loop
      vertex -16.04236000031233 18.840044997632504 0.6000000000000001
      vertex -15.703325003385544 18.118481248617172 0.6000000000000001
      vertex -15.753289997577667 18.090884998440742 0.6000000000000001
    endloop
  endfacet
  facet normal 0 0 -1
    outer loop
      vertex -16.606634996831417 18.496671251952648 0.6000000000000001
      vertex -15.906549997627735 17.96272499859333 0.6000000000000001
      vertex -15.933114998042583 17.925420001149178 0.6000000000000001
    endloop
  endfacet
  facet normal 0 0 -1
    outer loop
      vertex -15.779897503554821 18.91973999887705 0.6000000000000001
      vertex -15.495769999921322 18.19837000221014 0.6000000000000001
      vertex -15.581982500851154 18.170275002717972 0.6000000000000001
    endloop
  endfacet
  facet normal 0 0 -1
    outer loop
      vertex -15.659860000014305 18.951224997639656 0.6000000000000001
      vertex -15.390062503516674 18.228584997355938 0.6000000000000001
      vertex -15.495769999921322 18.19837000221014 0.6000000000000001
    endloop
  endfacet
  facet normal 0 0 -1
    outer loop
      vertex -15.523547500371933 18.985169999301434 0.6000000000000001
      vertex -15.26485999673605 18.260920003056526 0.6000000000000001
      vertex -15.390062503516674 18.228584997355938 0.6000000000000001
    endloop
  endfacet
  facet normal 0 0 -1
    outer loop
      vertex -15.370959997177124 19.0215749964118 0.6000000000000001
      vertex -15.12016250193119 18.295374996960163 0.6000000000000001
      vertex -15.26485999673605 18.260920003056526 0.6000000000000001
    endloop
  endfacet
  facet normal 0 0 -1
    outer loop
      vertex -15.970772497355938 17.53140500187874 0.6000000000000001
      vertex -15.902620002627373 17.403245002031326 0.6000000000000001
      vertex -16.565186247229576 16.958186246454716 0.6000000000000001
    endloop
  endfacet
  facet normal 0 0 -1
    outer loop
      vertex -15.902620002627373 17.403245002031326 0.6000000000000001
      vertex -15.789032496511936 17.303565002977848 0.6000000000000001
      vertex -16.27435874938965 16.75271374732256 0.6000000000000001
    endloop
  endfacet
  facet normal 0 0 -1
    outer loop
      vertex -15.789032496511936 17.303565002977848 0.6000000000000001
      vertex -15.63001000136137 17.232364997267723 0.6000000000000001
      vertex -15.89393875002861 16.61505375057459 0.6000000000000001
    endloop
  endfacet
  facet normal 0.7566570790906082 -0.6538119490052695 0
    outer loop
      vertex -16.606634996831417 18.496671251952648 0.6000000000000001
      vertex -16.64351499825716 18.45398999750614 0.6000000000000001
      vertex -16.64351499825716 18.45398999750614 0
    endloop
  endfacet
  facet normal 0.8324440076906611 -0.5541091716078254 0
    outer loop
      vertex -16.709449999034405 18.36142499744892 0.6000000000000001
      vertex -16.709449999034405 18.36142499744892 0
      vertex -16.677796252071857 18.40897875279188 0.6000000000000001
    endloop
  endfacet
  facet normal 0.7955427065607412 -0.6058975177684841 0
    outer loop
      vertex -16.677796252071857 18.40897875279188 0.6000000000000001
      vertex -16.677796252071857 18.40897875279188 0
      vertex -16.64351499825716 18.45398999750614 0.6000000000000001
    endloop
  endfacet
  facet normal 0.8938873277776965 -0.4482916965977051 0
    outer loop
      vertex -16.738476246595383 18.311328746378422 0.6000000000000001
      vertex -16.764875002205372 18.258689999580383 0.6000000000000001
      vertex -16.764875002205372 18.258689999580383 0
    endloop
  endfacet
  facet normal 0.9184073899078878 -0.3956360273819625 0
    outer loop
      vertex -16.764875002205372 18.258689999580383 0.6000000000000001
      vertex -16.78864625096321 18.203508749604225 0.6000000000000001
      vertex -16.78864625096321 18.203508749604225 0
    endloop
  endfacet
  facet normal 0.8652528218036338 -0.5013357700791446 0
    outer loop
      vertex -16.709449999034405 18.36142499744892 0.6000000000000001
      vertex -16.738476246595383 18.311328746378422 0.6000000000000001
      vertex -16.738476246595383 18.311328746378422 0
    endloop
  endfacet
  facet normal 0.9976357344906296 -0.06872365871621028 0
    outer loop
      vertex -16.862669996917248 17.886744998395443 0.6000000000000001
      vertex -16.867627501487732 17.81477875262499 0.6000000000000001
      vertex -16.867627501487732 17.81477875262499 0
    endloop
  endfacet
  facet normal 0.9576227014463301 -0.2880256267671909 0
    outer loop
      vertex -16.80979000031948 18.145784996449947 0.6000000000000001
      vertex -16.82796750217676 18.08534874767065 0.6000000000000001
      vertex -16.82796750217676 18.08534874767065 0
    endloop
  endfacet
  facet normal 0.9389899715830234 -0.3439445206228947 0
    outer loop
      vertex -16.80979000031948 18.145784996449947 0.6000000000000001
      vertex -16.80979000031948 18.145784996449947 0
      vertex -16.78864625096321 18.203508749604225 0.6000000000000001
    endloop
  endfacet
  facet normal 0.9735063175907697 -0.22866011810295983 0
    outer loop
      vertex -16.82796750217676 18.08534874767065 0.6000000000000001
      vertex -16.842840000987053 18.022030003368855 0.6000000000000001
      vertex -16.842840000987053 18.022030003368855 0
    endloop
  endfacet
  facet normal 0.9850752153230724 -0.17212443218846812 0
    outer loop
      vertex -16.842840000987053 18.022030003368855 0.6000000000000001
      vertex -16.854407496750355 17.9558287486434 0.6000000000000001
      vertex -16.854407496750355 17.9558287486434 0
    endloop
  endfacet
  facet normal 0.9929236033179911 -0.11875486505409746 0
    outer loop
      vertex -16.862669996917248 17.886744998395443 0.6000000000000001
      vertex -16.862669996917248 17.886744998395443 0
      vertex -16.854407496750355 17.9558287486434 0.6000000000000001
    endloop
  endfacet
  facet normal 0.7171449657203889 -0.6969240260902922 0
    outer loop
      vertex -16.606634996831417 18.496671251952648 0.6000000000000001
      vertex -16.606634996831417 18.496671251952648 0
      vertex -16.567215003073215 18.537234999239445 0.6000000000000001
    endloop
  endfacet
  facet normal 0.6755614628128868 -0.7373036755381818 0
    outer loop
      vertex -16.525255002081394 18.575681246817112 0.6000000000000001
      vertex -16.567215003073215 18.537234999239445 0.6000000000000001
      vertex -16.567215003073215 18.537234999239445 0
    endloop
  endfacet
  facet normal 0.8324440076906611 -0.5541091716078254 0
    outer loop
      vertex -16.677796252071857 18.40897875279188 0.6000000000000001
      vertex -16.709449999034405 18.36142499744892 0
      vertex -16.677796252071857 18.40897875279188 0
    endloop
  endfacet
  facet normal 0.7955427065607412 -0.6058975177684841 0
    outer loop
      vertex -16.64351499825716 18.45398999750614 0.6000000000000001
      vertex -16.677796252071857 18.40897875279188 0
      vertex -16.64351499825716 18.45398999750614 0
    endloop
  endfacet
  facet normal 0.8938873277776965 -0.4482916965977051 0
    outer loop
      vertex -16.738476246595383 18.311328746378422 0.6000000000000001
      vertex -16.764875002205372 18.258689999580383 0
      vertex -16.738476246595383 18.311328746378422 0
    endloop
  endfacet
  facet normal 0.9184073899078878 -0.3956360273819625 0
    outer loop
      vertex -16.764875002205372 18.258689999580383 0.6000000000000001
      vertex -16.78864625096321 18.203508749604225 0
      vertex -16.764875002205372 18.258689999580383 0
    endloop
  endfacet
  facet normal 0.9389899715830234 -0.3439445206228947 0
    outer loop
      vertex -16.78864625096321 18.203508749604225 0.6000000000000001
      vertex -16.80979000031948 18.145784996449947 0
      vertex -16.78864625096321 18.203508749604225 0
    endloop
  endfacet
  facet normal 0.8652528218036338 -0.5013357700791446 0
    outer loop
      vertex -16.709449999034405 18.36142499744892 0.6000000000000001
      vertex -16.738476246595383 18.311328746378422 0
      vertex -16.709449999034405 18.36142499744892 0
    endloop
  endfacet
  facet normal 0.9976357344906296 -0.06872365871621028 0
    outer loop
      vertex -16.862669996917248 17.886744998395443 0.6000000000000001
      vertex -16.867627501487732 17.81477875262499 0
      vertex -16.862669996917248 17.886744998395443 0
    endloop
  endfacet
  facet normal 0.9997563727661176 -0.02207249676714693 0
    outer loop
      vertex -16.867627501487732 17.81477875262499 0.6000000000000001
      vertex -16.869280003011227 17.739929996430874 0
      vertex -16.867627501487732 17.81477875262499 0
    endloop
  endfacet
  facet normal 0.9576227014463301 -0.2880256267671909 0
    outer loop
      vertex -16.80979000031948 18.145784996449947 0.6000000000000001
      vertex -16.82796750217676 18.08534874767065 0
      vertex -16.80979000031948 18.145784996449947 0
    endloop
  endfacet
  facet normal 0.9735063175907697 -0.22866011810295983 0
    outer loop
      vertex -16.82796750217676 18.08534874767065 0.6000000000000001
      vertex -16.842840000987053 18.022030003368855 0
      vertex -16.82796750217676 18.08534874767065 0
    endloop
  endfacet
  facet normal 0.9850752153230724 -0.17212443218846812 0
    outer loop
      vertex -16.842840000987053 18.022030003368855 0.6000000000000001
      vertex -16.854407496750355 17.9558287486434 0
      vertex -16.842840000987053 18.022030003368855 0
    endloop
  endfacet
  facet normal 0.9929236033179911 -0.11875486505409746 0
    outer loop
      vertex -16.854407496750355 17.9558287486434 0.6000000000000001
      vertex -16.862669996917248 17.886744998395443 0
      vertex -16.854407496750355 17.9558287486434 0
    endloop
  endfacet
  facet normal 0.7171449657203889 -0.6969240260902922 0
    outer loop
      vertex -16.567215003073215 18.537234999239445 0.6000000000000001
      vertex -16.606634996831417 18.496671251952648 0
      vertex -16.567215003073215 18.537234999239445 0
    endloop
  endfacet
  facet normal 0.7566570790906082 -0.6538119490052695 0
    outer loop
      vertex -16.606634996831417 18.496671251952648 0.6000000000000001
      vertex -16.64351499825716 18.45398999750614 0
      vertex -16.606634996831417 18.496671251952648 0
    endloop
  endfacet
  facet normal 0.9997563727661176 -0.02207249676714693 0
    outer loop
      vertex -16.867627501487732 17.81477875262499 0.6000000000000001
      vertex -16.869280003011227 17.739929996430874 0.6000000000000001
      vertex -16.869280003011227 17.739929996430874 0
    endloop
  endfacet
  facet normal 0.9978842443263848 0.06501565138610813 0
    outer loop
      vertex -16.869280003011227 17.739929996430874 0.6000000000000001
      vertex -16.857116252183914 17.55323625355959 0.6000000000000001
      vertex -16.857116252183914 17.55323625355959 0
    endloop
  endfacet
  facet normal 0.9781089832197297 0.20809328904331956 0
    outer loop
      vertex -16.857116252183914 17.55323625355959 0.6000000000000001
      vertex -16.820624999701977 17.38171499967575 0.6000000000000001
      vertex -16.820624999701977 17.38171499967575 0
    endloop
  endfacet
  facet normal 0.9319715340646365 0.362531460280633 0
    outer loop
      vertex -16.820624999701977 17.38171499967575 0.6000000000000001
      vertex -16.759806253015995 17.22536624968052 0.6000000000000001
      vertex -16.759806253015995 17.22536624968052 0
    endloop
  endfacet
  facet normal 0.8563118845968966 0.5164590557809121 0
    outer loop
      vertex -16.759806253015995 17.22536624968052 0.6000000000000001
      vertex -16.674659997224808 17.084190003573895 0.6000000000000001
      vertex -16.674659997224808 17.084190003573895 0
    endloop
  endfacet
  facet normal 0.9978842443263848 0.06501565138610813 0
    outer loop
      vertex -16.869280003011227 17.739929996430874 0.6000000000000001
      vertex -16.857116252183914 17.55323625355959 0
      vertex -16.869280003011227 17.739929996430874 0
    endloop
  endfacet
  facet normal 0.9781089832197297 0.20809328904331956 0
    outer loop
      vertex -16.857116252183914 17.55323625355959 0.6000000000000001
      vertex -16.820624999701977 17.38171499967575 0
      vertex -16.857116252183914 17.55323625355959 0
    endloop
  endfacet
  facet normal 0.9319715340646365 0.362531460280633 0
    outer loop
      vertex -16.820624999701977 17.38171499967575 0.6000000000000001
      vertex -16.759806253015995 17.22536624968052 0
      vertex -16.820624999701977 17.38171499967575 0
    endloop
  endfacet
  facet normal 0.8563118845968966 0.5164590557809121 0
    outer loop
      vertex -16.759806253015995 17.22536624968052 0.6000000000000001
      vertex -16.674659997224808 17.084190003573895 0
      vertex -16.759806253015995 17.22536624968052 0
    endloop
  endfacet
  facet normal 0.7548864800803373 0.6558554735548973 0
    outer loop
      vertex -16.674659997224808 17.084190003573895 0.6000000000000001
      vertex -16.565186247229576 16.958186246454716 0
      vertex -16.674659997224808 17.084190003573895 0
    endloop
  endfacet
  facet normal -0.8145735585152387 0.580060270806251 0
    outer loop
      vertex -15.933114998042583 17.925420001149178 0.6000000000000001
      vertex -15.906549997627735 17.96272499859333 0.6000000000000001
      vertex -15.906549997627735 17.96272499859333 0
    endloop
  endfacet
  facet normal -0.8820737573186967 0.47111133148086853 0
    outer loop
      vertex -15.954850003123283 17.884724996984005 0.6000000000000001
      vertex -15.933114998042583 17.925420001149178 0.6000000000000001
      vertex -15.933114998042583 17.925420001149178 0
    endloop
  endfacet
  facet normal -0.9691437445669538 0.2464962522367083 0
    outer loop
      vertex -15.971754997968674 17.840640000998974 0.6000000000000001
      vertex -15.971754997968674 17.840640000998974 0
      vertex -15.983829997479916 17.793164998292923 0.6000000000000001
    endloop
  endfacet
  facet normal -0.933705434361671 0.35804212300158683 0
    outer loop
      vertex -15.954850003123283 17.884724996984005 0.6000000000000001
      vertex -15.954850003123283 17.884724996984005 0
      vertex -15.971754997968674 17.840640000998974 0.6000000000000001
    endloop
  endfacet
  facet normal -0.742342866330064 0.670020200299114 0
    outer loop
      vertex -15.875225000083447 17.997431248426437 0.6000000000000001
      vertex -15.875225000083447 17.997431248426437 0
      vertex -15.906549997627735 17.96272499859333 0.6000000000000001
    endloop
  endfacet
  facet normal -0.6083095430630564 0.7936998801930208 0
    outer loop
      vertex -15.839239999651909 18.030359998345375 0.6000000000000001
      vertex -15.798594996333122 18.061511248350143 0.6000000000000001
      vertex -15.798594996333122 18.061511248350143 0
    endloop
  endfacet
  facet normal -0.675083797620842 0.7377410563265555 0
    outer loop
      vertex -15.875225000083447 17.997431248426437 0.6000000000000001
      vertex -15.839239999651909 18.030359998345375 0.6000000000000001
      vertex -15.839239999651909 18.030359998345375 0
    endloop
  endfacet
  facet normal -0.544018028535892 0.8390735275456624 0
    outer loop
      vertex -15.798594996333122 18.061511248350143 0.6000000000000001
      vertex -15.753289997577667 18.090884998440742 0.6000000000000001
      vertex -15.753289997577667 18.090884998440742 0
    endloop
  endfacet
  facet normal -0.48347158722730316 0.8753600541171114 0
    outer loop
      vertex -15.703325003385544 18.118481248617172 0.6000000000000001
      vertex -15.703325003385544 18.118481248617172 0
      vertex -15.753289997577667 18.090884998440742 0.6000000000000001
    endloop
  endfacet
  facet normal -0.30984342972044765 0.9507875940813858 0
    outer loop
      vertex -15.581982500851154 18.170275002717972 0.6000000000000001
      vertex -15.495769999921322 18.19837000221014 0.6000000000000001
      vertex -15.495769999921322 18.19837000221014 0
    endloop
  endfacet
  facet normal -0.27482921373288705 0.9614930594023875 0
    outer loop
      vertex -15.495769999921322 18.19837000221014 0.6000000000000001
      vertex -15.390062503516674 18.228584997355938 0.6000000000000001
      vertex -15.390062503516674 18.228584997355938 0
    endloop
  endfacet
  facet normal -0.25005696603154465 0.9682311261982331 0
    outer loop
      vertex -15.390062503516674 18.228584997355938 0.6000000000000001
      vertex -15.26485999673605 18.260920003056526 0.6000000000000001
      vertex -15.26485999673605 18.260920003056526 0
    endloop
  endfacet
  facet normal -0.4273257865924539 0.9040977115960092 0
    outer loop
      vertex -15.703325003385544 18.118481248617172 0.6000000000000001
      vertex -15.64869999885559 18.144299998879433 0.6000000000000001
      vertex -15.64869999885559 18.144299998879433 0
    endloop
  endfacet
  facet normal -0.36280184019833206 0.9318663127019368 0
    outer loop
      vertex -15.64869999885559 18.144299998879433 0.6000000000000001
      vertex -15.581982500851154 18.170275002717972 0.6000000000000001
      vertex -15.581982500851154 18.170275002717972 0
    endloop
  endfacet
  facet normal -0.8145735585152387 0.580060270806251 0
    outer loop
      vertex -15.933114998042583 17.925420001149178 0.6000000000000001
      vertex -15.906549997627735 17.96272499859333 0
      vertex -15.933114998042583 17.925420001149178 0
    endloop
  endfacet
  facet normal -0.8820737573186967 0.47111133148086853 0
    outer loop
      vertex -15.954850003123283 17.884724996984005 0.6000000000000001
      vertex -15.933114998042583 17.925420001149178 0
      vertex -15.954850003123283 17.884724996984005 0
    endloop
  endfacet
  facet normal -0.9691437445669538 0.2464962522367083 0
    outer loop
      vertex -15.983829997479916 17.793164998292923 0.6000000000000001
      vertex -15.971754997968674 17.840640000998974 0
      vertex -15.983829997479916 17.793164998292923 0
    endloop
  endfacet
  facet normal -0.933705434361671 0.35804212300158683 0
    outer loop
      vertex -15.971754997968674 17.840640000998974 0.6000000000000001
      vertex -15.954850003123283 17.884724996984005 0
      vertex -15.971754997968674 17.840640000998974 0
    endloop
  endfacet
  facet normal -0.675083797620842 0.7377410563265555 0
    outer loop
      vertex -15.875225000083447 17.997431248426437 0.6000000000000001
      vertex -15.839239999651909 18.030359998345375 0
      vertex -15.875225000083447 17.997431248426437 0
    endloop
  endfacet
  facet normal -0.6083095430630564 0.7936998801930208 0
    outer loop
      vertex -15.839239999651909 18.030359998345375 0.6000000000000001
      vertex -15.798594996333122 18.061511248350143 0
      vertex -15.839239999651909 18.030359998345375 0
    endloop
  endfacet
  facet normal -0.48347158722730316 0.8753600541171114 0
    outer loop
      vertex -15.753289997577667 18.090884998440742 0.6000000000000001
      vertex -15.703325003385544 18.118481248617172 0
      vertex -15.753289997577667 18.090884998440742 0
    endloop
  endfacet
  facet normal -0.4273257865924539 0.9040977115960092 0
    outer loop
      vertex -15.703325003385544 18.118481248617172 0.6000000000000001
      vertex -15.64869999885559 18.144299998879433 0
      vertex -15.703325003385544 18.118481248617172 0
    endloop
  endfacet
  facet normal -0.544018028535892 0.8390735275456624 0
    outer loop
      vertex -15.798594996333122 18.061511248350143 0.6000000000000001
      vertex -15.753289997577667 18.090884998440742 0
      vertex -15.798594996333122 18.061511248350143 0
    endloop
  endfacet
  facet normal -0.742342866330064 0.670020200299114 0
    outer loop
      vertex -15.906549997627735 17.96272499859333 0.6000000000000001
      vertex -15.875225000083447 17.997431248426437 0
      vertex -15.906549997627735 17.96272499859333 0
    endloop
  endfacet
  facet normal -0.30984342972044765 0.9507875940813858 0
    outer loop
      vertex -15.581982500851154 18.170275002717972 0.6000000000000001
      vertex -15.495769999921322 18.19837000221014 0
      vertex -15.581982500851154 18.170275002717972 0
    endloop
  endfacet
  facet normal -0.27482921373288705 0.9614930594023875 0
    outer loop
      vertex -15.495769999921322 18.19837000221014 0.6000000000000001
      vertex -15.390062503516674 18.228584997355938 0
      vertex -15.495769999921322 18.19837000221014 0
    endloop
  endfacet
  facet normal -0.25005696603154465 0.9682311261982331 0
    outer loop
      vertex -15.390062503516674 18.228584997355938 0.6000000000000001
      vertex -15.26485999673605 18.260920003056526 0
      vertex -15.390062503516674 18.228584997355938 0
    endloop
  endfacet
  facet normal -0.23164094666703006 0.9728013527062975 0
    outer loop
      vertex -15.26485999673605 18.260920003056526 0.6000000000000001
      vertex -15.12016250193119 18.295374996960163 0
      vertex -15.26485999673605 18.260920003056526 0
    endloop
  endfacet
  facet normal -0.36280184019833206 0.9318663127019368 0
    outer loop
      vertex -15.64869999885559 18.144299998879433 0.6000000000000001
      vertex -15.581982500851154 18.170275002717972 0
      vertex -15.64869999885559 18.144299998879433 0
    endloop
  endfacet
  facet normal -0.9900077890127058 0.14101268628805647 0
    outer loop
      vertex -15.983829997479916 17.793164998292923 0.6000000000000001
      vertex -15.983829997479916 17.793164998292923 0
      vertex -15.99107500165701 17.742299996316433 0.6000000000000001
    endloop
  endfacet
  facet normal -0.9990108080669818 0.044468026326294034 0
    outer loop
      vertex -15.99107500165701 17.742299996316433 0.6000000000000001
      vertex -15.99107500165701 17.742299996316433 0
      vertex -15.993490003049374 17.688045002520084 0.6000000000000001
    endloop
  endfacet
  facet normal -0.9896461945297189 -0.1435284280302889 0
    outer loop
      vertex -15.993490003049374 17.688045002520084 0.6000000000000001
      vertex -15.993490003049374 17.688045002520084 0
      vertex -15.970772497355938 17.53140500187874 0.6000000000000001
    endloop
  endfacet
  facet normal -0.8829229923988042 -0.4695178265982464 0
    outer loop
      vertex -15.970772497355938 17.53140500187874 0.6000000000000001
      vertex -15.970772497355938 17.53140500187874 0
      vertex -15.902620002627373 17.403245002031326 0.6000000000000001
    endloop
  endfacet
  facet normal -0.6595942535569436 -0.7516218601628469 0
    outer loop
      vertex -15.902620002627373 17.403245002031326 0.6000000000000001
      vertex -15.902620002627373 17.403245002031326 0
      vertex -15.789032496511936 17.303565002977848 0.6000000000000001
    endloop
  endfacet
  facet normal -0.4086451498271654 -0.9126933447345464 0
    outer loop
      vertex -15.789032496511936 17.303565002977848 0.6000000000000001
      vertex -15.789032496511936 17.303565002977848 0
      vertex -15.63001000136137 17.232364997267723 0.6000000000000001
    endloop
  endfacet
  facet normal -0.20452633091071806 -0.9788610626458688 0
    outer loop
      vertex -15.63001000136137 17.232364997267723 0.6000000000000001
      vertex -15.63001000136137 17.232364997267723 0
      vertex -15.425552502274513 17.189644999802113 0.6000000000000001
    endloop
  endfacet
  facet normal -0.056892193118397646 -0.9983803275116045 0
    outer loop
      vertex -15.425552502274513 17.189644999802113 0.6000000000000001
      vertex -15.425552502274513 17.189644999802113 0
      vertex -15.175659999251366 17.175405003130436 0.6000000000000001
    endloop
  endfacet
  facet normal -0.9900077890127058 0.14101268628805647 0
    outer loop
      vertex -15.99107500165701 17.742299996316433 0.6000000000000001
      vertex -15.983829997479916 17.793164998292923 0
      vertex -15.99107500165701 17.742299996316433 0
    endloop
  endfacet
  facet normal -0.9990108080669818 0.044468026326294034 0
    outer loop
      vertex -15.993490003049374 17.688045002520084 0.6000000000000001
      vertex -15.99107500165701 17.742299996316433 0
      vertex -15.993490003049374 17.688045002520084 0
    endloop
  endfacet
  facet normal -0.9896461945297189 -0.1435284280302889 0
    outer loop
      vertex -15.970772497355938 17.53140500187874 0.6000000000000001
      vertex -15.993490003049374 17.688045002520084 0
      vertex -15.970772497355938 17.53140500187874 0
    endloop
  endfacet
  facet normal -0.8829229923988042 -0.4695178265982464 0
    outer loop
      vertex -15.902620002627373 17.403245002031326 0.6000000000000001
      vertex -15.970772497355938 17.53140500187874 0
      vertex -15.902620002627373 17.403245002031326 0
    endloop
  endfacet
  facet normal -0.6595942535569436 -0.7516218601628469 0
    outer loop
      vertex -15.789032496511936 17.303565002977848 0.6000000000000001
      vertex -15.902620002627373 17.403245002031326 0
      vertex -15.789032496511936 17.303565002977848 0
    endloop
  endfacet
  facet normal -0.4086451498271654 -0.9126933447345464 0
    outer loop
      vertex -15.63001000136137 17.232364997267723 0.6000000000000001
      vertex -15.789032496511936 17.303565002977848 0
      vertex -15.63001000136137 17.232364997267723 0
    endloop
  endfacet
  facet normal -0.20452633091071806 -0.9788610626458688 0
    outer loop
      vertex -15.425552502274513 17.189644999802113 0.6000000000000001
      vertex -15.63001000136137 17.232364997267723 0
      vertex -15.425552502274513 17.189644999802113 0
    endloop
  endfacet
  facet normal -0.056892193118397646 -0.9983803275116045 0
    outer loop
      vertex -15.175659999251366 17.175405003130436 0.6000000000000001
      vertex -15.425552502274513 17.189644999802113 0
      vertex -15.175659999251366 17.175405003130436 0
    endloop
  endfacet
  facet normal 0 0 -1
    outer loop
      vertex -15.902620002627373 17.403245002031326 0.6000000000000001
      vertex -16.27435874938965 16.75271374732256 0.6000000000000001
      vertex -16.4313850030303 16.847355000674725 0.6000000000000001
    endloop
  endfacet
  facet normal 0 0 -1
    outer loop
      vertex -15.789032496511936 17.303565002977848 0.6000000000000001
      vertex -16.095210000872612 16.67527999728918 0.6000000000000001
      vertex -16.27435874938965 16.75271374732256 0.6000000000000001
    endloop
  endfacet
  facet normal 0 0 -1
    outer loop
      vertex -15.789032496511936 17.303565002977848 0.6000000000000001
      vertex -15.89393875002861 16.61505375057459 0.6000000000000001
      vertex -16.095210000872612 16.67527999728918 0.6000000000000001
    endloop
  endfacet
  facet normal 0 0 -1
    outer loop
      vertex -15.63001000136137 17.232364997267723 0.6000000000000001
      vertex -15.670544996857643 16.572034999728203 0.6000000000000001
      vertex -15.89393875002861 16.61505375057459 0.6000000000000001
    endloop
  endfacet
  facet normal 0 0 -1
    outer loop
      vertex -15.63001000136137 17.232364997267723 0.6000000000000001
      vertex -15.425552502274513 17.189644999802113 0.6000000000000001
      vertex -15.670544996857643 16.572034999728203 0.6000000000000001
    endloop
  endfacet
  facet normal 0 0 -1
    outer loop
      vertex -15.425552502274513 17.189644999802113 0.6000000000000001
      vertex -15.425028748810291 16.546223752200603 0.6000000000000001
      vertex -15.670544996857643 16.572034999728203 0.6000000000000001
    endloop
  endfacet
  facet normal 0 0 -1
    outer loop
      vertex -15.425552502274513 17.189644999802113 0.6000000000000001
      vertex -15.175659999251366 17.175405003130436 0.6000000000000001
      vertex -15.425028748810291 16.546223752200603 0.6000000000000001
    endloop
  endfacet
  facet normal 0 0 -1
    outer loop
      vertex -15.175659999251366 17.175405003130436 0.6000000000000001
      vertex -15.157389998435974 16.53762000054121 0.6000000000000001
      vertex -15.425028748810291 16.546223752200603 0.6000000000000001
    endloop
  endfacet
  facet normal 0.7548864800803373 0.6558554735548973 0
    outer loop
      vertex -16.674659997224808 17.084190003573895 0.6000000000000001
      vertex -16.565186247229576 16.958186246454716 0.6000000000000001
      vertex -16.565186247229576 16.958186246454716 0
    endloop
  endfacet
  facet normal 0.6379064591691259 0.7701138547970087 0
    outer loop
      vertex -16.565186247229576 16.958186246454716 0.6000000000000001
      vertex -16.4313850030303 16.847355000674725 0.6000000000000001
      vertex -16.4313850030303 16.847355000674725 0
    endloop
  endfacet
  facet normal 0.5162012134112561 0.85646734162649 0
    outer loop
      vertex -16.4313850030303 16.847355000674725 0.6000000000000001
      vertex -16.27435874938965 16.75271374732256 0.6000000000000001
      vertex -16.27435874938965 16.75271374732256 0
    endloop
  endfacet
  facet normal 0.3967558373461485 0.9179241828886286 0
    outer loop
      vertex -16.27435874938965 16.75271374732256 0.6000000000000001
      vertex -16.095210000872612 16.67527999728918 0.6000000000000001
      vertex -16.095210000872612 16.67527999728918 0
    endloop
  endfacet
  facet normal 0.6379064591691259 0.7701138547970087 0
    outer loop
      vertex -16.565186247229576 16.958186246454716 0.6000000000000001
      vertex -16.4313850030303 16.847355000674725 0
      vertex -16.565186247229576 16.958186246454716 0
    endloop
  endfacet
  facet normal 0.5162012134112561 0.85646734162649 0
    outer loop
      vertex -16.4313850030303 16.847355000674725 0.6000000000000001
      vertex -16.27435874938965 16.75271374732256 0
      vertex -16.4313850030303 16.847355000674725 0
    endloop
  endfacet
  facet normal 0.3967558373461485 0.9179241828886286 0
    outer loop
      vertex -16.27435874938965 16.75271374732256 0.6000000000000001
      vertex -16.095210000872612 16.67527999728918 0
      vertex -16.27435874938965 16.75271374732256 0
    endloop
  endfacet
  facet normal 0.2866703871126217 0.95802927364079 0
    outer loop
      vertex -16.095210000872612 16.67527999728918 0.6000000000000001
      vertex -15.89393875002861 16.61505375057459 0.6000000000000001
      vertex -15.89393875002861 16.61505375057459 0
    endloop
  endfacet
  facet normal 0.18909499618795125 0.9819587987368302 0
    outer loop
      vertex -15.89393875002861 16.61505375057459 0.6000000000000001
      vertex -15.670544996857643 16.572034999728203 0.6000000000000001
      vertex -15.670544996857643 16.572034999728203 0
    endloop
  endfacet
  facet normal 0.10455430507295772 0.9945191789456406 0
    outer loop
      vertex -15.670544996857643 16.572034999728203 0.6000000000000001
      vertex -15.425028748810291 16.546223752200603 0.6000000000000001
      vertex -15.425028748810291 16.546223752200603 0
    endloop
  endfacet
  facet normal 0.03213028545573426 0.9994836890897884 0
    outer loop
      vertex -15.425028748810291 16.546223752200603 0.6000000000000001
      vertex -15.157389998435974 16.53762000054121 0.6000000000000001
      vertex -15.157389998435974 16.53762000054121 0
    endloop
  endfacet
  facet normal 0.2866703871126217 0.95802927364079 0
    outer loop
      vertex -16.095210000872612 16.67527999728918 0.6000000000000001
      vertex -15.89393875002861 16.61505375057459 0
      vertex -16.095210000872612 16.67527999728918 0
    endloop
  endfacet
  facet normal 0.18909499618795125 0.9819587987368302 0
    outer loop
      vertex -15.89393875002861 16.61505375057459 0.6000000000000001
      vertex -15.670544996857643 16.572034999728203 0
      vertex -15.89393875002861 16.61505375057459 0
    endloop
  endfacet
  facet normal 0.10455430507295772 0.9945191789456406 0
    outer loop
      vertex -15.670544996857643 16.572034999728203 0.6000000000000001
      vertex -15.425028748810291 16.546223752200603 0
      vertex -15.670544996857643 16.572034999728203 0
    endloop
  endfacet
  facet normal 0.03213028545573426 0.9994836890897884 0
    outer loop
      vertex -15.425028748810291 16.546223752200603 0.6000000000000001
      vertex -15.157389998435974 16.53762000054121 0
      vertex -15.425028748810291 16.546223752200603 0
    endloop
  endfacet
  facet normal 0 0 -1
    outer loop
      vertex -15.16958499699831 20.96237999945879 0.6000000000000001
      vertex -14.879648752510548 20.953098751604557 0.6000000000000001
      vertex -15.145149998366833 20.288010001182556 0.6000000000000001
    endloop
  endfacet
  facet normal 0 0 -1
    outer loop
      vertex -14.879648752510548 20.953098751604557 0.6000000000000001
      vertex -14.61404000222683 20.925255000591278 0.6000000000000001
      vertex -14.857032500207424 20.27207375317812 0.6000000000000001
    endloop
  endfacet
  facet normal 0 0 -1
    outer loop
      vertex -14.879648752510548 20.953098751604557 0.6000000000000001
      vertex -14.857032500207424 20.27207375317812 0.6000000000000001
      vertex -15.145149998366833 20.288010001182556 0.6000000000000001
    endloop
  endfacet
  facet normal 0 0 -1
    outer loop
      vertex -14.61404000222683 20.925255000591278 0.6000000000000001
      vertex -14.372758753597736 20.878848746418953 0.6000000000000001
      vertex -14.621299996972084 20.22426500171423 0.6000000000000001
    endloop
  endfacet
  facet normal 0 0 -1
    outer loop
      vertex -14.372758753597736 20.878848746418953 0.6000000000000001
      vertex -14.155804999172688 20.813879996538162 0.6000000000000001
      vertex -14.437952503561974 20.144583746790886 0.6000000000000001
    endloop
  endfacet
  facet normal 0 0 -1
    outer loop
      vertex -14.857032500207424 20.27207375317812 0.6000000000000001
      vertex -14.61404000222683 20.925255000591278 0.6000000000000001
      vertex -14.621299996972084 20.22426500171423 0.6000000000000001
    endloop
  endfacet
  facet normal 0 0 -1
    outer loop
      vertex -14.372758753597736 20.878848746418953 0.6000000000000001
      vertex -14.437952503561974 20.144583746790886 0.6000000000000001
      vertex -14.621299996972084 20.22426500171423 0.6000000000000001
    endloop
  endfacet
  facet normal 0 0 -1
    outer loop
      vertex -14.437952503561974 20.144583746790886 0.6000000000000001
      vertex -14.155804999172688 20.813879996538162 0.6000000000000001
      vertex -13.963178746402264 20.730348750948906 0.6000000000000001
    endloop
  endfacet
  facet normal 0 0 -1
    outer loop
      vertex -14.306989997625351 20.03303000330925 0.6000000000000001
      vertex -13.963178746402264 20.730348750948906 0.6000000000000001
      vertex -13.794880002737045 20.628255002200603 0.6000000000000001
    endloop
  endfacet
  facet normal 0 0 -1
    outer loop
      vertex -14.437952503561974 20.144583746790886 0.6000000000000001
      vertex -13.963178746402264 20.730348750948906 0.6000000000000001
      vertex -14.306989997625351 20.03303000330925 0.6000000000000001
    endloop
  endfacet
  facet normal 0 0 -1
    outer loop
      vertex -14.306989997625351 20.03303000330925 0.6000000000000001
      vertex -13.794880002737045 20.628255002200603 0.6000000000000001
      vertex -13.65174250304699 20.508601248264313 0.6000000000000001
    endloop
  endfacet
  facet normal 0 0 -1
    outer loop
      vertex -14.306989997625351 20.03303000330925 0.6000000000000001
      vertex -13.65174250304699 20.508601248264313 0.6000000000000001
      vertex -13.534630000591278 20.372419998049736 0.6000000000000001
    endloop
  endfacet
  facet normal 0 0 -1
    outer loop
      vertex -14.228412501513958 19.88960374891758 0.6000000000000001
      vertex -13.534630000591278 20.372419998049736 0.6000000000000001
      vertex -13.443542502820492 20.219711251556873 0.6000000000000001
    endloop
  endfacet
  facet normal -0.03199495169905475 -0.999488030476491 0
    outer loop
      vertex -15.16958499699831 20.96237999945879 0.6000000000000001
      vertex -15.16958499699831 20.96237999945879 0
      vertex -14.879648752510548 20.953098751604557 0.6000000000000001
    endloop
  endfacet
  facet normal -0.10425864581532585 -0.9945502173207518 0
    outer loop
      vertex -14.879648752510548 20.953098751604557 0.6000000000000001
      vertex -14.879648752510548 20.953098751604557 0
      vertex -14.61404000222683 20.925255000591278 0.6000000000000001
    endloop
  endfacet
  facet normal -0.1888709975392285 -0.9820019074770358 0
    outer loop
      vertex -14.61404000222683 20.925255000591278 0.6000000000000001
      vertex -14.61404000222683 20.925255000591278 0
      vertex -14.372758753597736 20.878848746418953 0.6000000000000001
    endloop
  endfacet
  facet normal -0.03199495169905475 -0.999488030476491 0
    outer loop
      vertex -14.879648752510548 20.953098751604557 0.6000000000000001
      vertex -15.16958499699831 20.96237999945879 0
      vertex -14.879648752510548 20.953098751604557 0
    endloop
  endfacet
  facet normal -0.10425864581532585 -0.9945502173207518 0
    outer loop
      vertex -14.61404000222683 20.925255000591278 0.6000000000000001
      vertex -14.879648752510548 20.953098751604557 0
      vertex -14.61404000222683 20.925255000591278 0
    endloop
  endfacet
  facet normal -0.1888709975392285 -0.9820019074770358 0
    outer loop
      vertex -14.372758753597736 20.878848746418953 0.6000000000000001
      vertex -14.61404000222683 20.925255000591278 0
      vertex -14.372758753597736 20.878848746418953 0
    endloop
  endfacet
  facet normal -0.02929221301936916 0.9995708910609732 0
    outer loop
      vertex -15.291201248764992 20.283730000257492 0.6000000000000001
      vertex -15.145149998366833 20.288010001182556 0.6000000000000001
      vertex -15.145149998366833 20.288010001182556 0
    endloop
  endfacet
  facet normal 0.05522721254191007 0.9984738128738534 0
    outer loop
      vertex -15.145149998366833 20.288010001182556 0.6000000000000001
      vertex -14.857032500207424 20.27207375317812 0.6000000000000001
      vertex -14.857032500207424 20.27207375317812 0
    endloop
  endfacet
  facet normal -0.2868723631452946 -0.9579688133041879 0
    outer loop
      vertex -14.372758753597736 20.878848746418953 0.6000000000000001
      vertex -14.372758753597736 20.878848746418953 0
      vertex -14.155804999172688 20.813879996538162 0.6000000000000001
    endloop
  endfacet
  facet normal 0.1987628040043286 0.9800476252429455 0
    outer loop
      vertex -14.857032500207424 20.27207375317812 0.6000000000000001
      vertex -14.621299996972084 20.22426500171423 0.6000000000000001
      vertex -14.621299996972084 20.22426500171423 0
    endloop
  endfacet
  facet normal 0.3985786686450928 0.9171341477129207 0
    outer loop
      vertex -14.621299996972084 20.22426500171423 0.6000000000000001
      vertex -14.437952503561974 20.144583746790886 0.6000000000000001
      vertex -14.437952503561974 20.144583746790886 0
    endloop
  endfacet
  facet normal 0.05522721254191007 0.9984738128738534 0
    outer loop
      vertex -15.145149998366833 20.288010001182556 0.6000000000000001
      vertex -14.857032500207424 20.27207375317812 0
      vertex -15.145149998366833 20.288010001182556 0
    endloop
  endfacet
  facet normal 0.1987628040043286 0.9800476252429455 0
    outer loop
      vertex -14.857032500207424 20.27207375317812 0.6000000000000001
      vertex -14.621299996972084 20.22426500171423 0
      vertex -14.857032500207424 20.27207375317812 0
    endloop
  endfacet
  facet normal 0.3985786686450928 0.9171341477129207 0
    outer loop
      vertex -14.621299996972084 20.22426500171423 0.6000000000000001
      vertex -14.437952503561974 20.144583746790886 0
      vertex -14.621299996972084 20.22426500171423 0
    endloop
  endfacet
  facet normal -0.3978474936960432 -0.9174515637131896 0
    outer loop
      vertex -14.155804999172688 20.813879996538162 0.6000000000000001
      vertex -14.155804999172688 20.813879996538162 0
      vertex -13.963178746402264 20.730348750948906 0.6000000000000001
    endloop
  endfacet
  facet normal -0.5186528196650934 -0.85498494293961 0
    outer loop
      vertex -13.963178746402264 20.730348750948906 0.6000000000000001
      vertex -13.963178746402264 20.730348750948906 0
      vertex -13.794880002737045 20.628255002200603 0.6000000000000001
    endloop
  endfacet
  facet normal -0.6413620139990424 -0.7672384029746505 0
    outer loop
      vertex -13.794880002737045 20.628255002200603 0.6000000000000001
      vertex -13.794880002737045 20.628255002200603 0
      vertex -13.65174250304699 20.508601248264313 0.6000000000000001
    endloop
  endfacet
  facet normal -0.7581944793508466 -0.6520284744410314 0
    outer loop
      vertex -13.65174250304699 20.508601248264313 0.6000000000000001
      vertex -13.65174250304699 20.508601248264313 0
      vertex -13.534630000591278 20.372419998049736 0.6000000000000001
    endloop
  endfacet
  facet normal -0.8588242801888508 -0.5122702956038954 0
    outer loop
      vertex -13.534630000591278 20.372419998049736 0.6000000000000001
      vertex -13.534630000591278 20.372419998049736 0
      vertex -13.443542502820492 20.219711251556873 0.6000000000000001
    endloop
  endfacet
  facet normal -0.9333980126152144 -0.35884279294137716 0
    outer loop
      vertex -13.443542502820492 20.219711251556873 0.6000000000000001
      vertex -13.443542502820492 20.219711251556873 0
      vertex -13.37848000228405 20.050475001335144 0.6000000000000001
    endloop
  endfacet
  facet normal -0.2868723631452946 -0.9579688133041879 0
    outer loop
      vertex -14.155804999172688 20.813879996538162 0.6000000000000001
      vertex -14.372758753597736 20.878848746418953 0
      vertex -14.155804999172688 20.813879996538162 0
    endloop
  endfacet
  facet normal -0.3978474936960432 -0.9174515637131896 0
    outer loop
      vertex -13.963178746402264 20.730348750948906 0.6000000000000001
      vertex -14.155804999172688 20.813879996538162 0
      vertex -13.963178746402264 20.730348750948906 0
    endloop
  endfacet
  facet normal -0.5186528196650934 -0.85498494293961 0
    outer loop
      vertex -13.794880002737045 20.628255002200603 0.6000000000000001
      vertex -13.963178746402264 20.730348750948906 0
      vertex -13.794880002737045 20.628255002200603 0
    endloop
  endfacet
  facet normal -0.6413620139990424 -0.7672384029746505 0
    outer loop
      vertex -13.65174250304699 20.508601248264313 0.6000000000000001
      vertex -13.794880002737045 20.628255002200603 0
      vertex -13.65174250304699 20.508601248264313 0
    endloop
  endfacet
  facet normal -0.7581944793508466 -0.6520284744410314 0
    outer loop
      vertex -13.534630000591278 20.372419998049736 0.6000000000000001
      vertex -13.65174250304699 20.508601248264313 0
      vertex -13.534630000591278 20.372419998049736 0
    endloop
  endfacet
  facet normal -0.8588242801888508 -0.5122702956038954 0
    outer loop
      vertex -13.443542502820492 20.219711251556873 0.6000000000000001
      vertex -13.534630000591278 20.372419998049736 0
      vertex -13.443542502820492 20.219711251556873 0
    endloop
  endfacet
  facet normal 0 0 -1
    outer loop
      vertex -15.194868750870228 19.058291248977184 0.6000000000000001
      vertex -15.038865000009537 19.093139998614788 0.6000000000000001
      vertex -14.955969996750355 18.33195000141859 0.6000000000000001
    endloop
  endfacet
  facet normal 0 0 -1
    outer loop
      vertex -15.038865000009537 19.093139998614788 0.6000000000000001
      vertex -14.902948752045631 19.126121252775192 0.6000000000000001
      vertex -14.759271249175072 18.375138752162457 0.6000000000000001
    endloop
  endfacet
  facet normal 0 0 -1
    outer loop
      vertex -14.902948752045631 19.126121252775192 0.6000000000000001
      vertex -14.787119999527931 19.157234996557236 0.6000000000000001
      vertex -14.582154996693134 18.417225003242493 0.6000000000000001
    endloop
  endfacet
  facet normal 0 0 -1
    outer loop
      vertex -15.038865000009537 19.093139998614788 0.6000000000000001
      vertex -14.759271249175072 18.375138752162457 0.6000000000000001
      vertex -14.955969996750355 18.33195000141859 0.6000000000000001
    endloop
  endfacet
  facet normal 0 0 -1
    outer loop
      vertex -14.902948752045631 19.126121252775192 0.6000000000000001
      vertex -14.582154996693134 18.417225003242493 0.6000000000000001
      vertex -14.759271249175072 18.375138752162457 0.6000000000000001
    endloop
  endfacet
  facet normal 0 0 -1
    outer loop
      vertex -14.691378749907017 19.18648125231266 0.6000000000000001
      vertex -14.615725003182888 19.213859997689724 0.6000000000000001
      vertex -14.424621246755123 18.45820874720812 0.6000000000000001
    endloop
  endfacet
  facet normal 0 0 -1
    outer loop
      vertex -14.552573747932911 19.241407498717308 0.6000000000000001
      vertex -14.286669999361038 18.498089998960495 0.6000000000000001
      vertex -14.615725003182888 19.213859997689724 0.6000000000000001
    endloop
  endfacet
  facet normal 0 0 -1
    outer loop
      vertex -14.552573747932911 19.241407498717308 0.6000000000000001
      vertex -14.494340002536774 19.27115999907255 0.6000000000000001
      vertex -14.168301247060299 18.53686875104904 0.6000000000000001
    endloop
  endfacet
  facet normal 0 0 -1
    outer loop
      vertex -14.494340002536774 19.27115999907255 0.6000000000000001
      vertex -14.441023752093315 19.303117498755455 0.6000000000000001
      vertex -14.069514997303486 18.57454500347376 0.6000000000000001
    endloop
  endfacet
  facet normal 0 0 -1
    outer loop
      vertex -14.441023752093315 19.303117498755455 0.6000000000000001
      vertex -14.392624996602535 19.337279997766018 0.6000000000000001
      vertex -13.983599998056889 18.61268749833107 0.6000000000000001
    endloop
  endfacet
  facet normal 0 0 -1
    outer loop
      vertex -14.787119999527931 19.157234996557236 0.6000000000000001
      vertex -14.691378749907017 19.18648125231266 0.6000000000000001
      vertex -14.582154996693134 18.417225003242493 0.6000000000000001
    endloop
  endfacet
  facet normal 0 0 -1
    outer loop
      vertex -14.691378749907017 19.18648125231266 0.6000000000000001
      vertex -14.424621246755123 18.45820874720812 0.6000000000000001
      vertex -14.582154996693134 18.417225003242493 0.6000000000000001
    endloop
  endfacet
  facet normal 0 0 -1
    outer loop
      vertex -14.552573747932911 19.241407498717308 0.6000000000000001
      vertex -14.168301247060299 18.53686875104904 0.6000000000000001
      vertex -14.286669999361038 18.498089998960495 0.6000000000000001
    endloop
  endfacet
  facet normal 0 0 -1
    outer loop
      vertex -14.615725003182888 19.213859997689724 0.6000000000000001
      vertex -14.286669999361038 18.498089998960495 0.6000000000000001
      vertex -14.424621246755123 18.45820874720812 0.6000000000000001
    endloop
  endfacet
  facet normal 0 0 -1
    outer loop
      vertex -14.306989997625351 20.03303000330925 0.6000000000000001
      vertex -13.534630000591278 20.372419998049736 0.6000000000000001
      vertex -14.228412501513958 19.88960374891758 0.6000000000000001
    endloop
  endfacet
  facet normal 0 0 -1
    outer loop
      vertex -14.228412501513958 19.88960374891758 0.6000000000000001
      vertex -13.339442498981953 19.864711247384548 0.6000000000000001
      vertex -14.202220000326633 19.714304998517036 0.6000000000000001
    endloop
  endfacet
  facet normal 0 0 -1
    outer loop
      vertex -14.202220000326633 19.714304998517036 0.6000000000000001
      vertex -13.32643000036478 19.662419997155666 0.6000000000000001
      vertex -14.205229997634888 19.65505124628544 0.6000000000000001
    endloop
  endfacet
  facet normal 0 0 -1
    outer loop
      vertex -14.205229997634888 19.65505124628544 0.6000000000000001
      vertex -13.335584998130798 19.490359999239445 0.6000000000000001
      vertex -14.214259997010231 19.59935999661684 0.6000000000000001
    endloop
  endfacet
  facet normal 0 0 -1
    outer loop
      vertex -14.214259997010231 19.59935999661684 0.6000000000000001
      vertex -13.363049998879433 19.33219999819994 0.6000000000000001
      vertex -14.229309998452663 19.547231249511242 0.6000000000000001
    endloop
  endfacet
  facet normal 0 0 -1
    outer loop
      vertex -14.229309998452663 19.547231249511242 0.6000000000000001
      vertex -13.408825002610683 19.187940001487732 0.6000000000000001
      vertex -14.250380001962185 19.498664997518063 0.6000000000000001
    endloop
  endfacet
  facet normal 0 0 -1
    outer loop
      vertex -14.228412501513958 19.88960374891758 0.6000000000000001
      vertex -13.443542502820492 20.219711251556873 0.6000000000000001
      vertex -13.37848000228405 20.050475001335144 0.6000000000000001
    endloop
  endfacet
  facet normal 0 0 -1
    outer loop
      vertex -14.228412501513958 19.88960374891758 0.6000000000000001
      vertex -13.37848000228405 20.050475001335144 0.6000000000000001
      vertex -13.339442498981953 19.864711247384548 0.6000000000000001
    endloop
  endfacet
  facet normal 0 0 -1
    outer loop
      vertex -14.202220000326633 19.714304998517036 0.6000000000000001
      vertex -13.339442498981953 19.864711247384548 0.6000000000000001
      vertex -13.32643000036478 19.662419997155666 0.6000000000000001
    endloop
  endfacet
  facet normal 0 0 -1
    outer loop
      vertex -14.205229997634888 19.65505124628544 0.6000000000000001
      vertex -13.32643000036478 19.662419997155666 0.6000000000000001
      vertex -13.32871875166893 19.57465250045061 0.6000000000000001
    endloop
  endfacet
  facet normal 0 0 -1
    outer loop
      vertex -14.205229997634888 19.65505124628544 0.6000000000000001
      vertex -13.32871875166893 19.57465250045061 0.6000000000000001
      vertex -13.335584998130798 19.490359999239445 0.6000000000000001
    endloop
  endfacet
  facet normal 0 0 -1
    outer loop
      vertex -14.229309998452663 19.547231249511242 0.6000000000000001
      vertex -13.363049998879433 19.33219999819994 0.6000000000000001
      vertex -13.383648753166199 19.2583324983716 0.6000000000000001
    endloop
  endfacet
  facet normal 0 0 -1
    outer loop
      vertex -14.214259997010231 19.59935999661684 0.6000000000000001
      vertex -13.335584998130798 19.490359999239445 0.6000000000000001
      vertex -13.347028747200966 19.409542500972748 0.6000000000000001
    endloop
  endfacet
  facet normal 0 0 -1
    outer loop
      vertex -14.214259997010231 19.59935999661684 0.6000000000000001
      vertex -13.347028747200966 19.409542500972748 0.6000000000000001
      vertex -13.363049998879433 19.33219999819994 0.6000000000000001
    endloop
  endfacet
  facet normal 0 0 -1
    outer loop
      vertex -14.349143750965595 19.37364750355482 0.6000000000000001
      vertex -14.310580000281334 19.412220001220703 0.6000000000000001
      vertex -13.76299499720335 18.739325001835823 0.6000000000000001
    endloop
  endfacet
  facet normal 0 0 -1
    outer loop
      vertex -14.310580000281334 19.412220001220703 0.6000000000000001
      vertex -14.277470000088215 19.453661248087883 0.6000000000000001
      vertex -13.646875001490116 18.833925001323223 0.6000000000000001
    endloop
  endfacet
  facet normal 0 0 -1
    outer loop
      vertex -14.349143750965595 19.37364750355482 0.6000000000000001
      vertex -13.90387500077486 18.65286500006914 0.6000000000000001
      vertex -14.392624996602535 19.337279997766018 0.6000000000000001
    endloop
  endfacet
  facet normal 0 0 -1
    outer loop
      vertex -14.277470000088215 19.453661248087883 0.6000000000000001
      vertex -14.250380001962185 19.498664997518063 0.6000000000000001
      vertex -13.509534999728203 18.99643124639988 0.6000000000000001
    endloop
  endfacet
  facet normal 0 0 -1
    outer loop
      vertex -14.310580000281334 19.412220001220703 0.6000000000000001
      vertex -13.701839998364449 18.785607501864433 0.6000000000000001
      vertex -13.76299499720335 18.739325001835823 0.6000000000000001
    endloop
  endfacet
  facet normal 0 0 -1
    outer loop
      vertex -14.277470000088215 19.453661248087883 0.6000000000000001
      vertex -13.597024999558926 18.884871251881123 0.6000000000000001
      vertex -13.646875001490116 18.833925001323223 0.6000000000000001
    endloop
  endfacet
  facet normal 0 0 -1
    outer loop
      vertex -14.277470000088215 19.453661248087883 0.6000000000000001
      vertex -13.509534999728203 18.99643124639988 0.6000000000000001
      vertex -13.551244996488094 18.93903999775648 0.6000000000000001
    endloop
  endfacet
  facet normal 0 0 -1
    outer loop
      vertex -14.277470000088215 19.453661248087883 0.6000000000000001
      vertex -13.551244996488094 18.93903999775648 0.6000000000000001
      vertex -13.597024999558926 18.884871251881123 0.6000000000000001
    endloop
  endfacet
  facet normal 0 0 -1
    outer loop
      vertex -14.310580000281334 19.412220001220703 0.6000000000000001
      vertex -13.646875001490116 18.833925001323223 0.6000000000000001
      vertex -13.701839998364449 18.785607501864433 0.6000000000000001
    endloop
  endfacet
  facet normal 0 0 -1
    outer loop
      vertex -14.494340002536774 19.27115999907255 0.6000000000000001
      vertex -14.069514997303486 18.57454500347376 0.6000000000000001
      vertex -14.168301247060299 18.53686875104904 0.6000000000000001
    endloop
  endfacet
  facet normal 0 0 -1
    outer loop
      vertex -14.441023752093315 19.303117498755455 0.6000000000000001
      vertex -13.983599998056889 18.61268749833107 0.6000000000000001
      vertex -14.069514997303486 18.57454500347376 0.6000000000000001
    endloop
  endfacet
  facet normal 0 0 -1
    outer loop
      vertex -14.392624996602535 19.337279997766018 0.6000000000000001
      vertex -13.90387500077486 18.65286500006914 0.6000000000000001
      vertex -13.983599998056889 18.61268749833107 0.6000000000000001
    endloop
  endfacet
  facet normal 0 0 -1
    outer loop
      vertex -14.349143750965595 19.37364750355482 0.6000000000000001
      vertex -13.83033999800682 18.695077501237392 0.6000000000000001
      vertex -13.90387500077486 18.65286500006914 0.6000000000000001
    endloop
  endfacet
  facet normal 0 0 -1
    outer loop
      vertex -14.349143750965595 19.37364750355482 0.6000000000000001
      vertex -13.76299499720335 18.739325001835823 0.6000000000000001
      vertex -13.83033999800682 18.695077501237392 0.6000000000000001
    endloop
  endfacet
  facet normal 0 0 -1
    outer loop
      vertex -14.229309998452663 19.547231249511242 0.6000000000000001
      vertex -13.383648753166199 19.2583324983716 0.6000000000000001
      vertex -13.408825002610683 19.187940001487732 0.6000000000000001
    endloop
  endfacet
  facet normal 0 0 -1
    outer loop
      vertex -14.250380001962185 19.498664997518063 0.6000000000000001
      vertex -13.408825002610683 19.187940001487732 0.6000000000000001
      vertex -13.438325002789497 19.120881251990795 0.6000000000000001
    endloop
  endfacet
  facet normal 0 0 -1
    outer loop
      vertex -14.250380001962185 19.498664997518063 0.6000000000000001
      vertex -13.438325002789497 19.120881251990795 0.6000000000000001
      vertex -13.47189500182867 19.057044997811317 0.6000000000000001
    endloop
  endfacet
  facet normal 0 0 -1
    outer loop
      vertex -14.250380001962185 19.498664997518063 0.6000000000000001
      vertex -13.47189500182867 19.057044997811317 0.6000000000000001
      vertex -13.509534999728203 18.99643124639988 0.6000000000000001
    endloop
  endfacet
  facet normal 0.6484431799937106 0.7612630572408229 0
    outer loop
      vertex -14.437952503561974 20.144583746790886 0.6000000000000001
      vertex -14.306989997625351 20.03303000330925 0.6000000000000001
      vertex -14.306989997625351 20.03303000330925 0
    endloop
  endfacet
  facet normal 0.8770072586410944 0.48047712566867584 0
    outer loop
      vertex -14.306989997625351 20.03303000330925 0.6000000000000001
      vertex -14.228412501513958 19.88960374891758 0.6000000000000001
      vertex -14.228412501513958 19.88960374891758 0
    endloop
  endfacet
  facet normal 0.6415694532386063 -0.7670649494476435 0
    outer loop
      vertex -14.349143750965595 19.37364750355482 0.6000000000000001
      vertex -14.392624996602535 19.337279997766018 0.6000000000000001
      vertex -14.392624996602535 19.337279997766018 0
    endloop
  endfacet
  facet normal 0.8567550589049333 -0.5157235393510793 0
    outer loop
      vertex -14.277470000088215 19.453661248087883 0.6000000000000001
      vertex -14.277470000088215 19.453661248087883 0
      vertex -14.250380001962185 19.498664997518063 0.6000000000000001
    endloop
  endfacet
  facet normal 0.7071869600833689 -0.7070265931972032 0
    outer loop
      vertex -14.349143750965595 19.37364750355482 0.6000000000000001
      vertex -14.349143750965595 19.37364750355482 0
      vertex -14.310580000281334 19.412220001220703 0.6000000000000001
    endloop
  endfacet
  facet normal 0.7812640673100598 -0.6242006545415842 0
    outer loop
      vertex -14.310580000281334 19.412220001220703 0.6000000000000001
      vertex -14.310580000281334 19.412220001220703 0
      vertex -14.277470000088215 19.453661248087883 0.6000000000000001
    endloop
  endfacet
  facet normal 0.6484431799937106 0.7612630572408229 0
    outer loop
      vertex -14.437952503561974 20.144583746790886 0.6000000000000001
      vertex -14.306989997625351 20.03303000330925 0
      vertex -14.437952503561974 20.144583746790886 0
    endloop
  endfacet
  facet normal 0.8770072586410944 0.48047712566867584 0
    outer loop
      vertex -14.306989997625351 20.03303000330925 0.6000000000000001
      vertex -14.228412501513958 19.88960374891758 0
      vertex -14.306989997625351 20.03303000330925 0
    endloop
  endfacet
  facet normal 0.8567550589049333 -0.5157235393510793 0
    outer loop
      vertex -14.250380001962185 19.498664997518063 0.6000000000000001
      vertex -14.277470000088215 19.453661248087883 0
      vertex -14.250380001962185 19.498664997518063 0
    endloop
  endfacet
  facet normal 0.7812640673100598 -0.6242006545415842 0
    outer loop
      vertex -14.277470000088215 19.453661248087883 0.6000000000000001
      vertex -14.310580000281334 19.412220001220703 0
      vertex -14.277470000088215 19.453661248087883 0
    endloop
  endfacet
  facet normal 0.7071869600833689 -0.7070265931972032 0
    outer loop
      vertex -14.310580000281334 19.412220001220703 0.6000000000000001
      vertex -14.349143750965595 19.37364750355482 0
      vertex -14.310580000281334 19.412220001220703 0
    endloop
  endfacet
  facet normal 0.6415694532386063 -0.7670649494476435 0
    outer loop
      vertex -14.349143750965595 19.37364750355482 0.6000000000000001
      vertex -14.392624996602535 19.337279997766018 0
      vertex -14.349143750965595 19.37364750355482 0
    endloop
  endfacet
  facet normal 0.21801084710304694 -0.9759463461407147 0
    outer loop
      vertex -15.194868750870228 19.058291248977184 0.6000000000000001
      vertex -15.194868750870228 19.058291248977184 0
      vertex -15.038865000009537 19.093139998614788 0.6000000000000001
    endloop
  endfacet
  facet normal 0.23581517842994415 -0.9717979222153408 0
    outer loop
      vertex -15.038865000009537 19.093139998614788 0.6000000000000001
      vertex -15.038865000009537 19.093139998614788 0
      vertex -14.902948752045631 19.126121252775192 0.6000000000000001
    endloop
  endfacet
  facet normal 0.29214530874999417 -0.9563739428567523 0
    outer loop
      vertex -14.787119999527931 19.157234996557236 0.6000000000000001
      vertex -14.787119999527931 19.157234996557236 0
      vertex -14.691378749907017 19.18648125231266 0.6000000000000001
    endloop
  endfacet
  facet normal 0.2594220723350735 -0.9657640438457916 0
    outer loop
      vertex -14.902948752045631 19.126121252775192 0.6000000000000001
      vertex -14.902948752045631 19.126121252775192 0
      vertex -14.787119999527931 19.157234996557236 0.6000000000000001
    endloop
  endfacet
  facet normal 0.3402968153593927 -0.9403180724926301 0
    outer loop
      vertex -14.691378749907017 19.18648125231266 0.6000000000000001
      vertex -14.691378749907017 19.18648125231266 0
      vertex -14.615725003182888 19.213859997689724 0.6000000000000001
    endloop
  endfacet
  facet normal 0.45497266507517115 -0.8905054037087007 0
    outer loop
      vertex -14.552573747932911 19.241407498717308 0.6000000000000001
      vertex -14.552573747932911 19.241407498717308 0
      vertex -14.494340002536774 19.27115999907255 0.6000000000000001
    endloop
  endfacet
  facet normal 0.39982971651615695 -0.916589437965881 0
    outer loop
      vertex -14.552573747932911 19.241407498717308 0.6000000000000001
      vertex -14.615725003182888 19.213859997689724 0.6000000000000001
      vertex -14.615725003182888 19.213859997689724 0
    endloop
  endfacet
  facet normal 0.5141142124708242 -0.8577217360749956 0
    outer loop
      vertex -14.494340002536774 19.27115999907255 0.6000000000000001
      vertex -14.494340002536774 19.27115999907255 0
      vertex -14.441023752093315 19.303117498755455 0.6000000000000001
    endloop
  endfacet
  facet normal 0.5766682312354325 -0.8169784275510569 0
    outer loop
      vertex -14.441023752093315 19.303117498755455 0.6000000000000001
      vertex -14.441023752093315 19.303117498755455 0
      vertex -14.392624996602535 19.337279997766018 0.6000000000000001
    endloop
  endfacet
  facet normal 0.21801084710304694 -0.9759463461407147 0
    outer loop
      vertex -15.038865000009537 19.093139998614788 0.6000000000000001
      vertex -15.194868750870228 19.058291248977184 0
      vertex -15.038865000009537 19.093139998614788 0
    endloop
  endfacet
  facet normal 0.2594220723350735 -0.9657640438457916 0
    outer loop
      vertex -14.787119999527931 19.157234996557236 0.6000000000000001
      vertex -14.902948752045631 19.126121252775192 0
      vertex -14.787119999527931 19.157234996557236 0
    endloop
  endfacet
  facet normal 0.23581517842994415 -0.9717979222153408 0
    outer loop
      vertex -14.902948752045631 19.126121252775192 0.6000000000000001
      vertex -15.038865000009537 19.093139998614788 0
      vertex -14.902948752045631 19.126121252775192 0
    endloop
  endfacet
  facet normal 0.29214530874999417 -0.9563739428567523 0
    outer loop
      vertex -14.691378749907017 19.18648125231266 0.6000000000000001
      vertex -14.787119999527931 19.157234996557236 0
      vertex -14.691378749907017 19.18648125231266 0
    endloop
  endfacet
  facet normal 0.3402968153593927 -0.9403180724926301 0
    outer loop
      vertex -14.615725003182888 19.213859997689724 0.6000000000000001
      vertex -14.691378749907017 19.18648125231266 0
      vertex -14.615725003182888 19.213859997689724 0
    endloop
  endfacet
  facet normal 0.45497266507517115 -0.8905054037087007 0
    outer loop
      vertex -14.494340002536774 19.27115999907255 0.6000000000000001
      vertex -14.552573747932911 19.241407498717308 0
      vertex -14.494340002536774 19.27115999907255 0
    endloop
  endfacet
  facet normal 0.39982971651615695 -0.916589437965881 0
    outer loop
      vertex -14.552573747932911 19.241407498717308 0.6000000000000001
      vertex -14.615725003182888 19.213859997689724 0
      vertex -14.552573747932911 19.241407498717308 0
    endloop
  endfacet
  facet normal 0.5141142124708242 -0.8577217360749956 0
    outer loop
      vertex -14.441023752093315 19.303117498755455 0.6000000000000001
      vertex -14.494340002536774 19.27115999907255 0
      vertex -14.441023752093315 19.303117498755455 0
    endloop
  endfacet
  facet normal 0.5766682312354325 -0.8169784275510569 0
    outer loop
      vertex -14.392624996602535 19.337279997766018 0.6000000000000001
      vertex -14.441023752093315 19.303117498755455 0
      vertex -14.392624996602535 19.337279997766018 0
    endloop
  endfacet
  facet normal 0.989020871278459 0.14777589849362383 0
    outer loop
      vertex -14.228412501513958 19.88960374891758 0.6000000000000001
      vertex -14.202220000326633 19.714304998517036 0.6000000000000001
      vertex -14.202220000326633 19.714304998517036 0
    endloop
  endfacet
  facet normal 0.9987122517132956 -0.05073300974473134 0
    outer loop
      vertex -14.202220000326633 19.714304998517036 0.6000000000000001
      vertex -14.205229997634888 19.65505124628544 0.6000000000000001
      vertex -14.205229997634888 19.65505124628544 0
    endloop
  endfacet
  facet normal 0.9871083176593942 -0.16005364478086948 0
    outer loop
      vertex -14.205229997634888 19.65505124628544 0.6000000000000001
      vertex -14.214259997010231 19.59935999661684 0.6000000000000001
      vertex -14.214259997010231 19.59935999661684 0
    endloop
  endfacet
  facet normal 0.9607604341305974 -0.27737950214315776 0
    outer loop
      vertex -14.214259997010231 19.59935999661684 0.6000000000000001
      vertex -14.229309998452663 19.547231249511242 0.6000000000000001
      vertex -14.229309998452663 19.547231249511242 0
    endloop
  endfacet
  facet normal 0.9173858239824059 -0.39799905773270655 0
    outer loop
      vertex -14.229309998452663 19.547231249511242 0.6000000000000001
      vertex -14.250380001962185 19.498664997518063 0.6000000000000001
      vertex -14.250380001962185 19.498664997518063 0
    endloop
  endfacet
  facet normal -0.9786247566448735 -0.20565404367957915 0
    outer loop
      vertex -13.37848000228405 20.050475001335144 0.6000000000000001
      vertex -13.37848000228405 20.050475001335144 0
      vertex -13.339442498981953 19.864711247384548 0.6000000000000001
    endloop
  endfacet
  facet normal -0.9979375093484943 -0.06419289240502991 0
    outer loop
      vertex -13.339442498981953 19.864711247384548 0.6000000000000001
      vertex -13.339442498981953 19.864711247384548 0
      vertex -13.32643000036478 19.662419997155666 0.6000000000000001
    endloop
  endfacet
  facet normal -0.9996601569765781 0.02606857406079786 0
    outer loop
      vertex -13.32643000036478 19.662419997155666 0.6000000000000001
      vertex -13.32643000036478 19.662419997155666 0
      vertex -13.32871875166893 19.57465250045061 0.6000000000000001
    endloop
  endfacet
  facet normal -0.9966987669299521 0.08118847209002603 0
    outer loop
      vertex -13.32871875166893 19.57465250045061 0.6000000000000001
      vertex -13.32871875166893 19.57465250045061 0
      vertex -13.335584998130798 19.490359999239445 0.6000000000000001
    endloop
  endfacet
  facet normal -0.9901230185310786 0.14020131302846386 0
    outer loop
      vertex -13.335584998130798 19.490359999239445 0.6000000000000001
      vertex -13.335584998130798 19.490359999239445 0
      vertex -13.347028747200966 19.409542500972748 0.6000000000000001
    endloop
  endfacet
  facet normal -0.9792117739721851 0.2028405820200836 0
    outer loop
      vertex -13.347028747200966 19.409542500972748 0.6000000000000001
      vertex -13.347028747200966 19.409542500972748 0
      vertex -13.363049998879433 19.33219999819994 0.6000000000000001
    endloop
  endfacet
  facet normal 0.989020871278459 0.14777589849362383 0
    outer loop
      vertex -14.228412501513958 19.88960374891758 0.6000000000000001
      vertex -14.202220000326633 19.714304998517036 0
      vertex -14.228412501513958 19.88960374891758 0
    endloop
  endfacet
  facet normal 0.9987122517132956 -0.05073300974473134 0
    outer loop
      vertex -14.202220000326633 19.714304998517036 0.6000000000000001
      vertex -14.205229997634888 19.65505124628544 0
      vertex -14.202220000326633 19.714304998517036 0
    endloop
  endfacet
  facet normal 0.9871083176593942 -0.16005364478086948 0
    outer loop
      vertex -14.205229997634888 19.65505124628544 0.6000000000000001
      vertex -14.214259997010231 19.59935999661684 0
      vertex -14.205229997634888 19.65505124628544 0
    endloop
  endfacet
  facet normal 0.9607604341305974 -0.27737950214315776 0
    outer loop
      vertex -14.214259997010231 19.59935999661684 0.6000000000000001
      vertex -14.229309998452663 19.547231249511242 0
      vertex -14.214259997010231 19.59935999661684 0
    endloop
  endfacet
  facet normal 0.9173858239824059 -0.39799905773270655 0
    outer loop
      vertex -14.229309998452663 19.547231249511242 0.6000000000000001
      vertex -14.250380001962185 19.498664997518063 0
      vertex -14.229309998452663 19.547231249511242 0
    endloop
  endfacet
  facet normal -0.9333980126152144 -0.35884279294137716 0
    outer loop
      vertex -13.37848000228405 20.050475001335144 0.6000000000000001
      vertex -13.443542502820492 20.219711251556873 0
      vertex -13.37848000228405 20.050475001335144 0
    endloop
  endfacet
  facet normal -0.9786247566448735 -0.20565404367957915 0
    outer loop
      vertex -13.339442498981953 19.864711247384548 0.6000000000000001
      vertex -13.37848000228405 20.050475001335144 0
      vertex -13.339442498981953 19.864711247384548 0
    endloop
  endfacet
  facet normal -0.9979375093484943 -0.06419289240502991 0
    outer loop
      vertex -13.32643000036478 19.662419997155666 0.6000000000000001
      vertex -13.339442498981953 19.864711247384548 0
      vertex -13.32643000036478 19.662419997155666 0
    endloop
  endfacet
  facet normal -0.9996601569765781 0.02606857406079786 0
    outer loop
      vertex -13.32871875166893 19.57465250045061 0.6000000000000001
      vertex -13.32643000036478 19.662419997155666 0
      vertex -13.32871875166893 19.57465250045061 0
    endloop
  endfacet
  facet normal -0.9966987669299521 0.08118847209002603 0
    outer loop
      vertex -13.335584998130798 19.490359999239445 0.6000000000000001
      vertex -13.32871875166893 19.57465250045061 0
      vertex -13.335584998130798 19.490359999239445 0
    endloop
  endfacet
  facet normal -0.9901230185310786 0.14020131302846386 0
    outer loop
      vertex -13.347028747200966 19.409542500972748 0.6000000000000001
      vertex -13.335584998130798 19.490359999239445 0
      vertex -13.347028747200966 19.409542500972748 0
    endloop
  endfacet
  facet normal -0.9792117739721851 0.2028405820200836 0
    outer loop
      vertex -13.363049998879433 19.33219999819994 0.6000000000000001
      vertex -13.347028747200966 19.409542500972748 0
      vertex -13.363049998879433 19.33219999819994 0
    endloop
  endfacet
  facet normal -0.40576577996161994 0.9139770958903393 0
    outer loop
      vertex -13.983599998056889 18.61268749833107 0.6000000000000001
      vertex -13.983599998056889 18.61268749833107 0
      vertex -14.069514997303486 18.57454500347376 0.6000000000000001
    endloop
  endfacet
  facet normal -0.4500340851303314 0.8930113785506352 0
    outer loop
      vertex -13.983599998056889 18.61268749833107 0.6000000000000001
      vertex -13.90387500077486 18.65286500006914 0.6000000000000001
      vertex -13.90387500077486 18.65286500006914 0
    endloop
  endfacet
  facet normal -0.4978494451520712 0.8672634720555079 0
    outer loop
      vertex -13.90387500077486 18.65286500006914 0.6000000000000001
      vertex -13.83033999800682 18.695077501237392 0.6000000000000001
      vertex -13.83033999800682 18.695077501237392 0
    endloop
  endfacet
  facet normal -0.5491104053539915 0.8357498206592539 0
    outer loop
      vertex -13.76299499720335 18.739325001835823 0.6000000000000001
      vertex -13.76299499720335 18.739325001835823 0
      vertex -13.83033999800682 18.695077501237392 0.6000000000000001
    endloop
  endfacet
  facet normal -0.9632483836809526 0.2686122695187849 0
    outer loop
      vertex -13.363049998879433 19.33219999819994 0.6000000000000001
      vertex -13.363049998879433 19.33219999819994 0
      vertex -13.383648753166199 19.2583324983716 0.6000000000000001
    endloop
  endfacet
  facet normal -0.9415889835943978 0.33676428844767503 0
    outer loop
      vertex -13.408825002610683 19.187940001487732 0.6000000000000001
      vertex -13.383648753166199 19.2583324983716 0.6000000000000001
      vertex -13.383648753166199 19.2583324983716 0
    endloop
  endfacet
  facet normal -0.9153444639679024 0.4026717177594093 0
    outer loop
      vertex -13.408825002610683 19.187940001487732 0.6000000000000001
      vertex -13.408825002610683 19.187940001487732 0
      vertex -13.438325002789497 19.120881251990795 0.6000000000000001
    endloop
  endfacet
  facet normal -0.885078340349168 0.46544208172957713 0
    outer loop
      vertex -13.438325002789497 19.120881251990795 0.6000000000000001
      vertex -13.438325002789497 19.120881251990795 0
      vertex -13.47189500182867 19.057044997811317 0.6000000000000001
    endloop
  endfacet
  facet normal -0.849529185349589 0.5275416222813741 0
    outer loop
      vertex -13.509534999728203 18.99643124639988 0.6000000000000001
      vertex -13.47189500182867 19.057044997811317 0.6000000000000001
      vertex -13.47189500182867 19.057044997811317 0
    endloop
  endfacet
  facet normal -0.8089310996122215 0.5879034581291064 0
    outer loop
      vertex -13.509534999728203 18.99643124639988 0.6000000000000001
      vertex -13.509534999728203 18.99643124639988 0
      vertex -13.551244996488094 18.93903999775648 0.6000000000000001
    endloop
  endfacet
  facet normal -0.6034678859387501 0.7973873027836695 0
    outer loop
      vertex -13.76299499720335 18.739325001835823 0.6000000000000001
      vertex -13.701839998364449 18.785607501864433 0.6000000000000001
      vertex -13.701839998364449 18.785607501864433 0
    endloop
  endfacet
  facet normal -0.6602296846945255 0.7510637545829032 0
    outer loop
      vertex -13.701839998364449 18.785607501864433 0.6000000000000001
      vertex -13.646875001490116 18.833925001323223 0.6000000000000001
      vertex -13.646875001490116 18.833925001323223 0
    endloop
  endfacet
  facet normal -0.7147549233457466 0.6993750063828531 0
    outer loop
      vertex -13.597024999558926 18.884871251881123 0.6000000000000001
      vertex -13.597024999558926 18.884871251881123 0
      vertex -13.646875001490116 18.833925001323223 0.6000000000000001
    endloop
  endfacet
  facet normal -0.7637691707180869 0.6454894684350828 0
    outer loop
      vertex -13.551244996488094 18.93903999775648 0.6000000000000001
      vertex -13.551244996488094 18.93903999775648 0
      vertex -13.597024999558926 18.884871251881123 0.6000000000000001
    endloop
  endfacet
  facet normal -0.40576577996161994 0.9139770958903393 0
    outer loop
      vertex -14.069514997303486 18.57454500347376 0.6000000000000001
      vertex -13.983599998056889 18.61268749833107 0
      vertex -14.069514997303486 18.57454500347376 0
    endloop
  endfacet
  facet normal -0.4500340851303314 0.8930113785506352 0
    outer loop
      vertex -13.983599998056889 18.61268749833107 0.6000000000000001
      vertex -13.90387500077486 18.65286500006914 0
      vertex -13.983599998056889 18.61268749833107 0
    endloop
  endfacet
  facet normal -0.4978494451520712 0.8672634720555079 0
    outer loop
      vertex -13.90387500077486 18.65286500006914 0.6000000000000001
      vertex -13.83033999800682 18.695077501237392 0
      vertex -13.90387500077486 18.65286500006914 0
    endloop
  endfacet
  facet normal -0.5491104053539915 0.8357498206592539 0
    outer loop
      vertex -13.83033999800682 18.695077501237392 0.6000000000000001
      vertex -13.76299499720335 18.739325001835823 0
      vertex -13.83033999800682 18.695077501237392 0
    endloop
  endfacet
  facet normal -0.9153444639679024 0.4026717177594093 0
    outer loop
      vertex -13.438325002789497 19.120881251990795 0.6000000000000001
      vertex -13.408825002610683 19.187940001487732 0
      vertex -13.438325002789497 19.120881251990795 0
    endloop
  endfacet
  facet normal -0.9632483836809526 0.2686122695187849 0
    outer loop
      vertex -13.383648753166199 19.2583324983716 0.6000000000000001
      vertex -13.363049998879433 19.33219999819994 0
      vertex -13.383648753166199 19.2583324983716 0
    endloop
  endfacet
  facet normal -0.9415889835943978 0.33676428844767503 0
    outer loop
      vertex -13.408825002610683 19.187940001487732 0.6000000000000001
      vertex -13.383648753166199 19.2583324983716 0
      vertex -13.408825002610683 19.187940001487732 0
    endloop
  endfacet
  facet normal -0.885078340349168 0.46544208172957713 0
    outer loop
      vertex -13.47189500182867 19.057044997811317 0.6000000000000001
      vertex -13.438325002789497 19.120881251990795 0
      vertex -13.47189500182867 19.057044997811317 0
    endloop
  endfacet
  facet normal -0.849529185349589 0.5275416222813741 0
    outer loop
      vertex -13.509534999728203 18.99643124639988 0.6000000000000001
      vertex -13.47189500182867 19.057044997811317 0
      vertex -13.509534999728203 18.99643124639988 0
    endloop
  endfacet
  facet normal -0.8089310996122215 0.5879034581291064 0
    outer loop
      vertex -13.551244996488094 18.93903999775648 0.6000000000000001
      vertex -13.509534999728203 18.99643124639988 0
      vertex -13.551244996488094 18.93903999775648 0
    endloop
  endfacet
  facet normal -0.6602296846945255 0.7510637545829032 0
    outer loop
      vertex -13.701839998364449 18.785607501864433 0.6000000000000001
      vertex -13.646875001490116 18.833925001323223 0
      vertex -13.701839998364449 18.785607501864433 0
    endloop
  endfacet
  facet normal -0.7637691707180869 0.6454894684350828 0
    outer loop
      vertex -13.597024999558926 18.884871251881123 0.6000000000000001
      vertex -13.551244996488094 18.93903999775648 0
      vertex -13.597024999558926 18.884871251881123 0
    endloop
  endfacet
  facet normal -0.7147549233457466 0.6993750063828531 0
    outer loop
      vertex -13.646875001490116 18.833925001323223 0.6000000000000001
      vertex -13.597024999558926 18.884871251881123 0
      vertex -13.646875001490116 18.833925001323223 0
    endloop
  endfacet
  facet normal -0.6034678859387501 0.7973873027836695 0
    outer loop
      vertex -13.76299499720335 18.739325001835823 0.6000000000000001
      vertex -13.701839998364449 18.785607501864433 0
      vertex -13.76299499720335 18.739325001835823 0
    endloop
  endfacet
  facet normal 1 0 0
    outer loop
      vertex -11.623405002057552 20.901359997689724 0.6000000000000001
      vertex -11.623405002057552 17.297444999217987 0
      vertex -11.623405002057552 20.901359997689724 0
    endloop
  endfacet
  facet normal 0 -1 0
    outer loop
      vertex -11.623405002057552 20.901359997689724 0.6000000000000001
      vertex -11.623405002057552 20.901359997689724 0
      vertex -10.723180003464222 20.901359997689724 0.6000000000000001
    endloop
  endfacet
  facet normal 0 -1 0
    outer loop
      vertex -10.723180003464222 20.901359997689724 0.6000000000000001
      vertex -11.623405002057552 20.901359997689724 0
      vertex -10.723180003464222 20.901359997689724 0
    endloop
  endfacet
  facet normal 0 0 -1
    outer loop
      vertex -11.623405002057552 20.901359997689724 0.6000000000000001
      vertex -10.723180003464222 20.901359997689724 0.6000000000000001
      vertex -11.623405002057552 17.297444999217987 0.6000000000000001
    endloop
  endfacet
  facet normal -1 0 0
    outer loop
      vertex -10.723180003464222 20.901359997689724 0.6000000000000001
      vertex -10.723180003464222 20.901359997689724 0
      vertex -10.723180003464222 17.297444999217987 0.6000000000000001
    endloop
  endfacet
  facet normal 0 0 -1
    outer loop
      vertex -9.572530001401901 20.901359997689724 0.6000000000000001
      vertex -8.67230500280857 20.901359997689724 0.6000000000000001
      vertex -8.29083999991417 19.802775003015995 0.6000000000000001
    endloop
  endfacet
  facet normal 0 -1 0
    outer loop
      vertex -9.572530001401901 20.901359997689724 0.6000000000000001
      vertex -9.572530001401901 20.901359997689724 0
      vertex -8.67230500280857 20.901359997689724 0.6000000000000001
    endloop
  endfacet
  facet normal 0 -1 0
    outer loop
      vertex -8.67230500280857 20.901359997689724 0.6000000000000001
      vertex -9.572530001401901 20.901359997689724 0
      vertex -8.67230500280857 20.901359997689724 0
    endloop
  endfacet
  facet normal -0.9446704988178 -0.3280208052293774 0
    outer loop
      vertex -8.67230500280857 20.901359997689724 0.6000000000000001
      vertex -8.67230500280857 20.901359997689724 0
      vertex -8.29083999991417 19.802775003015995 0.6000000000000001
    endloop
  endfacet
  facet normal -0.9446704988178 -0.3280208052293774 0
    outer loop
      vertex -8.29083999991417 19.802775003015995 0.6000000000000001
      vertex -8.67230500280857 20.901359997689724 0
      vertex -8.29083999991417 19.802775003015995 0
    endloop
  endfacet
  facet normal 0 0 -1
    outer loop
      vertex -9.572530001401901 20.901359997689724 0.6000000000000001
      vertex -8.29083999991417 19.802775003015995 0.6000000000000001
      vertex -8.089464999735355 19.12534499913454 0.6000000000000001
    endloop
  endfacet
  facet normal 0 0 -1
    outer loop
      vertex -9.572530001401901 20.901359997689724 0.6000000000000001
      vertex -8.089464999735355 19.12534499913454 0.6000000000000001
      vertex -7.940947502851486 18.692528747022152 0.6000000000000001
    endloop
  endfacet
  facet normal 0 0 -1
    outer loop
      vertex -8.29083999991417 19.802775003015995 0.6000000000000001
      vertex -6.652165003120899 19.802775003015995 0.6000000000000001
      vertex -8.089464999735355 19.12534499913454 0.6000000000000001
    endloop
  endfacet
  facet normal 0 0 -1
    outer loop
      vertex -9.572530001401901 20.901359997689724 0.6000000000000001
      vertex -7.940947502851486 18.692528747022152 0.6000000000000001
      vertex -7.816844999790192 18.32989999651909 0.6000000000000001
    endloop
  endfacet
  facet normal 0 0 -1
    outer loop
      vertex -9.572530001401901 20.901359997689724 0.6000000000000001
      vertex -7.816844999790192 18.32989999651909 0.6000000000000001
      vertex -7.717157498002052 18.03745874762535 0.6000000000000001
    endloop
  endfacet
  facet normal 0.9394415530161737 0.34270916017311187 0
    outer loop
      vertex -9.572530001401901 20.901359997689724 0.6000000000000001
      vertex -8.004009999334812 16.601700000464916 0
      vertex -9.572530001401901 20.901359997689724 0
    endloop
  endfacet
  facet normal 0 -1 0
    outer loop
      vertex -8.29083999991417 19.802775003015995 0.6000000000000001
      vertex -8.29083999991417 19.802775003015995 0
      vertex -6.652165003120899 19.802775003015995 0.6000000000000001
    endloop
  endfacet
  facet normal -0.9458632121650465 -0.32456553093762136 0
    outer loop
      vertex -8.089464999735355 19.12534499913454 0.6000000000000001
      vertex -8.089464999735355 19.12534499913454 0
      vertex -7.940947502851486 18.692528747022152 0.6000000000000001
    endloop
  endfacet
  facet normal -0.9461277824022892 -0.32379348258809415 0
    outer loop
      vertex -7.940947502851486 18.692528747022152 0.6000000000000001
      vertex -7.940947502851486 18.692528747022152 0
      vertex -7.816844999790192 18.32989999651909 0.6000000000000001
    endloop
  endfacet
  facet normal 0 1 0
    outer loop
      vertex -8.089464999735355 19.12534499913454 0.6000000000000001
      vertex -6.853584997355938 19.12534499913454 0
      vertex -8.089464999735355 19.12534499913454 0
    endloop
  endfacet
  facet normal -0.9458632121650465 -0.32456553093762136 0
    outer loop
      vertex -7.940947502851486 18.692528747022152 0.6000000000000001
      vertex -8.089464999735355 19.12534499913454 0
      vertex -7.940947502851486 18.692528747022152 0
    endloop
  endfacet
  facet normal 0 0 -1
    outer loop
      vertex -15.194868750870228 19.058291248977184 0.6000000000000001
      vertex -14.955969996750355 18.33195000141859 0.6000000000000001
      vertex -15.12016250193119 18.295374996960163 0.6000000000000001
    endloop
  endfacet
  facet normal 0 0 -1
    outer loop
      vertex -14.74236000329256 17.237805001437664 0.6000000000000001
      vertex -14.658828750252724 17.272904999554157 0.6000000000000001
      vertex -14.457437500357628 16.600181251764297 0.6000000000000001
    endloop
  endfacet
  facet normal 0 0 -1
    outer loop
      vertex -14.658828750252724 17.272904999554157 0.6000000000000001
      vertex -14.585215002298355 17.31580500304699 0.6000000000000001
      vertex -14.268370002508163 16.648840002715588 0.6000000000000001
    endloop
  endfacet
  facet normal 0 0 -1
    outer loop
      vertex -14.585215002298355 17.31580500304699 0.6000000000000001
      vertex -14.520403750240803 17.366405002772808 0.6000000000000001
      vertex -14.101427502930164 16.711401246488094 0.6000000000000001
    endloop
  endfacet
  facet normal 0 0 -1
    outer loop
      vertex -14.520403750240803 17.366405002772808 0.6000000000000001
      vertex -14.46331000328064 17.424635000526905 0.6000000000000001
      vertex -13.95661000162363 16.78786499798298 0.6000000000000001
    endloop
  endfacet
  facet normal 0 0 -1
    outer loop
      vertex -14.312109999358654 17.7338550016284 0.6000000000000001
      vertex -13.485916249454021 17.43164625018835 0.6000000000000001
      vertex -14.338333748281002 17.645104996860027 0.6000000000000001
    endloop
  endfacet
  facet normal 0 0 -1
    outer loop
      vertex -14.338333748281002 17.645104996860027 0.6000000000000001
      vertex -13.548349998891354 17.266604997217655 0.6000000000000001
      vertex -14.37227500230074 17.563984997570515 0.6000000000000001
    endloop
  endfacet
  facet normal 0 0 -1
    outer loop
      vertex -14.338333748281002 17.645104996860027 0.6000000000000001
      vertex -13.485916249454021 17.43164625018835 0.6000000000000001
      vertex -13.548349998891354 17.266604997217655 0.6000000000000001
    endloop
  endfacet
  facet normal 0 0 -1
    outer loop
      vertex -14.413933746516705 17.49049499630928 0.6000000000000001
      vertex -14.37227500230074 17.563984997570515 0.6000000000000001
      vertex -13.626636251807213 17.119706250727177 0.6000000000000001
    endloop
  endfacet
  facet normal 0 0 -1
    outer loop
      vertex -14.413933746516705 17.49049499630928 0.6000000000000001
      vertex -13.830766253173351 16.880336247384548 0.6000000000000001
      vertex -14.46331000328064 17.424635000526905 0.6000000000000001
    endloop
  endfacet
  facet normal 0 0 -1
    outer loop
      vertex -14.46331000328064 17.424635000526905 0.6000000000000001
      vertex -13.830766253173351 16.880336247384548 0.6000000000000001
      vertex -13.95661000162363 16.78786499798298 0.6000000000000001
    endloop
  endfacet
  facet normal 0 0 -1
    outer loop
      vertex -14.37227500230074 17.563984997570515 0.6000000000000001
      vertex -13.548349998891354 17.266604997217655 0.6000000000000001
      vertex -13.626636251807213 17.119706250727177 0.6000000000000001
    endloop
  endfacet
  facet normal 0 0 -1
    outer loop
      vertex -14.413933746516705 17.49049499630928 0.6000000000000001
      vertex -13.720775000751019 16.990950003266335 0.6000000000000001
      vertex -13.830766253173351 16.880336247384548 0.6000000000000001
    endloop
  endfacet
  facet normal 0 0 -1
    outer loop
      vertex -14.413933746516705 17.49049499630928 0.6000000000000001
      vertex -13.626636251807213 17.119706250727177 0.6000000000000001
      vertex -13.720775000751019 16.990950003266335 0.6000000000000001
    endloop
  endfacet
  facet normal 0 0 -1
    outer loop
      vertex -14.312109999358654 17.7338550016284 0.6000000000000001
      vertex -13.439335003495216 17.614830002188683 0.6000000000000001
      vertex -13.485916249454021 17.43164625018835 0.6000000000000001
    endloop
  endfacet
  facet normal -0.23164094666703006 0.9728013527062975 0
    outer loop
      vertex -15.26485999673605 18.260920003056526 0.6000000000000001
      vertex -15.12016250193119 18.295374996960163 0.6000000000000001
      vertex -15.12016250193119 18.295374996960163 0
    endloop
  endfacet
  facet normal -0.21742770571063905 0.9760764277398608 0
    outer loop
      vertex -15.12016250193119 18.295374996960163 0.6000000000000001
      vertex -14.955969996750355 18.33195000141859 0.6000000000000001
      vertex -14.955969996750355 18.33195000141859 0
    endloop
  endfacet
  facet normal -0.2144592959574526 0.9767329268420483 0
    outer loop
      vertex -14.955969996750355 18.33195000141859 0.6000000000000001
      vertex -14.759271249175072 18.375138752162457 0.6000000000000001
      vertex -14.759271249175072 18.375138752162457 0
    endloop
  endfacet
  facet normal -0.2311823580953581 0.9729104364254038 0
    outer loop
      vertex -14.759271249175072 18.375138752162457 0.6000000000000001
      vertex -14.582154996693134 18.417225003242493 0.6000000000000001
      vertex -14.582154996693134 18.417225003242493 0
    endloop
  endfacet
  facet normal -0.25177752941722037 0.9677851392125014 0
    outer loop
      vertex -14.582154996693134 18.417225003242493 0.6000000000000001
      vertex -14.424621246755123 18.45820874720812 0.6000000000000001
      vertex -14.424621246755123 18.45820874720812 0
    endloop
  endfacet
  facet normal -0.27772391492136217 0.9606609324213992 0
    outer loop
      vertex -14.286669999361038 18.498089998960495 0.6000000000000001
      vertex -14.286669999361038 18.498089998960495 0
      vertex -14.424621246755123 18.45820874720812 0.6000000000000001
    endloop
  endfacet
  facet normal -0.21742770571063905 0.9760764277398608 0
    outer loop
      vertex -15.12016250193119 18.295374996960163 0.6000000000000001
      vertex -14.955969996750355 18.33195000141859 0
      vertex -15.12016250193119 18.295374996960163 0
    endloop
  endfacet
  facet normal -0.2144592959574526 0.9767329268420483 0
    outer loop
      vertex -14.955969996750355 18.33195000141859 0.6000000000000001
      vertex -14.759271249175072 18.375138752162457 0
      vertex -14.955969996750355 18.33195000141859 0
    endloop
  endfacet
  facet normal -0.2311823580953581 0.9729104364254038 0
    outer loop
      vertex -14.759271249175072 18.375138752162457 0.6000000000000001
      vertex -14.582154996693134 18.417225003242493 0
      vertex -14.759271249175072 18.375138752162457 0
    endloop
  endfacet
  facet normal -0.25177752941722037 0.9677851392125014 0
    outer loop
      vertex -14.582154996693134 18.417225003242493 0.6000000000000001
      vertex -14.424621246755123 18.45820874720812 0
      vertex -14.582154996693134 18.417225003242493 0
    endloop
  endfacet
  facet normal -0.27772391492136217 0.9606609324213992 0
    outer loop
      vertex -14.424621246755123 18.45820874720812 0.6000000000000001
      vertex -14.286669999361038 18.498089998960495 0
      vertex -14.424621246755123 18.45820874720812 0
    endloop
  endfacet
  facet normal 0.03163966565728785 -0.9994993404485543 0
    outer loop
      vertex -15.175659999251366 17.175405003130436 0.6000000000000001
      vertex -15.175659999251366 17.175405003130436 0
      vertex -15.052458748221397 17.179305002093315 0.6000000000000001
    endloop
  endfacet
  facet normal 0.10273398484303903 -0.9947088661303217 0
    outer loop
      vertex -15.052458748221397 17.179305002093315 0.6000000000000001
      vertex -15.052458748221397 17.179305002093315 0
      vertex -14.939175002276897 17.191004998981953 0.6000000000000001
    endloop
  endfacet
  facet normal 0.2804176005350501 -0.9598781012764929 0
    outer loop
      vertex -14.835808746516705 17.21050500124693 0.6000000000000001
      vertex -14.835808746516705 17.21050500124693 0
      vertex -14.74236000329256 17.237805001437664 0.6000000000000001
    endloop
  endfacet
  facet normal 0.1853797241703485 -0.9826669618271114 0
    outer loop
      vertex -14.939175002276897 17.191004998981953 0.6000000000000001
      vertex -14.939175002276897 17.191004998981953 0
      vertex -14.835808746516705 17.21050500124693 0.6000000000000001
    endloop
  endfacet
  facet normal 0.9590113753982173 -0.2833675737568069 0
    outer loop
      vertex -14.312109999358654 17.7338550016284 0.6000000000000001
      vertex -14.338333748281002 17.645104996860027 0.6000000000000001
      vertex -14.338333748281002 17.645104996860027 0
    endloop
  endfacet
  facet normal 0.8699490079771001 -0.4931416870633221 0
    outer loop
      vertex -14.413933746516705 17.49049499630928 0.6000000000000001
      vertex -14.413933746516705 17.49049499630928 0
      vertex -14.37227500230074 17.563984997570515 0.6000000000000001
    endloop
  endfacet
  facet normal 0.8001092665869596 -0.5998542835736672 0
    outer loop
      vertex -14.413933746516705 17.49049499630928 0.6000000000000001
      vertex -14.46331000328064 17.424635000526905 0.6000000000000001
      vertex -14.46331000328064 17.424635000526905 0
    endloop
  endfacet
  facet normal 0.9225056030833693 -0.38598369431854135 0
    outer loop
      vertex -14.338333748281002 17.645104996860027 0.6000000000000001
      vertex -14.37227500230074 17.563984997570515 0.6000000000000001
      vertex -14.37227500230074 17.563984997570515 0
    endloop
  endfacet
  facet normal 0.38739076723404076 -0.9219156108136043 0
    outer loop
      vertex -14.74236000329256 17.237805001437664 0.6000000000000001
      vertex -14.74236000329256 17.237805001437664 0
      vertex -14.658828750252724 17.272904999554157 0.6000000000000001
    endloop
  endfacet
  facet normal 0.5035088841474633 -0.8639900483133914 0
    outer loop
      vertex -14.658828750252724 17.272904999554157 0.6000000000000001
      vertex -14.658828750252724 17.272904999554157 0
      vertex -14.585215002298355 17.31580500304699 0.6000000000000001
    endloop
  endfacet
  facet normal 0.6153888108416697 -0.7882237065014447 0
    outer loop
      vertex -14.585215002298355 17.31580500304699 0.6000000000000001
      vertex -14.585215002298355 17.31580500304699 0
      vertex -14.520403750240803 17.366405002772808 0.6000000000000001
    endloop
  endfacet
  facet normal 0.7140390383358408 -0.7001058860861176 0
    outer loop
      vertex -14.520403750240803 17.366405002772808 0.6000000000000001
      vertex -14.520403750240803 17.366405002772808 0
      vertex -14.46331000328064 17.424635000526905 0.6000000000000001
    endloop
  endfacet
  facet normal 0.03163966565728785 -0.9994993404485543 0
    outer loop
      vertex -15.052458748221397 17.179305002093315 0.6000000000000001
      vertex -15.175659999251366 17.175405003130436 0
      vertex -15.052458748221397 17.179305002093315 0
    endloop
  endfacet
  facet normal 0.10273398484303903 -0.9947088661303217 0
    outer loop
      vertex -14.939175002276897 17.191004998981953 0.6000000000000001
      vertex -15.052458748221397 17.179305002093315 0
      vertex -14.939175002276897 17.191004998981953 0
    endloop
  endfacet
  facet normal 0.2804176005350501 -0.9598781012764929 0
    outer loop
      vertex -14.74236000329256 17.237805001437664 0.6000000000000001
      vertex -14.835808746516705 17.21050500124693 0
      vertex -14.74236000329256 17.237805001437664 0
    endloop
  endfacet
  facet normal 0.1853797241703485 -0.9826669618271114 0
    outer loop
      vertex -14.835808746516705 17.21050500124693 0.6000000000000001
      vertex -14.939175002276897 17.191004998981953 0
      vertex -14.835808746516705 17.21050500124693 0
    endloop
  endfacet
  facet normal 0.9590113753982173 -0.2833675737568069 0
    outer loop
      vertex -14.312109999358654 17.7338550016284 0.6000000000000001
      vertex -14.338333748281002 17.645104996860027 0
      vertex -14.312109999358654 17.7338550016284 0
    endloop
  endfacet
  facet normal 0.9225056030833693 -0.38598369431854135 0
    outer loop
      vertex -14.338333748281002 17.645104996860027 0.6000000000000001
      vertex -14.37227500230074 17.563984997570515 0
      vertex -14.338333748281002 17.645104996860027 0
    endloop
  endfacet
  facet normal 0.8699490079771001 -0.4931416870633221 0
    outer loop
      vertex -14.37227500230074 17.563984997570515 0.6000000000000001
      vertex -14.413933746516705 17.49049499630928 0
      vertex -14.37227500230074 17.563984997570515 0
    endloop
  endfacet
  facet normal 0.8001092665869596 -0.5998542835736672 0
    outer loop
      vertex -14.413933746516705 17.49049499630928 0.6000000000000001
      vertex -14.46331000328064 17.424635000526905 0
      vertex -14.413933746516705 17.49049499630928 0
    endloop
  endfacet
  facet normal 0.7140390383358408 -0.7001058860861176 0
    outer loop
      vertex -14.46331000328064 17.424635000526905 0.6000000000000001
      vertex -14.520403750240803 17.366405002772808 0
      vertex -14.46331000328064 17.424635000526905 0
    endloop
  endfacet
  facet normal 0.38739076723404076 -0.9219156108136043 0
    outer loop
      vertex -14.658828750252724 17.272904999554157 0.6000000000000001
      vertex -14.74236000329256 17.237805001437664 0
      vertex -14.658828750252724 17.272904999554157 0
    endloop
  endfacet
  facet normal 0.5035088841474633 -0.8639900483133914 0
    outer loop
      vertex -14.585215002298355 17.31580500304699 0.6000000000000001
      vertex -14.658828750252724 17.272904999554157 0
      vertex -14.585215002298355 17.31580500304699 0
    endloop
  endfacet
  facet normal 0.6153888108416697 -0.7882237065014447 0
    outer loop
      vertex -14.520403750240803 17.366405002772808 0.6000000000000001
      vertex -14.585215002298355 17.31580500304699 0
      vertex -14.520403750240803 17.366405002772808 0
    endloop
  endfacet
  facet normal -0.3113282964195988 0.9503024212578176 0
    outer loop
      vertex -14.286669999361038 18.498089998960495 0.6000000000000001
      vertex -14.168301247060299 18.53686875104904 0.6000000000000001
      vertex -14.168301247060299 18.53686875104904 0
    endloop
  endfacet
  facet normal -0.3563537313333422 0.9343511214553145 0
    outer loop
      vertex -14.168301247060299 18.53686875104904 0.6000000000000001
      vertex -14.069514997303486 18.57454500347376 0.6000000000000001
      vertex -14.069514997303486 18.57454500347376 0
    endloop
  endfacet
  facet normal -0.3113282964195988 0.9503024212578176 0
    outer loop
      vertex -14.286669999361038 18.498089998960495 0.6000000000000001
      vertex -14.168301247060299 18.53686875104904 0
      vertex -14.286669999361038 18.498089998960495 0
    endloop
  endfacet
  facet normal -0.3563537313333422 0.9343511214553145 0
    outer loop
      vertex -14.168301247060299 18.53686875104904 0.6000000000000001
      vertex -14.069514997303486 18.57454500347376 0
      vertex -14.168301247060299 18.53686875104904 0
    endloop
  endfacet
  facet normal -0.135124603407607 -0.990828613612837 0
    outer loop
      vertex -14.312109999358654 17.7338550016284 0.6000000000000001
      vertex -14.312109999358654 17.7338550016284 0
      vertex -13.439335003495216 17.614830002188683 0.6000000000000001
    endloop
  endfacet
  facet normal -0.9691570258865443 0.24644402848263175 0
    outer loop
      vertex -13.439335003495216 17.614830002188683 0.6000000000000001
      vertex -13.439335003495216 17.614830002188683 0
      vertex -13.485916249454021 17.43164625018835 0.6000000000000001
    endloop
  endfacet
  facet normal -0.8825019304918306 0.47030877376271896 0
    outer loop
      vertex -13.548349998891354 17.266604997217655 0.6000000000000001
      vertex -13.548349998891354 17.266604997217655 0
      vertex -13.626636251807213 17.119706250727177 0.6000000000000001
    endloop
  endfacet
  facet normal -0.8072487987775984 0.5902112984958222 0
    outer loop
      vertex -13.720775000751019 16.990950003266335 0.6000000000000001
      vertex -13.626636251807213 17.119706250727177 0.6000000000000001
      vertex -13.626636251807213 17.119706250727177 0
    endloop
  endfacet
  facet normal -0.9353130637234858 0.3538212441730805 0
    outer loop
      vertex -13.548349998891354 17.266604997217655 0.6000000000000001
      vertex -13.485916249454021 17.43164625018835 0.6000000000000001
      vertex -13.485916249454021 17.43164625018835 0
    endloop
  endfacet
  facet normal -0.135124603407607 -0.990828613612837 0
    outer loop
      vertex -13.439335003495216 17.614830002188683 0.6000000000000001
      vertex -14.312109999358654 17.7338550016284 0
      vertex -13.439335003495216 17.614830002188683 0
    endloop
  endfacet
  facet normal -0.9691570258865443 0.24644402848263175 0
    outer loop
      vertex -13.485916249454021 17.43164625018835 0.6000000000000001
      vertex -13.439335003495216 17.614830002188683 0
      vertex -13.485916249454021 17.43164625018835 0
    endloop
  endfacet
  facet normal -0.8072487987775984 0.5902112984958222 0
    outer loop
      vertex -13.720775000751019 16.990950003266335 0.6000000000000001
      vertex -13.626636251807213 17.119706250727177 0
      vertex -13.720775000751019 16.990950003266335 0
    endloop
  endfacet
  facet normal -0.8825019304918306 0.47030877376271896 0
    outer loop
      vertex -13.626636251807213 17.119706250727177 0.6000000000000001
      vertex -13.548349998891354 17.266604997217655 0
      vertex -13.626636251807213 17.119706250727177 0
    endloop
  endfacet
  facet normal -0.9353130637234858 0.3538212441730805 0
    outer loop
      vertex -13.548349998891354 17.266604997217655 0.6000000000000001
      vertex -13.485916249454021 17.43164625018835 0
      vertex -13.548349998891354 17.266604997217655 0
    endloop
  endfacet
  facet normal 0 0 -1
    outer loop
      vertex -15.175659999251366 17.175405003130436 0.6000000000000001
      vertex -15.052458748221397 17.179305002093315 0.6000000000000001
      vertex -15.157389998435974 16.53762000054121 0.6000000000000001
    endloop
  endfacet
  facet normal 0 0 -1
    outer loop
      vertex -15.052458748221397 17.179305002093315 0.6000000000000001
      vertex -14.939175002276897 17.191004998981953 0.6000000000000001
      vertex -14.901947498321533 16.54457125067711 0.6000000000000001
    endloop
  endfacet
  facet normal 0 0 -1
    outer loop
      vertex -15.052458748221397 17.179305002093315 0.6000000000000001
      vertex -14.901947498321533 16.54457125067711 0.6000000000000001
      vertex -15.157389998435974 16.53762000054121 0.6000000000000001
    endloop
  endfacet
  facet normal 0 0 -1
    outer loop
      vertex -14.939175002276897 17.191004998981953 0.6000000000000001
      vertex -14.835808746516705 17.21050500124693 0.6000000000000001
      vertex -14.668629996478558 16.565425001084805 0.6000000000000001
    endloop
  endfacet
  facet normal 0 0 -1
    outer loop
      vertex -14.835808746516705 17.21050500124693 0.6000000000000001
      vertex -14.74236000329256 17.237805001437664 0.6000000000000001
      vertex -14.668629996478558 16.565425001084805 0.6000000000000001
    endloop
  endfacet
  facet normal 0 0 -1
    outer loop
      vertex -14.939175002276897 17.191004998981953 0.6000000000000001
      vertex -14.668629996478558 16.565425001084805 0.6000000000000001
      vertex -14.901947498321533 16.54457125067711 0.6000000000000001
    endloop
  endfacet
  facet normal 0 0 -1
    outer loop
      vertex -14.74236000329256 17.237805001437664 0.6000000000000001
      vertex -14.457437500357628 16.600181251764297 0.6000000000000001
      vertex -14.668629996478558 16.565425001084805 0.6000000000000001
    endloop
  endfacet
  facet normal 0 0 -1
    outer loop
      vertex -14.658828750252724 17.272904999554157 0.6000000000000001
      vertex -14.268370002508163 16.648840002715588 0.6000000000000001
      vertex -14.457437500357628 16.600181251764297 0.6000000000000001
    endloop
  endfacet
  facet normal 0 0 -1
    outer loop
      vertex -14.585215002298355 17.31580500304699 0.6000000000000001
      vertex -14.101427502930164 16.711401246488094 0.6000000000000001
      vertex -14.268370002508163 16.648840002715588 0.6000000000000001
    endloop
  endfacet
  facet normal 0 0 -1
    outer loop
      vertex -14.520403750240803 17.366405002772808 0.6000000000000001
      vertex -13.95661000162363 16.78786499798298 0.6000000000000001
      vertex -14.101427502930164 16.711401246488094 0.6000000000000001
    endloop
  endfacet
  facet normal -0.027202512406210393 0.9996299431883732 0
    outer loop
      vertex -15.157389998435974 16.53762000054121 0.6000000000000001
      vertex -14.901947498321533 16.54457125067711 0.6000000000000001
      vertex -14.901947498321533 16.54457125067711 0
    endloop
  endfacet
  facet normal -0.08902439508070249 0.9960294458902884 0
    outer loop
      vertex -14.901947498321533 16.54457125067711 0.6000000000000001
      vertex -14.668629996478558 16.565425001084805 0.6000000000000001
      vertex -14.668629996478558 16.565425001084805 0
    endloop
  endfacet
  facet normal -0.24923991438785792 0.9684417716496605 0
    outer loop
      vertex -14.457437500357628 16.600181251764297 0.6000000000000001
      vertex -14.268370002508163 16.648840002715588 0.6000000000000001
      vertex -14.268370002508163 16.648840002715588 0
    endloop
  endfacet
  facet normal -0.16238709311978128 0.9867271314746076 0
    outer loop
      vertex -14.668629996478558 16.565425001084805 0.6000000000000001
      vertex -14.457437500357628 16.600181251764297 0.6000000000000001
      vertex -14.457437500357628 16.600181251764297 0
    endloop
  endfacet
  facet normal -0.027202512406210393 0.9996299431883732 0
    outer loop
      vertex -15.157389998435974 16.53762000054121 0.6000000000000001
      vertex -14.901947498321533 16.54457125067711 0
      vertex -15.157389998435974 16.53762000054121 0
    endloop
  endfacet
  facet normal -0.08902439508070249 0.9960294458902884 0
    outer loop
      vertex -14.901947498321533 16.54457125067711 0.6000000000000001
      vertex -14.668629996478558 16.565425001084805 0
      vertex -14.901947498321533 16.54457125067711 0
    endloop
  endfacet
  facet normal -0.16238709311978128 0.9867271314746076 0
    outer loop
      vertex -14.668629996478558 16.565425001084805 0.6000000000000001
      vertex -14.457437500357628 16.600181251764297 0
      vertex -14.668629996478558 16.565425001084805 0
    endloop
  endfacet
  facet normal -0.24923991438785792 0.9684417716496605 0
    outer loop
      vertex -14.457437500357628 16.600181251764297 0.6000000000000001
      vertex -14.268370002508163 16.648840002715588 0
      vertex -14.457437500357628 16.600181251764297 0
    endloop
  endfacet
  facet normal -0.35091594108890517 0.9364069640331003 0
    outer loop
      vertex -14.268370002508163 16.648840002715588 0.6000000000000001
      vertex -14.101427502930164 16.711401246488094 0.6000000000000001
      vertex -14.101427502930164 16.711401246488094 0
    endloop
  endfacet
  facet normal -0.5921372237887567 0.8058371474458993 0
    outer loop
      vertex -13.830766253173351 16.880336247384548 0.6000000000000001
      vertex -13.830766253173351 16.880336247384548 0
      vertex -13.95661000162363 16.78786499798298 0.6000000000000001
    endloop
  endfacet
  facet normal -0.4669128407354344 0.8843033411428269 0
    outer loop
      vertex -14.101427502930164 16.711401246488094 0.6000000000000001
      vertex -13.95661000162363 16.78786499798298 0.6000000000000001
      vertex -13.95661000162363 16.78786499798298 0
    endloop
  endfacet
  facet normal -0.7090992727757921 0.7051086592496527 0
    outer loop
      vertex -13.720775000751019 16.990950003266335 0.6000000000000001
      vertex -13.720775000751019 16.990950003266335 0
      vertex -13.830766253173351 16.880336247384548 0.6000000000000001
    endloop
  endfacet
  facet normal -0.35091594108890517 0.9364069640331003 0
    outer loop
      vertex -14.268370002508163 16.648840002715588 0.6000000000000001
      vertex -14.101427502930164 16.711401246488094 0
      vertex -14.268370002508163 16.648840002715588 0
    endloop
  endfacet
  facet normal -0.4669128407354344 0.8843033411428269 0
    outer loop
      vertex -14.101427502930164 16.711401246488094 0.6000000000000001
      vertex -13.95661000162363 16.78786499798298 0
      vertex -14.101427502930164 16.711401246488094 0
    endloop
  endfacet
  facet normal -0.7090992727757921 0.7051086592496527 0
    outer loop
      vertex -13.830766253173351 16.880336247384548 0.6000000000000001
      vertex -13.720775000751019 16.990950003266335 0
      vertex -13.830766253173351 16.880336247384548 0
    endloop
  endfacet
  facet normal -0.5921372237887567 0.8058371474458993 0
    outer loop
      vertex -13.95661000162363 16.78786499798298 0.6000000000000001
      vertex -13.830766253173351 16.880336247384548 0
      vertex -13.95661000162363 16.78786499798298 0
    endloop
  endfacet
  facet normal 0 0 -1
    outer loop
      vertex -13.011835001409054 17.297444999217987 0.6000000000000001
      vertex -11.623405002057552 17.297444999217987 0.6000000000000001
      vertex -13.011835001409054 16.601700000464916 0.6000000000000001
    endloop
  endfacet
  facet normal 0 -1 0
    outer loop
      vertex -13.011835001409054 17.297444999217987 0.6000000000000001
      vertex -13.011835001409054 17.297444999217987 0
      vertex -11.623405002057552 17.297444999217987 0.6000000000000001
    endloop
  endfacet
  facet normal 1 0 0
    outer loop
      vertex -13.011835001409054 17.297444999217987 0.6000000000000001
      vertex -13.011835001409054 16.601700000464916 0
      vertex -13.011835001409054 17.297444999217987 0
    endloop
  endfacet
  facet normal 1 0 0
    outer loop
      vertex -11.623405002057552 20.901359997689724 0.6000000000000001
      vertex -11.623405002057552 17.297444999217987 0.6000000000000001
      vertex -11.623405002057552 17.297444999217987 0
    endloop
  endfacet
  facet normal 0 -1 0
    outer loop
      vertex -11.623405002057552 17.297444999217987 0.6000000000000001
      vertex -13.011835001409054 17.297444999217987 0
      vertex -11.623405002057552 17.297444999217987 0
    endloop
  endfacet
  facet normal 1 0 0
    outer loop
      vertex -13.011835001409054 17.297444999217987 0.6000000000000001
      vertex -13.011835001409054 16.601700000464916 0.6000000000000001
      vertex -13.011835001409054 16.601700000464916 0
    endloop
  endfacet
  facet normal 0 1 0
    outer loop
      vertex -13.011835001409054 16.601700000464916 0.6000000000000001
      vertex -9.331644997000694 16.601700000464916 0
      vertex -13.011835001409054 16.601700000464916 0
    endloop
  endfacet
  facet normal 0 0 -1
    outer loop
      vertex -10.723180003464222 20.901359997689724 0.6000000000000001
      vertex -10.723180003464222 17.297444999217987 0.6000000000000001
      vertex -11.623405002057552 17.297444999217987 0.6000000000000001
    endloop
  endfacet
  facet normal 0 0 -1
    outer loop
      vertex -11.623405002057552 17.297444999217987 0.6000000000000001
      vertex -10.723180003464222 17.297444999217987 0.6000000000000001
      vertex -9.331644997000694 16.601700000464916 0.6000000000000001
    endloop
  endfacet
  facet normal 0 0 -1
    outer loop
      vertex -10.723180003464222 17.297444999217987 0.6000000000000001
      vertex -9.331644997000694 17.297444999217987 0.6000000000000001
      vertex -9.331644997000694 16.601700000464916 0.6000000000000001
    endloop
  endfacet
  facet normal -1 0 0
    outer loop
      vertex -10.723180003464222 17.297444999217987 0.6000000000000001
      vertex -10.723180003464222 20.901359997689724 0
      vertex -10.723180003464222 17.297444999217987 0
    endloop
  endfacet
  facet normal 0 -1 0
    outer loop
      vertex -10.723180003464222 17.297444999217987 0.6000000000000001
      vertex -10.723180003464222 17.297444999217987 0
      vertex -9.331644997000694 17.297444999217987 0.6000000000000001
    endloop
  endfacet
  facet normal 0 -1 0
    outer loop
      vertex -9.331644997000694 17.297444999217987 0.6000000000000001
      vertex -10.723180003464222 17.297444999217987 0
      vertex -9.331644997000694 17.297444999217987 0
    endloop
  endfacet
  facet normal 0 0 -1
    outer loop
      vertex -13.011835001409054 16.601700000464916 0.6000000000000001
      vertex -11.623405002057552 17.297444999217987 0.6000000000000001
      vertex -9.331644997000694 16.601700000464916 0.6000000000000001
    endloop
  endfacet
  facet normal 0 1 0
    outer loop
      vertex -13.011835001409054 16.601700000464916 0.6000000000000001
      vertex -9.331644997000694 16.601700000464916 0.6000000000000001
      vertex -9.331644997000694 16.601700000464916 0
    endloop
  endfacet
  facet normal 0 0 -1
    outer loop
      vertex -9.572530001401901 20.901359997689724 0.6000000000000001
      vertex -7.717157498002052 18.03745874762535 0.6000000000000001
      vertex -8.004009999334812 16.601700000464916 0.6000000000000001
    endloop
  endfacet
  facet normal 0 0 -1
    outer loop
      vertex -7.717157498002052 18.03745874762535 0.6000000000000001
      vertex -7.641884997487068 17.81520500034094 0.6000000000000001
      vertex -8.004009999334812 16.601700000464916 0.6000000000000001
    endloop
  endfacet
  facet normal 0 0 -1
    outer loop
      vertex -7.641884997487068 17.81520500034094 0.6000000000000001
      vertex -7.591027498245239 17.66313874721527 0.6000000000000001
      vertex -8.004009999334812 16.601700000464916 0.6000000000000001
    endloop
  endfacet
  facet normal 0 0 -1
    outer loop
      vertex -7.591027498245239 17.66313874721527 0.6000000000000001
      vertex -7.5645850002765656 17.58126000314951 0.6000000000000001
      vertex -8.004009999334812 16.601700000464916 0.6000000000000001
    endloop
  endfacet
  facet normal 0 0 -1
    outer loop
      vertex -7.5645850002765656 17.58126000314951 0.6000000000000001
      vertex -7.550687499344349 17.5353212505579 0.6000000000000001
      vertex -8.004009999334812 16.601700000464916 0.6000000000000001
    endloop
  endfacet
  facet normal 0 0 -1
    outer loop
      vertex -7.550687499344349 17.5353212505579 0.6000000000000001
      vertex -7.537464998662472 17.49107500165701 0.6000000000000001
      vertex -8.004009999334812 16.601700000464916 0.6000000000000001
    endloop
  endfacet
  facet normal 0 0 -1
    outer loop
      vertex -7.537464998662472 17.49107500165701 0.6000000000000001
      vertex -7.524917498230934 17.448521248996258 0.6000000000000001
      vertex -8.004009999334812 16.601700000464916 0.6000000000000001
    endloop
  endfacet
  facet normal 0 0 -1
    outer loop
      vertex -7.524917498230934 17.448521248996258 0.6000000000000001
      vertex -7.513044998049736 17.407660000026226 0.6000000000000001
      vertex -8.004009999334812 16.601700000464916 0.6000000000000001
    endloop
  endfacet
  facet normal 0 0 -1
    outer loop
      vertex -7.513044998049736 17.407660000026226 0.6000000000000001
      vertex -7.501847498118877 17.368491247296333 0.6000000000000001
      vertex -8.004009999334812 16.601700000464916 0.6000000000000001
    endloop
  endfacet
  facet normal 0 0 -1
    outer loop
      vertex -7.501847498118877 17.368491247296333 0.6000000000000001
      vertex -7.491324998438358 17.33101499825716 0.6000000000000001
      vertex -8.004009999334812 16.601700000464916 0.6000000000000001
    endloop
  endfacet
  facet normal 0 0 -1
    outer loop
      vertex -7.491324998438358 17.33101499825716 0.6000000000000001
      vertex -7.473054997622967 17.263875000178814 0.6000000000000001
      vertex -8.004009999334812 16.601700000464916 0.6000000000000001
    endloop
  endfacet
  facet normal -1 0 0
    outer loop
      vertex -9.331644997000694 17.297444999217987 0.6000000000000001
      vertex -9.331644997000694 17.297444999217987 0
      vertex -9.331644997000694 16.601700000464916 0.6000000000000001
    endloop
  endfacet
  facet normal 0.9394415530161737 0.34270916017311187 8.085830376676006e-17
    outer loop
      vertex -9.572530001401901 20.901359997689724 0.6000000000000001
      vertex -8.004009999334812 16.601700000464916 0.6000000000000001
      vertex -8.004009999334812 16.601700000464916 0
    endloop
  endfacet
  facet normal -0.9465184700867679 -0.3226496331697963 0
    outer loop
      vertex -7.816844999790192 18.32989999651909 0.6000000000000001
      vertex -7.816844999790192 18.32989999651909 0
      vertex -7.717157498002052 18.03745874762535 0.6000000000000001
    endloop
  endfacet
  facet normal -0.9471536323723133 -0.32078029347815745 0
    outer loop
      vertex -7.717157498002052 18.03745874762535 0.6000000000000001
      vertex -7.717157498002052 18.03745874762535 0
      vertex -7.641884997487068 17.81520500034094 0.6000000000000001
    endloop
  endfacet
  facet normal -0.9461277824022892 -0.32379348258809415 0
    outer loop
      vertex -7.816844999790192 18.32989999651909 0.6000000000000001
      vertex -7.940947502851486 18.692528747022152 0
      vertex -7.816844999790192 18.32989999651909 0
    endloop
  endfacet
  facet normal -0.9465184700867679 -0.3226496331697963 0
    outer loop
      vertex -7.717157498002052 18.03745874762535 0.6000000000000001
      vertex -7.816844999790192 18.32989999651909 0
      vertex -7.717157498002052 18.03745874762535 0
    endloop
  endfacet
  facet normal -0.9471536323723133 -0.32078029347815745 0
    outer loop
      vertex -7.641884997487068 17.81520500034094 0.6000000000000001
      vertex -7.717157498002052 18.03745874762535 0
      vertex -7.641884997487068 17.81520500034094 0
    endloop
  endfacet
  facet normal -0.9483671038123453 -0.31717477265158406 0
    outer loop
      vertex -7.641884997487068 17.81520500034094 0.6000000000000001
      vertex -7.641884997487068 17.81520500034094 0
      vertex -7.591027498245239 17.66313874721527 0.6000000000000001
    endloop
  endfacet
  facet normal -0.9483671038123453 -0.31717477265158406 0
    outer loop
      vertex -7.591027498245239 17.66313874721527 0.6000000000000001
      vertex -7.641884997487068 17.81520500034094 0
      vertex -7.591027498245239 17.66313874721527 0
    endloop
  endfacet
  facet normal -1 0 0
    outer loop
      vertex -9.331644997000694 16.601700000464916 0.6000000000000001
      vertex -9.331644997000694 17.297444999217987 0
      vertex -9.331644997000694 16.601700000464916 0
    endloop
  endfacet
  facet normal 0 1 0
    outer loop
      vertex -8.004009999334812 16.601700000464916 0.6000000000000001
      vertex -6.9420550018548965 16.601700000464916 0
      vertex -8.004009999334812 16.601700000464916 0
    endloop
  endfacet
  facet normal 0 0 -1
    outer loop
      vertex -6.270700000226498 20.901359997689724 0.6000000000000001
      vertex -5.3796550035476685 20.901359997689724 0.6000000000000001
      vertex -6.652165003120899 19.802775003015995 0.6000000000000001
    endloop
  endfacet
  facet normal 0 -1 0
    outer loop
      vertex -6.270700000226498 20.901359997689724 0.6000000000000001
      vertex -6.270700000226498 20.901359997689724 0
      vertex -5.3796550035476685 20.901359997689724 0.6000000000000001
    endloop
  endfacet
  facet normal 0.9446704988178 -0.3280208052293774 0
    outer loop
      vertex -6.270700000226498 20.901359997689724 0.6000000000000001
      vertex -6.652165003120899 19.802775003015995 0.6000000000000001
      vertex -6.652165003120899 19.802775003015995 0
    endloop
  endfacet
  facet normal 0.9446704988178 -0.3280208052293774 0
    outer loop
      vertex -6.270700000226498 20.901359997689724 0.6000000000000001
      vertex -6.652165003120899 19.802775003015995 0
      vertex -6.270700000226498 20.901359997689724 0
    endloop
  endfacet
  facet normal 0 0 -1
    outer loop
      vertex -8.089464999735355 19.12534499913454 0.6000000000000001
      vertex -6.652165003120899 19.802775003015995 0.6000000000000001
      vertex -6.853584997355938 19.12534499913454 0.6000000000000001
    endloop
  endfacet
  facet normal 0 0 -1
    outer loop
      vertex -6.652165003120899 19.802775003015995 0.6000000000000001
      vertex -5.3796550035476685 20.901359997689724 0.6000000000000001
      vertex -6.853584997355938 19.12534499913454 0.6000000000000001
    endloop
  endfacet
  facet normal 0 0 -1
    outer loop
      vertex -6.853584997355938 19.12534499913454 0.6000000000000001
      vertex -5.3796550035476685 20.901359997689724 0.6000000000000001
      vertex -6.9420550018548965 16.601700000464916 0.6000000000000001
    endloop
  endfacet
  facet normal 0 -1 0
    outer loop
      vertex -6.652165003120899 19.802775003015995 0.6000000000000001
      vertex -8.29083999991417 19.802775003015995 0
      vertex -6.652165003120899 19.802775003015995 0
    endloop
  endfacet
  facet normal 0 1 0
    outer loop
      vertex -8.089464999735355 19.12534499913454 0.6000000000000001
      vertex -6.853584997355938 19.12534499913454 0.6000000000000001
      vertex -6.853584997355938 19.12534499913454 0
    endloop
  endfacet
  facet normal 0.9458426550408625 -0.32462543323845094 0
    outer loop
      vertex -6.853584997355938 19.12534499913454 0.6000000000000001
      vertex -7.277754999697208 17.889464996755123 0
      vertex -6.853584997355938 19.12534499913454 0
    endloop
  endfacet
  facet normal -0.939871517720478 0.34152822749782386 0
    outer loop
      vertex -5.3796550035476685 20.901359997689724 0.6000000000000001
      vertex -5.3796550035476685 20.901359997689724 0
      vertex -6.9420550018548965 16.601700000464916 0.6000000000000001
    endloop
  endfacet
  facet normal 0 -1 0
    outer loop
      vertex -5.3796550035476685 20.901359997689724 0.6000000000000001
      vertex -6.270700000226498 20.901359997689724 0
      vertex -5.3796550035476685 20.901359997689724 0
    endloop
  endfacet
  facet normal 0 -1 0
    outer loop
      vertex -4.219824999570847 20.901359997689724 0.6000000000000001
      vertex -4.219824999570847 20.901359997689724 0
      vertex -3.319600000977516 20.901359997689724 0.6000000000000001
    endloop
  endfacet
  facet normal 0 0 -1
    outer loop
      vertex -4.219824999570847 20.901359997689724 0.6000000000000001
      vertex -3.319600000977516 20.901359997689724 0.6000000000000001
      vertex -4.219824999570847 17.297444999217987 0.6000000000000001
    endloop
  endfacet
  facet normal 1 0 0
    outer loop
      vertex -4.219824999570847 20.901359997689724 0.6000000000000001
      vertex -4.219824999570847 17.297444999217987 0
      vertex -4.219824999570847 20.901359997689724 0
    endloop
  endfacet
  facet normal 0 -1 0
    outer loop
      vertex -3.319600000977516 20.901359997689724 0.6000000000000001
      vertex -4.219824999570847 20.901359997689724 0
      vertex -3.319600000977516 20.901359997689724 0
    endloop
  endfacet
  facet normal -1 0 0
    outer loop
      vertex -3.319600000977516 20.901359997689724 0.6000000000000001
      vertex -3.319600000977516 20.901359997689724 0
      vertex -3.319600000977516 17.297444999217987 0.6000000000000001
    endloop
  endfacet
  facet normal 0 -1 0
    outer loop
      vertex -1.4426499977707863 20.901359997689724 0.6000000000000001
      vertex -1.4426499977707863 20.901359997689724 0
      vertex -0.5424249991774559 20.901359997689724 0.6000000000000001
    endloop
  endfacet
  facet normal 0 -1 0
    outer loop
      vertex -0.5424249991774559 20.901359997689724 0.6000000000000001
      vertex -1.4426499977707863 20.901359997689724 0
      vertex -0.5424249991774559 20.901359997689724 0
    endloop
  endfacet
  facet normal 0 0 -1
    outer loop
      vertex -1.4426499977707863 20.901359997689724 0.6000000000000001
      vertex -0.5424249991774559 20.901359997689724 0.6000000000000001
      vertex -0.5424249991774559 16.601700000464916 0.6000000000000001
    endloop
  endfacet
  facet normal 1 0 0
    outer loop
      vertex -1.4426499977707863 20.901359997689724 0.6000000000000001
      vertex -1.4426499977707863 16.601700000464916 0
      vertex -1.4426499977707863 20.901359997689724 0
    endloop
  endfacet
  facet normal -1 0 0
    outer loop
      vertex -0.5424249991774559 20.901359997689724 0.6000000000000001
      vertex -0.5424249991774559 20.901359997689724 0
      vertex -0.5424249991774559 16.601700000464916 0.6000000000000001
    endloop
  endfacet
  facet normal 0 0 -1
    outer loop
      vertex -6.853584997355938 19.12534499913454 0.6000000000000001
      vertex -6.9420550018548965 16.601700000464916 0.6000000000000001
      vertex -7.277754999697208 17.889464996755123 0.6000000000000001
    endloop
  endfacet
  facet normal 0 0 -1
    outer loop
      vertex -7.277754999697208 17.889464996755123 0.6000000000000001
      vertex -6.9420550018548965 16.601700000464916 0.6000000000000001
      vertex -7.408930003643036 17.474474996328354 0.6000000000000001
    endloop
  endfacet
  facet normal 0 0 -1
    outer loop
      vertex -7.408930003643036 17.474474996328354 0.6000000000000001
      vertex -6.9420550018548965 16.601700000464916 0.6000000000000001
      vertex -7.473054997622967 17.263875000178814 0.6000000000000001
    endloop
  endfacet
  facet normal 0.9458426550408625 -0.32462543323845094 0
    outer loop
      vertex -6.853584997355938 19.12534499913454 0.6000000000000001
      vertex -7.277754999697208 17.889464996755123 0.6000000000000001
      vertex -7.277754999697208 17.889464996755123 0
    endloop
  endfacet
  facet normal -0.9516066939858541 -0.30731856429658344 0
    outer loop
      vertex -7.591027498245239 17.66313874721527 0.6000000000000001
      vertex -7.591027498245239 17.66313874721527 0
      vertex -7.5645850002765656 17.58126000314951 0.6000000000000001
    endloop
  endfacet
  facet normal 0.9534998071482599 -0.3013936259581995 0
    outer loop
      vertex -7.277754999697208 17.889464996755123 0.6000000000000001
      vertex -7.408930003643036 17.474474996328354 0.6000000000000001
      vertex -7.408930003643036 17.474474996328354 0
    endloop
  endfacet
  facet normal -0.9571592316594446 -0.2895620922170259 0
    outer loop
      vertex -7.5645850002765656 17.58126000314951 0.6000000000000001
      vertex -7.5645850002765656 17.58126000314951 0
      vertex -7.550687499344349 17.5353212505579 0.6000000000000001
    endloop
  endfacet
  facet normal -0.9581319285555762 -0.28632709875660056 0
    outer loop
      vertex -7.550687499344349 17.5353212505579 0.6000000000000001
      vertex -7.550687499344349 17.5353212505579 0
      vertex -7.537464998662472 17.49107500165701 0.6000000000000001
    endloop
  endfacet
  facet normal -0.9591719097198883 -0.28282370410611335 0
    outer loop
      vertex -7.537464998662472 17.49107500165701 0.6000000000000001
      vertex -7.537464998662472 17.49107500165701 0
      vertex -7.524917498230934 17.448521248996258 0.6000000000000001
    endloop
  endfacet
  facet normal -0.960286067109175 -0.2790173279851865 0
    outer loop
      vertex -7.524917498230934 17.448521248996258 0.6000000000000001
      vertex -7.524917498230934 17.448521248996258 0
      vertex -7.513044998049736 17.407660000026226 0.6000000000000001
    endloop
  endfacet
  facet normal 0.9566367455601118 -0.29128360242924367 0
    outer loop
      vertex -7.408930003643036 17.474474996328354 0.6000000000000001
      vertex -7.473054997622967 17.263875000178814 0.6000000000000001
      vertex -7.408930003643036 17.474474996328354 0
    endloop
  endfacet
  facet normal -0.9614822581977868 -0.27486699905751594 0
    outer loop
      vertex -7.513044998049736 17.407660000026226 0.6000000000000001
      vertex -7.513044998049736 17.407660000026226 0
      vertex -7.501847498118877 17.368491247296333 0.6000000000000001
    endloop
  endfacet
  facet normal -0.9627693309060137 -0.27032427835247524 0
    outer loop
      vertex -7.501847498118877 17.368491247296333 0.6000000000000001
      vertex -7.501847498118877 17.368491247296333 0
      vertex -7.491324998438358 17.33101499825716 0.6000000000000001
    endloop
  endfacet
  facet normal -0.9649129052752766 -0.26257015297482933 0
    outer loop
      vertex -7.491324998438358 17.33101499825716 0.6000000000000001
      vertex -7.491324998438358 17.33101499825716 0
      vertex -7.473054997622967 17.263875000178814 0.6000000000000001
    endloop
  endfacet
  facet normal -0.9516066939858541 -0.30731856429658344 0
    outer loop
      vertex -7.5645850002765656 17.58126000314951 0.6000000000000001
      vertex -7.591027498245239 17.66313874721527 0
      vertex -7.5645850002765656 17.58126000314951 0
    endloop
  endfacet
  facet normal -0.9571592316594446 -0.2895620922170259 0
    outer loop
      vertex -7.550687499344349 17.5353212505579 0.6000000000000001
      vertex -7.5645850002765656 17.58126000314951 0
      vertex -7.550687499344349 17.5353212505579 0
    endloop
  endfacet
  facet normal -0.9581319285555762 -0.28632709875660056 0
    outer loop
      vertex -7.537464998662472 17.49107500165701 0.6000000000000001
      vertex -7.550687499344349 17.5353212505579 0
      vertex -7.537464998662472 17.49107500165701 0
    endloop
  endfacet
  facet normal -0.9591719097198883 -0.28282370410611335 0
    outer loop
      vertex -7.524917498230934 17.448521248996258 0.6000000000000001
      vertex -7.537464998662472 17.49107500165701 0
      vertex -7.524917498230934 17.448521248996258 0
    endloop
  endfacet
  facet normal -0.960286067109175 -0.2790173279851865 0
    outer loop
      vertex -7.513044998049736 17.407660000026226 0.6000000000000001
      vertex -7.524917498230934 17.448521248996258 0
      vertex -7.513044998049736 17.407660000026226 0
    endloop
  endfacet
  facet normal 0.9534998071482599 -0.3013936259581995 0
    outer loop
      vertex -7.277754999697208 17.889464996755123 0.6000000000000001
      vertex -7.408930003643036 17.474474996328354 0
      vertex -7.277754999697208 17.889464996755123 0
    endloop
  endfacet
  facet normal -0.9614822581977868 -0.27486699905751594 0
    outer loop
      vertex -7.501847498118877 17.368491247296333 0.6000000000000001
      vertex -7.513044998049736 17.407660000026226 0
      vertex -7.501847498118877 17.368491247296333 0
    endloop
  endfacet
  facet normal -0.9627693309060137 -0.27032427835247524 0
    outer loop
      vertex -7.491324998438358 17.33101499825716 0.6000000000000001
      vertex -7.501847498118877 17.368491247296333 0
      vertex -7.491324998438358 17.33101499825716 0
    endloop
  endfacet
  facet normal 0.9566367455601118 -0.29128360242924367 0
    outer loop
      vertex -7.473054997622967 17.263875000178814 0.6000000000000001
      vertex -7.473054997622967 17.263875000178814 0
      vertex -7.408930003643036 17.474474996328354 0
    endloop
  endfacet
  facet normal -0.9649129052752766 -0.26257015297482933 0
    outer loop
      vertex -7.473054997622967 17.263875000178814 0.6000000000000001
      vertex -7.491324998438358 17.33101499825716 0
      vertex -7.473054997622967 17.263875000178814 0
    endloop
  endfacet
  facet normal -0.939871517720478 0.34152822749782386 0
    outer loop
      vertex -6.9420550018548965 16.601700000464916 0.6000000000000001
      vertex -5.3796550035476685 20.901359997689724 0
      vertex -6.9420550018548965 16.601700000464916 0
    endloop
  endfacet
  facet normal 0 0 -1
    outer loop
      vertex -7.473054997622967 17.263875000178814 0.6000000000000001
      vertex -6.9420550018548965 16.601700000464916 0.6000000000000001
      vertex -8.004009999334812 16.601700000464916 0.6000000000000001
    endloop
  endfacet
  facet normal 0 1 0
    outer loop
      vertex -8.004009999334812 16.601700000464916 0.6000000000000001
      vertex -6.9420550018548965 16.601700000464916 0.6000000000000001
      vertex -6.9420550018548965 16.601700000464916 0
    endloop
  endfacet
  facet normal 0 0 -1
    outer loop
      vertex -5.608254998922348 17.297444999217987 0.6000000000000001
      vertex -4.219824999570847 17.297444999217987 0.6000000000000001
      vertex -5.608254998922348 16.601700000464916 0.6000000000000001
    endloop
  endfacet
  facet normal 0 -1 0
    outer loop
      vertex -5.608254998922348 17.297444999217987 0.6000000000000001
      vertex -5.608254998922348 17.297444999217987 0
      vertex -4.219824999570847 17.297444999217987 0.6000000000000001
    endloop
  endfacet
  facet normal 1 0 0
    outer loop
      vertex -5.608254998922348 17.297444999217987 0.6000000000000001
      vertex -5.608254998922348 16.601700000464916 0
      vertex -5.608254998922348 17.297444999217987 0
    endloop
  endfacet
  facet normal 1 0 0
    outer loop
      vertex -4.219824999570847 20.901359997689724 0.6000000000000001
      vertex -4.219824999570847 17.297444999217987 0.6000000000000001
      vertex -4.219824999570847 17.297444999217987 0
    endloop
  endfacet
  facet normal 0 -1 0
    outer loop
      vertex -4.219824999570847 17.297444999217987 0.6000000000000001
      vertex -5.608254998922348 17.297444999217987 0
      vertex -4.219824999570847 17.297444999217987 0
    endloop
  endfacet
  facet normal 0 0 -1
    outer loop
      vertex -4.219824999570847 17.297444999217987 0.6000000000000001
      vertex -1.928065001964569 16.601700000464916 0.6000000000000001
      vertex -5.608254998922348 16.601700000464916 0.6000000000000001
    endloop
  endfacet
  facet normal 1 0 0
    outer loop
      vertex -5.608254998922348 17.297444999217987 0.6000000000000001
      vertex -5.608254998922348 16.601700000464916 0.6000000000000001
      vertex -5.608254998922348 16.601700000464916 0
    endloop
  endfacet
  facet normal 0 1 0
    outer loop
      vertex -5.608254998922348 16.601700000464916 0.6000000000000001
      vertex -1.928065001964569 16.601700000464916 0
      vertex -5.608254998922348 16.601700000464916 0
    endloop
  endfacet
  facet normal 0 0 -1
    outer loop
      vertex -4.219824999570847 17.297444999217987 0.6000000000000001
      vertex -3.319600000977516 20.901359997689724 0.6000000000000001
      vertex -3.319600000977516 17.297444999217987 0.6000000000000001
    endloop
  endfacet
  facet normal 0 0 -1
    outer loop
      vertex -4.219824999570847 17.297444999217987 0.6000000000000001
      vertex -3.319600000977516 17.297444999217987 0.6000000000000001
      vertex -1.928065001964569 16.601700000464916 0.6000000000000001
    endloop
  endfacet
  facet normal 0 0 -1
    outer loop
      vertex -3.319600000977516 17.297444999217987 0.6000000000000001
      vertex -1.928065001964569 17.297444999217987 0.6000000000000001
      vertex -1.928065001964569 16.601700000464916 0.6000000000000001
    endloop
  endfacet
  facet normal -1 0 0
    outer loop
      vertex -3.319600000977516 17.297444999217987 0.6000000000000001
      vertex -3.319600000977516 20.901359997689724 0
      vertex -3.319600000977516 17.297444999217987 0
    endloop
  endfacet
  facet normal 0 -1 0
    outer loop
      vertex -3.319600000977516 17.297444999217987 0.6000000000000001
      vertex -3.319600000977516 17.297444999217987 0
      vertex -1.928065001964569 17.297444999217987 0.6000000000000001
    endloop
  endfacet
  facet normal -1 0 0
    outer loop
      vertex -1.928065001964569 17.297444999217987 0.6000000000000001
      vertex -1.928065001964569 17.297444999217987 0
      vertex -1.928065001964569 16.601700000464916 0.6000000000000001
    endloop
  endfacet
  facet normal 0 -1 0
    outer loop
      vertex -1.928065001964569 17.297444999217987 0.6000000000000001
      vertex -3.319600000977516 17.297444999217987 0
      vertex -1.928065001964569 17.297444999217987 0
    endloop
  endfacet
  facet normal 0 1 0
    outer loop
      vertex -5.608254998922348 16.601700000464916 0.6000000000000001
      vertex -1.928065001964569 16.601700000464916 0.6000000000000001
      vertex -1.928065001964569 16.601700000464916 0
    endloop
  endfacet
  facet normal -1 0 0
    outer loop
      vertex -1.928065001964569 16.601700000464916 0.6000000000000001
      vertex -1.928065001964569 17.297444999217987 0
      vertex -1.928065001964569 16.601700000464916 0
    endloop
  endfacet
  facet normal 0 0 -1
    outer loop
      vertex -1.4426499977707863 20.901359997689724 0.6000000000000001
      vertex -0.5424249991774559 16.601700000464916 0.6000000000000001
      vertex -1.4426499977707863 16.601700000464916 0.6000000000000001
    endloop
  endfacet
  facet normal 1 0 0
    outer loop
      vertex -1.4426499977707863 20.901359997689724 0.6000000000000001
      vertex -1.4426499977707863 16.601700000464916 0.6000000000000001
      vertex -1.4426499977707863 16.601700000464916 0
    endloop
  endfacet
  facet normal -1 0 0
    outer loop
      vertex -0.5424249991774559 16.601700000464916 0.6000000000000001
      vertex -0.5424249991774559 20.901359997689724 0
      vertex -0.5424249991774559 16.601700000464916 0
    endloop
  endfacet
  facet normal 0 1 0
    outer loop
      vertex -1.4426499977707863 16.601700000464916 0.6000000000000001
      vertex -0.5424249991774559 16.601700000464916 0
      vertex -1.4426499977707863 16.601700000464916 0
    endloop
  endfacet
  facet normal 0 1 0
    outer loop
      vertex -1.4426499977707863 16.601700000464916 0.6000000000000001
      vertex -0.5424249991774559 16.601700000464916 0.6000000000000001
      vertex -0.5424249991774559 16.601700000464916 0
    endloop
  endfacet
  facet normal 0 0 -1
    outer loop
      vertex 1.139454998075962 20.697240002453327 0.6000000000000001
      vertex 1.3920124992728233 20.813238747417927 0.6000000000000001
      vertex 1.6276950016617775 20.0733800008893 0.6000000000000001
    endloop
  endfacet
  facet normal 0 0 -1
    outer loop
      vertex 0.9112225025892258 20.548098750412464 0.6000000000000001
      vertex 1.139454998075962 20.697240002453327 0.6000000000000001
      vertex 1.4948287531733513 19.971533752977848 0.6000000000000001
    endloop
  endfacet
  facet normal 0 0 -1
    outer loop
      vertex 0.9112225025892258 20.548098750412464 0.6000000000000001
      vertex 1.375610001385212 19.84705500304699 0.6000000000000001
      vertex 0.7073149979114532 20.36581499874592 0.6000000000000001
    endloop
  endfacet
  facet normal 0 0 -1
    outer loop
      vertex 0.9112225025892258 20.548098750412464 0.6000000000000001
      vertex 1.4948287531733513 19.971533752977848 0.6000000000000001
      vertex 1.375610001385212 19.84705500304699 0.6000000000000001
    endloop
  endfacet
  facet normal 0 0 -1
    outer loop
      vertex 1.139454998075962 20.697240002453327 0.6000000000000001
      vertex 1.6276950016617775 20.0733800008893 0.6000000000000001
      vertex 1.4948287531733513 19.971533752977848 0.6000000000000001
    endloop
  endfacet
  facet normal 0 0 -1
    outer loop
      vertex 1.3920124992728233 20.813238747417927 0.6000000000000001
      vertex 1.668894998729229 20.896095000207424 0.6000000000000001
      vertex 1.7742087468504906 20.15259374678135 0.6000000000000001
    endloop
  endfacet
  facet normal 0 0 -1
    outer loop
      vertex 1.668894998729229 20.896095000207424 0.6000000000000001
      vertex 1.970102496445179 20.94580875337124 0.6000000000000001
      vertex 1.9343700036406517 20.209174998104572 0.6000000000000001
    endloop
  endfacet
  facet normal 0 0 -1
    outer loop
      vertex 1.3920124992728233 20.813238747417927 0.6000000000000001
      vertex 1.7742087468504906 20.15259374678135 0.6000000000000001
      vertex 1.6276950016617775 20.0733800008893 0.6000000000000001
    endloop
  endfacet
  facet normal 0 0 -1
    outer loop
      vertex 1.668894998729229 20.896095000207424 0.6000000000000001
      vertex 1.9343700036406517 20.209174998104572 0.6000000000000001
      vertex 1.7742087468504906 20.15259374678135 0.6000000000000001
    endloop
  endfacet
  facet normal 0.7684979691815078 -0.6398522261928127 0
    outer loop
      vertex 0.5315487533807755 20.15471000224352 0.6000000000000001
      vertex 0.5315487533807755 20.15471000224352 0
      vertex 0.7073149979114532 20.36581499874592 0.6000000000000001
    endloop
  endfacet
  facet normal 0.6664702941989095 -0.745531586822731 0
    outer loop
      vertex 0.9112225025892258 20.548098750412464 0.6000000000000001
      vertex 0.7073149979114532 20.36581499874592 0.6000000000000001
      vertex 0.7073149979114532 20.36581499874592 0
    endloop
  endfacet
  facet normal 0.7684979691815078 -0.6398522261928127 0
    outer loop
      vertex 0.7073149979114532 20.36581499874592 0.6000000000000001
      vertex 0.5315487533807755 20.15471000224352 0
      vertex 0.7073149979114532 20.36581499874592 0
    endloop
  endfacet
  facet normal 0.6664702941989095 -0.745531586822731 0
    outer loop
      vertex 0.9112225025892258 20.548098750412464 0.6000000000000001
      vertex 0.7073149979114532 20.36581499874592 0
      vertex 0.9112225025892258 20.548098750412464 0
    endloop
  endfacet
  facet normal 0.16284507211959456 -0.98665165204664 0
    outer loop
      vertex 1.668894998729229 20.896095000207424 0.6000000000000001
      vertex 1.668894998729229 20.896095000207424 0
      vertex 1.970102496445179 20.94580875337124 0.6000000000000001
    endloop
  endfacet
  facet normal 0.16284507211959456 -0.98665165204664 0
    outer loop
      vertex 1.970102496445179 20.94580875337124 0.6000000000000001
      vertex 1.668894998729229 20.896095000207424 0
      vertex 1.970102496445179 20.94580875337124 0
    endloop
  endfacet
  facet normal 0.5470240412897077 -0.8371168964075903 0
    outer loop
      vertex 0.9112225025892258 20.548098750412464 0.6000000000000001
      vertex 0.9112225025892258 20.548098750412464 0
      vertex 1.139454998075962 20.697240002453327 0.6000000000000001
    endloop
  endfacet
  facet normal 0.4173778003267377 -0.9087330586010469 0
    outer loop
      vertex 1.139454998075962 20.697240002453327 0.6000000000000001
      vertex 1.139454998075962 20.697240002453327 0
      vertex 1.3920124992728233 20.813238747417927 0.6000000000000001
    endloop
  endfacet
  facet normal 0.28668597459311096 -0.958024609272433 0
    outer loop
      vertex 1.3920124992728233 20.813238747417927 0.6000000000000001
      vertex 1.3920124992728233 20.813238747417927 0
      vertex 1.668894998729229 20.896095000207424 0.6000000000000001
    endloop
  endfacet
  facet normal -0.4755966102045418 0.8796634949581283 0
    outer loop
      vertex 1.6276950016617775 20.0733800008893 0.6000000000000001
      vertex 1.7742087468504906 20.15259374678135 0.6000000000000001
      vertex 1.7742087468504906 20.15259374678135 0
    endloop
  endfacet
  facet normal -0.33310147972260257 0.9428909821430113 0
    outer loop
      vertex 1.7742087468504906 20.15259374678135 0.6000000000000001
      vertex 1.9343700036406517 20.209174998104572 0.6000000000000001
      vertex 1.9343700036406517 20.209174998104572 0
    endloop
  endfacet
  facet normal 0.5470240412897077 -0.8371168964075903 0
    outer loop
      vertex 1.139454998075962 20.697240002453327 0.6000000000000001
      vertex 0.9112225025892258 20.548098750412464 0
      vertex 1.139454998075962 20.697240002453327 0
    endloop
  endfacet
  facet normal 0.4173778003267377 -0.9087330586010469 0
    outer loop
      vertex 1.3920124992728233 20.813238747417927 0.6000000000000001
      vertex 1.139454998075962 20.697240002453327 0
      vertex 1.3920124992728233 20.813238747417927 0
    endloop
  endfacet
  facet normal 0.28668597459311096 -0.958024609272433 0
    outer loop
      vertex 1.668894998729229 20.896095000207424 0.6000000000000001
      vertex 1.3920124992728233 20.813238747417927 0
      vertex 1.668894998729229 20.896095000207424 0
    endloop
  endfacet
  facet normal -0.33310147972260257 0.9428909821430113 0
    outer loop
      vertex 1.7742087468504906 20.15259374678135 0.6000000000000001
      vertex 1.9343700036406517 20.209174998104572 0
      vertex 1.7742087468504906 20.15259374678135 0
    endloop
  endfacet
  facet normal 0 0 -1
    outer loop
      vertex 0.5315487533807755 20.15471000224352 0.6000000000000001
      vertex 1.2725812494754791 19.702909998595715 0.6000000000000001
      vertex 0.38774000108242035 19.919105000793934 0.6000000000000001
    endloop
  endfacet
  facet normal 0 0 -1
    outer loop
      vertex 0.5315487533807755 20.15471000224352 0.6000000000000001
      vertex 0.7073149979114532 20.36581499874592 0.6000000000000001
      vertex 1.2725812494754791 19.702909998595715 0.6000000000000001
    endloop
  endfacet
  facet normal 0 0 -1
    outer loop
      vertex 0.38774000108242035 19.919105000793934 0.6000000000000001
      vertex 1.1882850006222725 19.542065002024174 0.6000000000000001
      vertex 0.27588874846696854 19.659000001847744 0.6000000000000001
    endloop
  endfacet
  facet normal 0 0 -1
    outer loop
      vertex 0.27588874846696854 19.659000001847744 0.6000000000000001
      vertex 1.1227212473750114 19.364519998431206 0.6000000000000001
      vertex 0.1959950029850006 19.37439499795437 0.6000000000000001
    endloop
  endfacet
  facet normal 0 0 -1
    outer loop
      vertex 0.38774000108242035 19.919105000793934 0.6000000000000001
      vertex 1.2725812494754791 19.702909998595715 0.6000000000000001
      vertex 1.1882850006222725 19.542065002024174 0.6000000000000001
    endloop
  endfacet
  facet normal 0 0 -1
    outer loop
      vertex 0.27588874846696854 19.659000001847744 0.6000000000000001
      vertex 1.1882850006222725 19.542065002024174 0.6000000000000001
      vertex 1.1227212473750114 19.364519998431206 0.6000000000000001
    endloop
  endfacet
  facet normal 0 0 -1
    outer loop
      vertex 0.1959950029850006 19.37439499795437 0.6000000000000001
      vertex 1.0758899971842766 19.170275002717972 0.6000000000000001
      vertex 0.14805874973535538 19.06528999656439 0.6000000000000001
    endloop
  endfacet
  facet normal 0 0 -1
    outer loop
      vertex 0.14805874973535538 19.06528999656439 0.6000000000000001
      vertex 1.047791250050068 18.95932999998331 0.6000000000000001
      vertex 0.13208000361919403 18.731684997677803 0.6000000000000001
    endloop
  endfacet
  facet normal 0 0 -1
    outer loop
      vertex 0.1959950029850006 19.37439499795437 0.6000000000000001
      vertex 1.1227212473750114 19.364519998431206 0.6000000000000001
      vertex 1.0758899971842766 19.170275002717972 0.6000000000000001
    endloop
  endfacet
  facet normal 0 0 -1
    outer loop
      vertex 0.14805874973535538 19.06528999656439 0.6000000000000001
      vertex 1.0758899971842766 19.170275002717972 0.6000000000000001
      vertex 1.047791250050068 18.95932999998331 0.6000000000000001
    endloop
  endfacet
  facet normal 0 0 -1
    outer loop
      vertex 0.13208000361919403 18.731684997677803 0.6000000000000001
      vertex 1.047791250050068 18.95932999998331 0.6000000000000001
      vertex 1.0384249985218048 18.731684997677803 0.6000000000000001
    endloop
  endfacet
  facet normal 0 0 -1
    outer loop
      vertex 0.13208000361919403 18.731684997677803 0.6000000000000001
      vertex 1.0384249985218048 18.731684997677803 0.6000000000000001
      vertex 1.047578752040863 18.506334997713566 0.6000000000000001
    endloop
  endfacet
  facet normal 0 0 -1
    outer loop
      vertex 0.7073149979114532 20.36581499874592 0.6000000000000001
      vertex 1.375610001385212 19.84705500304699 0.6000000000000001
      vertex 1.2725812494754791 19.702909998595715 0.6000000000000001
    endloop
  endfacet
  facet normal 0.8535591021017569 -0.5209960261069585 0
    outer loop
      vertex 0.5315487533807755 20.15471000224352 0.6000000000000001
      vertex 0.38774000108242035 19.919105000793934 0.6000000000000001
      vertex 0.38774000108242035 19.919105000793934 0
    endloop
  endfacet
  facet normal 0.9186613649685725 -0.39504594228276657 0
    outer loop
      vertex 0.38774000108242035 19.919105000793934 0.6000000000000001
      vertex 0.27588874846696854 19.659000001847744 0.6000000000000001
      vertex 0.27588874846696854 19.659000001847744 0
    endloop
  endfacet
  facet normal 0.9627843216944186 -0.27027088244836533 0
    outer loop
      vertex 0.27588874846696854 19.659000001847744 0.6000000000000001
      vertex 0.1959950029850006 19.37439499795437 0.6000000000000001
      vertex 0.1959950029850006 19.37439499795437 0
    endloop
  endfacet
  facet normal 0.9186613649685725 -0.39504594228276657 0
    outer loop
      vertex 0.38774000108242035 19.919105000793934 0.6000000000000001
      vertex 0.27588874846696854 19.659000001847744 0
      vertex 0.38774000108242035 19.919105000793934 0
    endloop
  endfacet
  facet normal 0.9627843216944186 -0.27027088244836533 0
    outer loop
      vertex 0.27588874846696854 19.659000001847744 0.6000000000000001
      vertex 0.1959950029850006 19.37439499795437 0
      vertex 0.27588874846696854 19.659000001847744 0
    endloop
  endfacet
  facet normal 0.8535591021017569 -0.5209960261069585 0
    outer loop
      vertex 0.5315487533807755 20.15471000224352 0.6000000000000001
      vertex 0.38774000108242035 19.919105000793934 0
      vertex 0.5315487533807755 20.15471000224352 0
    endloop
  endfacet
  facet normal 0.9881876159749381 -0.15324893354855082 0
    outer loop
      vertex 0.1959950029850006 19.37439499795437 0.6000000000000001
      vertex 0.14805874973535538 19.06528999656439 0.6000000000000001
      vertex 0.14805874973535538 19.06528999656439 0
    endloop
  endfacet
  facet normal 0.9988548988986077 -0.047842355149512884 0
    outer loop
      vertex 0.14805874973535538 19.06528999656439 0.6000000000000001
      vertex 0.13208000361919403 18.731684997677803 0.6000000000000001
      vertex 0.13208000361919403 18.731684997677803 0
    endloop
  endfacet
  facet normal 0.9881876159749381 -0.15324893354855082 0
    outer loop
      vertex 0.1959950029850006 19.37439499795437 0.6000000000000001
      vertex 0.14805874973535538 19.06528999656439 0
      vertex 0.1959950029850006 19.37439499795437 0
    endloop
  endfacet
  facet normal 0.9988548988986077 -0.047842355149512884 0
    outer loop
      vertex 0.14805874973535538 19.06528999656439 0.6000000000000001
      vertex 0.13208000361919403 18.731684997677803 0
      vertex 0.14805874973535538 19.06528999656439 0
    endloop
  endfacet
  facet normal 0.9988512640321077 0.047918183828905024 0
    outer loop
      vertex 0.13208000361919403 18.731684997677803 0.6000000000000001
      vertex 0.14801625162363052 18.399494998157024 0
      vertex 0.13208000361919403 18.731684997677803 0
    endloop
  endfacet
  facet normal -0.8135518168696756 0.5814924258045411 0
    outer loop
      vertex 1.375610001385212 19.84705500304699 0.6000000000000001
      vertex 1.375610001385212 19.84705500304699 0
      vertex 1.2725812494754791 19.702909998595715 0.6000000000000001
    endloop
  endfacet
  facet normal -0.9380815798532435 0.3464144187819592 0
    outer loop
      vertex 1.1882850006222725 19.542065002024174 0.6000000000000001
      vertex 1.1882850006222725 19.542065002024174 0
      vertex 1.1227212473750114 19.364519998431206 0.6000000000000001
    endloop
  endfacet
  facet normal -0.8857316791365545 0.46419757924179184 0
    outer loop
      vertex 1.1882850006222725 19.542065002024174 0.6000000000000001
      vertex 1.2725812494754791 19.702909998595715 0.6000000000000001
      vertex 1.2725812494754791 19.702909998595715 0
    endloop
  endfacet
  facet normal -0.722200856744322 0.6916833976016536 0
    outer loop
      vertex 1.4948287531733513 19.971533752977848 0.6000000000000001
      vertex 1.4948287531733513 19.971533752977848 0
      vertex 1.375610001385212 19.84705500304699 0.6000000000000001
    endloop
  endfacet
  facet normal -0.6083642906503584 0.793657917406162 0
    outer loop
      vertex 1.4948287531733513 19.971533752977848 0.6000000000000001
      vertex 1.6276950016617775 20.0733800008893 0.6000000000000001
      vertex 1.6276950016617775 20.0733800008893 0
    endloop
  endfacet
  facet normal -0.722200856744322 0.6916833976016536 0
    outer loop
      vertex 1.375610001385212 19.84705500304699 0.6000000000000001
      vertex 1.4948287531733513 19.971533752977848 0
      vertex 1.375610001385212 19.84705500304699 0
    endloop
  endfacet
  facet normal -0.8135518168696756 0.5814924258045411 0
    outer loop
      vertex 1.2725812494754791 19.702909998595715 0.6000000000000001
      vertex 1.375610001385212 19.84705500304699 0
      vertex 1.2725812494754791 19.702909998595715 0
    endloop
  endfacet
  facet normal -0.9380815798532435 0.3464144187819592 0
    outer loop
      vertex 1.1227212473750114 19.364519998431206 0.6000000000000001
      vertex 1.1882850006222725 19.542065002024174 0
      vertex 1.1227212473750114 19.364519998431206 0
    endloop
  endfacet
  facet normal -0.8857316791365545 0.46419757924179184 0
    outer loop
      vertex 1.1882850006222725 19.542065002024174 0.6000000000000001
      vertex 1.2725812494754791 19.702909998595715 0
      vertex 1.1882850006222725 19.542065002024174 0
    endloop
  endfacet
  facet normal -0.6083642906503584 0.793657917406162 0
    outer loop
      vertex 1.4948287531733513 19.971533752977848 0.6000000000000001
      vertex 1.6276950016617775 20.0733800008893 0
      vertex 1.4948287531733513 19.971533752977848 0
    endloop
  endfacet
  facet normal -0.4755966102045418 0.8796634949581283 0
    outer loop
      vertex 1.6276950016617775 20.0733800008893 0.6000000000000001
      vertex 1.7742087468504906 20.15259374678135 0
      vertex 1.6276950016617775 20.0733800008893 0
    endloop
  endfacet
  facet normal -0.9721454971862138 0.23437818221961104 0
    outer loop
      vertex 1.1227212473750114 19.364519998431206 0.6000000000000001
      vertex 1.1227212473750114 19.364519998431206 0
      vertex 1.0758899971842766 19.170275002717972 0.6000000000000001
    endloop
  endfacet
  facet normal -0.9912446697379546 0.13203789121344472 0
    outer loop
      vertex 1.0758899971842766 19.170275002717972 0.6000000000000001
      vertex 1.0758899971842766 19.170275002717972 0
      vertex 1.047791250050068 18.95932999998331 0.6000000000000001
    endloop
  endfacet
  facet normal -0.9991546541374374 0.041109331246054495 0
    outer loop
      vertex 1.047791250050068 18.95932999998331 0.6000000000000001
      vertex 1.047791250050068 18.95932999998331 0
      vertex 1.0384249985218048 18.731684997677803 0.6000000000000001
    endloop
  endfacet
  facet normal -0.9991760207497861 -0.04058669189060769 0
    outer loop
      vertex 1.0384249985218048 18.731684997677803 0.6000000000000001
      vertex 1.0384249985218048 18.731684997677803 0
      vertex 1.047578752040863 18.506334997713566 0.6000000000000001
    endloop
  endfacet
  facet normal -0.9721454971862138 0.23437818221961104 0
    outer loop
      vertex 1.0758899971842766 19.170275002717972 0.6000000000000001
      vertex 1.1227212473750114 19.364519998431206 0
      vertex 1.0758899971842766 19.170275002717972 0
    endloop
  endfacet
  facet normal -0.9912446697379546 0.13203789121344472 0
    outer loop
      vertex 1.047791250050068 18.95932999998331 0.6000000000000001
      vertex 1.0758899971842766 19.170275002717972 0
      vertex 1.047791250050068 18.95932999998331 0
    endloop
  endfacet
  facet normal -0.9991546541374374 0.041109331246054495 0
    outer loop
      vertex 1.0384249985218048 18.731684997677803 0.6000000000000001
      vertex 1.047791250050068 18.95932999998331 0
      vertex 1.0384249985218048 18.731684997677803 0
    endloop
  endfacet
  facet normal -0.9991760207497861 -0.04058669189060769 0
    outer loop
      vertex 1.047578752040863 18.506334997713566 0.6000000000000001
      vertex 1.0384249985218048 18.731684997677803 0
      vertex 1.047578752040863 18.506334997713566 0
    endloop
  endfacet
  facet normal 0 0 -1
    outer loop
      vertex 1.970102496445179 20.94580875337124 0.6000000000000001
      vertex 2.295634999871254 20.96237999945879 0.6000000000000001
      vertex 2.108178749680519 20.24312374740839 0.6000000000000001
    endloop
  endfacet
  facet normal 0 0 -1
    outer loop
      vertex 2.295634999871254 20.96237999945879 0.6000000000000001
      vertex 2.510776251554489 20.954878747463226 0.6000000000000001
      vertex 2.295634999871254 20.254440002143383 0.6000000000000001
    endloop
  endfacet
  facet normal 0 0 -1
    outer loop
      vertex 1.970102496445179 20.94580875337124 0.6000000000000001
      vertex 2.108178749680519 20.24312374740839 0.6000000000000001
      vertex 1.9343700036406517 20.209174998104572 0.6000000000000001
    endloop
  endfacet
  facet normal 0 0 -1
    outer loop
      vertex 2.295634999871254 20.96237999945879 0.6000000000000001
      vertex 2.295634999871254 20.254440002143383 0.6000000000000001
      vertex 2.108178749680519 20.24312374740839 0.6000000000000001
    endloop
  endfacet
  facet normal 0 0 -1
    outer loop
      vertex 2.510776251554489 20.954878747463226 0.6000000000000001
      vertex 2.716760002076626 20.932374998927116 0.6000000000000001
      vertex 2.489368751645088 20.243419997394085 0.6000000000000001
    endloop
  endfacet
  facet normal 0 0 -1
    outer loop
      vertex 2.716760002076626 20.932374998927116 0.6000000000000001
      vertex 2.913586251437664 20.89486874639988 0.6000000000000001
      vertex 2.6677599996328354 20.210359998047352 0.6000000000000001
    endloop
  endfacet
  facet normal 0 0 -1
    outer loop
      vertex 2.510776251554489 20.954878747463226 0.6000000000000001
      vertex 2.489368751645088 20.243419997394085 0.6000000000000001
      vertex 2.295634999871254 20.254440002143383 0.6000000000000001
    endloop
  endfacet
  facet normal 0 0 -1
    outer loop
      vertex 2.489368751645088 20.243419997394085 0.6000000000000001
      vertex 2.716760002076626 20.932374998927116 0.6000000000000001
      vertex 2.6677599996328354 20.210359998047352 0.6000000000000001
    endloop
  endfacet
  facet normal 0 0 -1
    outer loop
      vertex 2.913586251437664 20.89486874639988 0.6000000000000001
      vertex 2.830808751285076 20.155259996652603 0.6000000000000001
      vertex 2.6677599996328354 20.210359998047352 0.6000000000000001
    endloop
  endfacet
  facet normal 0 0 -1
    outer loop
      vertex 2.913586251437664 20.89486874639988 0.6000000000000001
      vertex 3.1012549996376038 20.842359997332096 0.6000000000000001
      vertex 2.830808751285076 20.155259996652603 0.6000000000000001
    endloop
  endfacet
  facet normal 0 0 -1
    outer loop
      vertex 3.1012549996376038 20.842359997332096 0.6000000000000001
      vertex 3.279766246676445 20.774848751723766 0.6000000000000001
      vertex 2.830808751285076 20.155259996652603 0.6000000000000001
    endloop
  endfacet
  facet normal 0 0 -1
    outer loop
      vertex 2.97851499915123 20.07812000066042 0.6000000000000001
      vertex 3.279766246676445 20.774848751723766 0.6000000000000001
      vertex 3.4491200000047684 20.69233500212431 0.6000000000000001
    endloop
  endfacet
  facet normal 0 0 -1
    outer loop
      vertex 2.830808751285076 20.155259996652603 0.6000000000000001
      vertex 3.279766246676445 20.774848751723766 0.6000000000000001
      vertex 2.97851499915123 20.07812000066042 0.6000000000000001
    endloop
  endfacet
  facet normal 0 0 -1
    outer loop
      vertex 2.97851499915123 20.07812000066042 0.6000000000000001
      vertex 3.4491200000047684 20.69233500212431 0.6000000000000001
      vertex 3.110878750681877 19.97894000262022 0.6000000000000001
    endloop
  endfacet
  facet normal 0 0 -1
    outer loop
      vertex 3.110878750681877 19.97894000262022 0.6000000000000001
      vertex 3.4491200000047684 20.69233500212431 0.6000000000000001
      vertex 3.607551246881485 20.595652498304844 0.6000000000000001
    endloop
  endfacet
  facet normal 0 0 -1
    outer loop
      vertex 3.110878750681877 19.97894000262022 0.6000000000000001
      vertex 3.607551246881485 20.595652498304844 0.6000000000000001
      vertex 3.7532650008797646 20.485665000975132 0.6000000000000001
    endloop
  endfacet
  facet normal 0 0 -1
    outer loop
      vertex 3.7532650008797646 20.485665000975132 0.6000000000000001
      vertex 3.886261247098446 20.362372502684593 0.6000000000000001
      vertex 3.2278999984264374 19.857720002532005 0.6000000000000001
    endloop
  endfacet
  facet normal 0.05083921520204845 -0.998706850981628 0
    outer loop
      vertex 1.970102496445179 20.94580875337124 0.6000000000000001
      vertex 1.970102496445179 20.94580875337124 0
      vertex 2.295634999871254 20.96237999945879 0.6000000000000001
    endloop
  endfacet
  facet normal -0.03484546324769136 -0.9993927124464406 0
    outer loop
      vertex 2.295634999871254 20.96237999945879 0.6000000000000001
      vertex 2.295634999871254 20.96237999945879 0
      vertex 2.510776251554489 20.954878747463226 0.6000000000000001
    endloop
  endfacet
  facet normal -0.10860391222516426 -0.9940851021162066 0
    outer loop
      vertex 2.510776251554489 20.954878747463226 0.6000000000000001
      vertex 2.510776251554489 20.954878747463226 0
      vertex 2.716760002076626 20.932374998927116 0.6000000000000001
    endloop
  endfacet
  facet normal -0.18718694144597098 -0.9823243094579828 0
    outer loop
      vertex 2.716760002076626 20.932374998927116 0.6000000000000001
      vertex 2.716760002076626 20.932374998927116 0
      vertex 2.913586251437664 20.89486874639988 0.6000000000000001
    endloop
  endfacet
  facet normal 0.05083921520204845 -0.998706850981628 0
    outer loop
      vertex 2.295634999871254 20.96237999945879 0.6000000000000001
      vertex 1.970102496445179 20.94580875337124 0
      vertex 2.295634999871254 20.96237999945879 0
    endloop
  endfacet
  facet normal -0.03484546324769136 -0.9993927124464406 0
    outer loop
      vertex 2.510776251554489 20.954878747463226 0.6000000000000001
      vertex 2.295634999871254 20.96237999945879 0
      vertex 2.510776251554489 20.954878747463226 0
    endloop
  endfacet
  facet normal -0.10860391222516426 -0.9940851021162066 0
    outer loop
      vertex 2.716760002076626 20.932374998927116 0.6000000000000001
      vertex 2.510776251554489 20.954878747463226 0
      vertex 2.716760002076626 20.932374998927116 0
    endloop
  endfacet
  facet normal -0.18718694144597098 -0.9823243094579828 0
    outer loop
      vertex 2.913586251437664 20.89486874639988 0.6000000000000001
      vertex 2.716760002076626 20.932374998927116 0
      vertex 2.913586251437664 20.89486874639988 0
    endloop
  endfacet
  facet normal -0.19169991456584842 0.9814535866537175 0
    outer loop
      vertex 1.9343700036406517 20.209174998104572 0.6000000000000001
      vertex 2.108178749680519 20.24312374740839 0.6000000000000001
      vertex 2.108178749680519 20.24312374740839 0
    endloop
  endfacet
  facet normal -0.06025774761585191 0.9981828509107258 0
    outer loop
      vertex 2.108178749680519 20.24312374740839 0.6000000000000001
      vertex 2.295634999871254 20.254440002143383 0.6000000000000001
      vertex 2.295634999871254 20.254440002143383 0
    endloop
  endfacet
  facet normal 0.05679041316950521 0.9983861221852178 0
    outer loop
      vertex 2.295634999871254 20.254440002143383 0.6000000000000001
      vertex 2.489368751645088 20.243419997394085 0.6000000000000001
      vertex 2.489368751645088 20.243419997394085 0
    endloop
  endfacet
  facet normal 0.18222026294830462 0.9832577361867288 0
    outer loop
      vertex 2.489368751645088 20.243419997394085 0.6000000000000001
      vertex 2.6677599996328354 20.210359998047352 0.6000000000000001
      vertex 2.6677599996328354 20.210359998047352 0
    endloop
  endfacet
  facet normal 0.3201492170312672 0.9473671299101878 0
    outer loop
      vertex 2.6677599996328354 20.210359998047352 0.6000000000000001
      vertex 2.830808751285076 20.155259996652603 0.6000000000000001
      vertex 2.830808751285076 20.155259996652603 0
    endloop
  endfacet
  facet normal -0.19169991456584842 0.9814535866537175 0
    outer loop
      vertex 1.9343700036406517 20.209174998104572 0.6000000000000001
      vertex 2.108178749680519 20.24312374740839 0
      vertex 1.9343700036406517 20.209174998104572 0
    endloop
  endfacet
  facet normal -0.06025774761585191 0.9981828509107258 0
    outer loop
      vertex 2.108178749680519 20.24312374740839 0.6000000000000001
      vertex 2.295634999871254 20.254440002143383 0
      vertex 2.108178749680519 20.24312374740839 0
    endloop
  endfacet
  facet normal 0.05679041316950521 0.9983861221852178 0
    outer loop
      vertex 2.295634999871254 20.254440002143383 0.6000000000000001
      vertex 2.489368751645088 20.243419997394085 0
      vertex 2.295634999871254 20.254440002143383 0
    endloop
  endfacet
  facet normal 0.18222026294830462 0.9832577361867288 0
    outer loop
      vertex 2.489368751645088 20.243419997394085 0.6000000000000001
      vertex 2.6677599996328354 20.210359998047352 0
      vertex 2.489368751645088 20.243419997394085 0
    endloop
  endfacet
  facet normal 0.3201492170312672 0.9473671299101878 0
    outer loop
      vertex 2.6677599996328354 20.210359998047352 0.6000000000000001
      vertex 2.830808751285076 20.155259996652603 0
      vertex 2.6677599996328354 20.210359998047352 0
    endloop
  endfacet
  facet normal -0.2694467200328814 -0.9630152984576735 0
    outer loop
      vertex 2.913586251437664 20.89486874639988 0.6000000000000001
      vertex 2.913586251437664 20.89486874639988 0
      vertex 3.1012549996376038 20.842359997332096 0.6000000000000001
    endloop
  endfacet
  facet normal -0.3537383143623113 -0.9353444311867745 0
    outer loop
      vertex 3.1012549996376038 20.842359997332096 0.6000000000000001
      vertex 3.1012549996376038 20.842359997332096 0
      vertex 3.279766246676445 20.774848751723766 0.6000000000000001
    endloop
  endfacet
  facet normal -0.4380040646086903 -0.8989729914665213 0
    outer loop
      vertex 3.279766246676445 20.774848751723766 0.6000000000000001
      vertex 3.279766246676445 20.774848751723766 0
      vertex 3.4491200000047684 20.69233500212431 0.6000000000000001
    endloop
  endfacet
  facet normal -0.5209140768446336 -0.8536091169528962 0
    outer loop
      vertex 3.4491200000047684 20.69233500212431 0.6000000000000001
      vertex 3.4491200000047684 20.69233500212431 0
      vertex 3.607551246881485 20.595652498304844 0.6000000000000001
    endloop
  endfacet
  facet normal -0.6024587373665027 -0.7981500296127034 0
    outer loop
      vertex 3.607551246881485 20.595652498304844 0.6000000000000001
      vertex 3.607551246881485 20.595652498304844 0
      vertex 3.7532650008797646 20.485665000975132 0.6000000000000001
    endloop
  endfacet
  facet normal -0.6798467777432067 -0.7333541837285574 0
    outer loop
      vertex 3.7532650008797646 20.485665000975132 0.6000000000000001
      vertex 3.7532650008797646 20.485665000975132 0
      vertex 3.886261247098446 20.362372502684593 0.6000000000000001
    endloop
  endfacet
  facet normal -0.2694467200328814 -0.9630152984576735 0
    outer loop
      vertex 3.1012549996376038 20.842359997332096 0.6000000000000001
      vertex 2.913586251437664 20.89486874639988 0
      vertex 3.1012549996376038 20.842359997332096 0
    endloop
  endfacet
  facet normal -0.3537383143623113 -0.9353444311867745 0
    outer loop
      vertex 3.279766246676445 20.774848751723766 0.6000000000000001
      vertex 3.1012549996376038 20.842359997332096 0
      vertex 3.279766246676445 20.774848751723766 0
    endloop
  endfacet
  facet normal 0.4629238359398938 0.8863980607597775 0
    outer loop
      vertex 2.830808751285076 20.155259996652603 0.6000000000000001
      vertex 2.97851499915123 20.07812000066042 0
      vertex 2.830808751285076 20.155259996652603 0
    endloop
  endfacet
  facet normal -0.4380040646086903 -0.8989729914665213 0
    outer loop
      vertex 3.4491200000047684 20.69233500212431 0.6000000000000001
      vertex 3.279766246676445 20.774848751723766 0
      vertex 3.4491200000047684 20.69233500212431 0
    endloop
  endfacet
  facet normal -0.5209140768446336 -0.8536091169528962 0
    outer loop
      vertex 3.607551246881485 20.595652498304844 0.6000000000000001
      vertex 3.4491200000047684 20.69233500212431 0
      vertex 3.607551246881485 20.595652498304844 0
    endloop
  endfacet
  facet normal -0.6024587373665027 -0.7981500296127034 0
    outer loop
      vertex 3.7532650008797646 20.485665000975132 0.6000000000000001
      vertex 3.607551246881485 20.595652498304844 0
      vertex 3.7532650008797646 20.485665000975132 0
    endloop
  endfacet
  facet normal 0 0 -1
    outer loop
      vertex 3.110878750681877 19.97894000262022 0.6000000000000001
      vertex 3.7532650008797646 20.485665000975132 0.6000000000000001
      vertex 3.2278999984264374 19.857720002532005 0.6000000000000001
    endloop
  endfacet
  facet normal 0 0 -1
    outer loop
      vertex 3.886261247098446 20.362372502684593 0.6000000000000001
      vertex 3.3281375020742416 19.716241247951984 0.6000000000000001
      vertex 3.2278999984264374 19.857720002532005 0.6000000000000001
    endloop
  endfacet
  facet normal 0 0 -1
    outer loop
      vertex 3.886261247098446 20.362372502684593 0.6000000000000001
      vertex 4.00654000043869 20.225775003433228 0.6000000000000001
      vertex 3.3281375020742416 19.716241247951984 0.6000000000000001
    endloop
  endfacet
  facet normal 0 0 -1
    outer loop
      vertex 4.114101253449917 20.075872503221035 0.6000000000000001
      vertex 3.410149998962879 19.55628500133753 0.6000000000000001
      vertex 3.3281375020742416 19.716241247951984 0.6000000000000001
    endloop
  endfacet
  facet normal 0 0 -1
    outer loop
      vertex 3.410149998962879 19.55628500133753 0.6000000000000001
      vertex 4.290069997310638 19.738297499716282 0.6000000000000001
      vertex 3.4739374965429306 19.377851247787476 0.6000000000000001
    endloop
  endfacet
  facet normal 0 0 -1
    outer loop
      vertex 3.4739374965429306 19.377851247787476 0.6000000000000001
      vertex 4.356444999575615 19.55494499951601 0.6000000000000001
      vertex 3.5195000022649765 19.180940002202988 0.6000000000000001
    endloop
  endfacet
  facet normal 0.4629238359398938 0.8863980607597775 0
    outer loop
      vertex 2.830808751285076 20.155259996652603 0.6000000000000001
      vertex 2.97851499915123 20.07812000066042 0.6000000000000001
      vertex 2.97851499915123 20.07812000066042 0
    endloop
  endfacet
  facet normal 0.5996407959950351 0.8002692770426969 0
    outer loop
      vertex 2.97851499915123 20.07812000066042 0.6000000000000001
      vertex 3.110878750681877 19.97894000262022 0.6000000000000001
      vertex 3.110878750681877 19.97894000262022 0
    endloop
  endfacet
  facet normal 0.719457072903133 0.6945369106459758 0
    outer loop
      vertex 3.110878750681877 19.97894000262022 0.6000000000000001
      vertex 3.2278999984264374 19.857720002532005 0.6000000000000001
      vertex 3.2278999984264374 19.857720002532005 0
    endloop
  endfacet
  facet normal 0.8159608589282443 0.5781071498408246 0
    outer loop
      vertex 3.2278999984264374 19.857720002532005 0.6000000000000001
      vertex 3.3281375020742416 19.716241247951984 0.6000000000000001
      vertex 3.3281375020742416 19.716241247951984 0
    endloop
  endfacet
  facet normal 0.8898543863099699 0.4562446396012853 0
    outer loop
      vertex 3.3281375020742416 19.716241247951984 0.6000000000000001
      vertex 3.410149998962879 19.55628500133753 0.6000000000000001
      vertex 3.410149998962879 19.55628500133753 0
    endloop
  endfacet
  facet normal 0.9416396424536254 0.336622613262699 0
    outer loop
      vertex 3.410149998962879 19.55628500133753 0.6000000000000001
      vertex 3.4739374965429306 19.377851247787476 0.6000000000000001
      vertex 3.4739374965429306 19.377851247787476 0
    endloop
  endfacet
  facet normal 0.5996407959950351 0.8002692770426969 0
    outer loop
      vertex 2.97851499915123 20.07812000066042 0.6000000000000001
      vertex 3.110878750681877 19.97894000262022 0
      vertex 2.97851499915123 20.07812000066042 0
    endloop
  endfacet
  facet normal 0.719457072903133 0.6945369106459758 0
    outer loop
      vertex 3.110878750681877 19.97894000262022 0.6000000000000001
      vertex 3.2278999984264374 19.857720002532005 0
      vertex 3.110878750681877 19.97894000262022 0
    endloop
  endfacet
  facet normal 0.8159608589282443 0.5781071498408246 0
    outer loop
      vertex 3.2278999984264374 19.857720002532005 0.6000000000000001
      vertex 3.3281375020742416 19.716241247951984 0
      vertex 3.2278999984264374 19.857720002532005 0
    endloop
  endfacet
  facet normal 0.8898543863099699 0.4562446396012853 0
    outer loop
      vertex 3.3281375020742416 19.716241247951984 0.6000000000000001
      vertex 3.410149998962879 19.55628500133753 0
      vertex 3.3281375020742416 19.716241247951984 0
    endloop
  endfacet
  facet normal 0.9416396424536254 0.336622613262699 0
    outer loop
      vertex 3.410149998962879 19.55628500133753 0.6000000000000001
      vertex 3.4739374965429306 19.377851247787476 0
      vertex 3.410149998962879 19.55628500133753 0
    endloop
  endfacet
  facet normal 0.9742593720270033 0.22542998029887062 0
    outer loop
      vertex 3.4739374965429306 19.377851247787476 0.6000000000000001
      vertex 3.5195000022649765 19.180940002202988 0.6000000000000001
      vertex 3.5195000022649765 19.180940002202988 0
    endloop
  endfacet
  facet normal 0.9920414711096184 0.12591155466701295 0
    outer loop
      vertex 3.5195000022649765 19.180940002202988 0.6000000000000001
      vertex 3.5468375012278557 18.965551249682903 0.6000000000000001
      vertex 3.5468375012278557 18.965551249682903 0
    endloop
  endfacet
  facet normal 0.9992417441585165 0.038935032182416375 0
    outer loop
      vertex 3.5468375012278557 18.965551249682903 0.6000000000000001
      vertex 3.5559500008821487 18.731684997677803 0.6000000000000001
      vertex 3.5559500008821487 18.731684997677803 0
    endloop
  endfacet
  facet normal 0.9991625997465213 -0.04091575818401906 0
    outer loop
      vertex 3.5559500008821487 18.731684997677803 0.6000000000000001
      vertex 3.546795003116131 18.508120000362396 0.6000000000000001
      vertex 3.546795003116131 18.508120000362396 0
    endloop
  endfacet
  facet normal 0.9742593720270033 0.22542998029887062 0
    outer loop
      vertex 3.4739374965429306 19.377851247787476 0.6000000000000001
      vertex 3.5195000022649765 19.180940002202988 0
      vertex 3.4739374965429306 19.377851247787476 0
    endloop
  endfacet
  facet normal 0.9920414711096184 0.12591155466701295 0
    outer loop
      vertex 3.5195000022649765 19.180940002202988 0.6000000000000001
      vertex 3.5468375012278557 18.965551249682903 0
      vertex 3.5195000022649765 19.180940002202988 0
    endloop
  endfacet
  facet normal 0.9992417441585165 0.038935032182416375 0
    outer loop
      vertex 3.5468375012278557 18.965551249682903 0.6000000000000001
      vertex 3.5559500008821487 18.731684997677803 0
      vertex 3.5468375012278557 18.965551249682903 0
    endloop
  endfacet
  facet normal 0.9991625997465213 -0.04091575818401906 0
    outer loop
      vertex 3.5559500008821487 18.731684997677803 0.6000000000000001
      vertex 3.546795003116131 18.508120000362396 0
      vertex 3.5559500008821487 18.731684997677803 0
    endloop
  endfacet
  facet normal -0.7505146919450453 -0.6608537638348092 0
    outer loop
      vertex 3.886261247098446 20.362372502684593 0.6000000000000001
      vertex 3.886261247098446 20.362372502684593 0
      vertex 4.00654000043869 20.225775003433228 0.6000000000000001
    endloop
  endfacet
  facet normal -0.8124804788838702 -0.5829883973396358 0
    outer loop
      vertex 4.00654000043869 20.225775003433228 0.6000000000000001
      vertex 4.00654000043869 20.225775003433228 0
      vertex 4.114101253449917 20.075872503221035 0.6000000000000001
    endloop
  endfacet
  facet normal -0.6798467777432067 -0.7333541837285574 0
    outer loop
      vertex 3.886261247098446 20.362372502684593 0.6000000000000001
      vertex 3.7532650008797646 20.485665000975132 0
      vertex 3.886261247098446 20.362372502684593 0
    endloop
  endfacet
  facet normal -0.7505146919450453 -0.6608537638348092 0
    outer loop
      vertex 4.00654000043869 20.225775003433228 0.6000000000000001
      vertex 3.886261247098446 20.362372502684593 0
      vertex 4.00654000043869 20.225775003433228 0
    endloop
  endfacet
  facet normal -0.8124804788838702 -0.5829883973396358 0
    outer loop
      vertex 4.114101253449917 20.075872503221035 0.6000000000000001
      vertex 4.00654000043869 20.225775003433228 0
      vertex 4.114101253449917 20.075872503221035 0
    endloop
  endfacet
  facet normal 0 -1 0
    outer loop
      vertex 5.155249997973442 20.901359997689724 0.6000000000000001
      vertex 5.155249997973442 20.901359997689724 0
      vertex 5.954764999449253 20.901359997689724 0.6000000000000001
    endloop
  endfacet
  facet normal 0 -1 0
    outer loop
      vertex 5.954764999449253 20.901359997689724 0.6000000000000001
      vertex 5.155249997973442 20.901359997689724 0
      vertex 5.954764999449253 20.901359997689724 0
    endloop
  endfacet
  facet normal 0 0 -1
    outer loop
      vertex 4.00654000043869 20.225775003433228 0.6000000000000001
      vertex 4.114101253449917 20.075872503221035 0.6000000000000001
      vertex 3.3281375020742416 19.716241247951984 0.6000000000000001
    endloop
  endfacet
  facet normal 0 0 -1
    outer loop
      vertex 4.114101253449917 20.075872503221035 0.6000000000000001
      vertex 4.208944998681545 19.912665002048016 0.6000000000000001
      vertex 3.410149998962879 19.55628500133753 0.6000000000000001
    endloop
  endfacet
  facet normal 0 0 -1
    outer loop
      vertex 3.410149998962879 19.55628500133753 0.6000000000000001
      vertex 4.208944998681545 19.912665002048016 0.6000000000000001
      vertex 4.290069997310638 19.738297499716282 0.6000000000000001
    endloop
  endfacet
  facet normal 0 0 -1
    outer loop
      vertex 3.4739374965429306 19.377851247787476 0.6000000000000001
      vertex 4.290069997310638 19.738297499716282 0.6000000000000001
      vertex 4.356444999575615 19.55494499951601 0.6000000000000001
    endloop
  endfacet
  facet normal 0 0 -1
    outer loop
      vertex 3.5195000022649765 19.180940002202988 0.6000000000000001
      vertex 4.356444999575615 19.55494499951601 0.6000000000000001
      vertex 4.408069998025894 19.3626075014472 0.6000000000000001
    endloop
  endfacet
  facet normal 0 0 -1
    outer loop
      vertex 3.5195000022649765 19.180940002202988 0.6000000000000001
      vertex 4.444945000112057 19.161284998059273 0.6000000000000001
      vertex 3.5468375012278557 18.965551249682903 0.6000000000000001
    endloop
  endfacet
  facet normal 0 0 -1
    outer loop
      vertex 3.5195000022649765 19.180940002202988 0.6000000000000001
      vertex 4.408069998025894 19.3626075014472 0.6000000000000001
      vertex 4.444945000112057 19.161284998059273 0.6000000000000001
    endloop
  endfacet
  facet normal 0 0 -1
    outer loop
      vertex 4.444945000112057 19.161284998059273 0.6000000000000001
      vertex 4.467069998383522 18.950977496802807 0.6000000000000001
      vertex 3.5468375012278557 18.965551249682903 0.6000000000000001
    endloop
  endfacet
  facet normal 0 0 -1
    outer loop
      vertex 3.5468375012278557 18.965551249682903 0.6000000000000001
      vertex 4.467069998383522 18.950977496802807 0.6000000000000001
      vertex 3.5559500008821487 18.731684997677803 0.6000000000000001
    endloop
  endfacet
  facet normal 0 0 -1
    outer loop
      vertex 3.5559500008821487 18.731684997677803 0.6000000000000001
      vertex 4.474445000290871 18.731684997677803 0.6000000000000001
      vertex 3.546795003116131 18.508120000362396 0.6000000000000001
    endloop
  endfacet
  facet normal 0 0 -1
    outer loop
      vertex 3.5559500008821487 18.731684997677803 0.6000000000000001
      vertex 4.467069998383522 18.950977496802807 0.6000000000000001
      vertex 4.474445000290871 18.731684997677803 0.6000000000000001
    endloop
  endfacet
  facet normal 0 0 -1
    outer loop
      vertex 5.155249997973442 20.901359997689724 0.6000000000000001
      vertex 5.954764999449253 20.901359997689724 0.6000000000000001
      vertex 5.954764999449253 18.365520000457764 0.6000000000000001
    endloop
  endfacet
  facet normal 0 0 -1
    outer loop
      vertex 5.155249997973442 20.901359997689724 0.6000000000000001
      vertex 5.954764999449253 18.365520000457764 0.6000000000000001
      vertex 5.155249997973442 16.601700000464916 0.6000000000000001
    endloop
  endfacet
  facet normal -0.8646092283327728 -0.502444904722704 0
    outer loop
      vertex 4.114101253449917 20.075872503221035 0.6000000000000001
      vertex 4.114101253449917 20.075872503221035 0
      vertex 4.208944998681545 19.912665002048016 0.6000000000000001
    endloop
  endfacet
  facet normal -0.9066737141515253 -0.42183263987827957 0
    outer loop
      vertex 4.208944998681545 19.912665002048016 0.6000000000000001
      vertex 4.208944998681545 19.912665002048016 0
      vertex 4.290069997310638 19.738297499716282 0.6000000000000001
    endloop
  endfacet
  facet normal -0.9402843128737459 -0.34039008646484936 0
    outer loop
      vertex 4.290069997310638 19.738297499716282 0.6000000000000001
      vertex 4.290069997310638 19.738297499716282 0
      vertex 4.356444999575615 19.55494499951601 0.6000000000000001
    endloop
  endfacet
  facet normal -0.9658148623751859 -0.25923281353872 0
    outer loop
      vertex 4.356444999575615 19.55494499951601 0.6000000000000001
      vertex 4.356444999575615 19.55494499951601 0
      vertex 4.408069998025894 19.3626075014472 0.6000000000000001
    endloop
  endfacet
  facet normal -0.8646092283327728 -0.502444904722704 0
    outer loop
      vertex 4.208944998681545 19.912665002048016 0.6000000000000001
      vertex 4.114101253449917 20.075872503221035 0
      vertex 4.208944998681545 19.912665002048016 0
    endloop
  endfacet
  facet normal -0.9066737141515253 -0.42183263987827957 0
    outer loop
      vertex 4.290069997310638 19.738297499716282 0.6000000000000001
      vertex 4.208944998681545 19.912665002048016 0
      vertex 4.290069997310638 19.738297499716282 0
    endloop
  endfacet
  facet normal -0.9402843128737459 -0.34039008646484936 0
    outer loop
      vertex 4.356444999575615 19.55494499951601 0.6000000000000001
      vertex 4.290069997310638 19.738297499716282 0
      vertex 4.356444999575615 19.55494499951601 0
    endloop
  endfacet
  facet normal -0.9658148623751859 -0.25923281353872 0
    outer loop
      vertex 4.408069998025894 19.3626075014472 0.6000000000000001
      vertex 4.356444999575615 19.55494499951601 0
      vertex 4.408069998025894 19.3626075014472 0
    endloop
  endfacet
  facet normal -0.9836361161325134 -0.1801665647109485 0
    outer loop
      vertex 4.408069998025894 19.3626075014472 0.6000000000000001
      vertex 4.408069998025894 19.3626075014472 0
      vertex 4.444945000112057 19.161284998059273 0.6000000000000001
    endloop
  endfacet
  facet normal -0.9945116708378975 -0.1046256974515028 0
    outer loop
      vertex 4.444945000112057 19.161284998059273 0.6000000000000001
      vertex 4.444945000112057 19.161284998059273 0
      vertex 4.467069998383522 18.950977496802807 0.6000000000000001
    endloop
  endfacet
  facet normal -0.9994349608850714 -0.03361188719271558 0
    outer loop
      vertex 4.467069998383522 18.950977496802807 0.6000000000000001
      vertex 4.467069998383522 18.950977496802807 0
      vertex 4.474445000290871 18.731684997677803 0.6000000000000001
    endloop
  endfacet
  facet normal -0.9988200535812741 0.04856439605205383 0
    outer loop
      vertex 4.474445000290871 18.731684997677803 0.6000000000000001
      vertex 4.474445000290871 18.731684997677803 0
      vertex 4.458466246724129 18.403051249682903 0.6000000000000001
    endloop
  endfacet
  facet normal -0.9836361161325134 -0.1801665647109485 0
    outer loop
      vertex 4.444945000112057 19.161284998059273 0.6000000000000001
      vertex 4.408069998025894 19.3626075014472 0
      vertex 4.444945000112057 19.161284998059273 0
    endloop
  endfacet
  facet normal -0.9945116708378975 -0.1046256974515028 0
    outer loop
      vertex 4.467069998383522 18.950977496802807 0.6000000000000001
      vertex 4.444945000112057 19.161284998059273 0
      vertex 4.467069998383522 18.950977496802807 0
    endloop
  endfacet
  facet normal -0.9994349608850714 -0.03361188719271558 0
    outer loop
      vertex 4.474445000290871 18.731684997677803 0.6000000000000001
      vertex 4.467069998383522 18.950977496802807 0
      vertex 4.474445000290871 18.731684997677803 0
    endloop
  endfacet
  facet normal 1 0 0
    outer loop
      vertex 5.155249997973442 20.901359997689724 0.6000000000000001
      vertex 5.155249997973442 16.601700000464916 0
      vertex 5.155249997973442 20.901359997689724 0
    endloop
  endfacet
  facet normal 0 0 -1
    outer loop
      vertex 5.899865001440048 17.590395003557205 0.6000000000000001
      vertex 7.773484997451305 20.901359997689724 0.6000000000000001
      vertex 8.08474999666214 19.940114997327328 0.6000000000000001
    endloop
  endfacet
  facet normal -1 0 0
    outer loop
      vertex 5.954764999449253 20.901359997689724 0.6000000000000001
      vertex 5.954764999449253 20.901359997689724 0
      vertex 5.954764999449253 18.365520000457764 0.6000000000000001
    endloop
  endfacet
  facet normal -1 0 0
    outer loop
      vertex 5.954764999449253 18.365520000457764 0.6000000000000001
      vertex 5.954764999449253 20.901359997689724 0
      vertex 5.954764999449253 18.365520000457764 0
    endloop
  endfacet
  facet normal 0.8703144455568793 -0.492496462784274 0
    outer loop
      vertex 5.899865001440048 17.590395003557205 0.6000000000000001
      vertex 5.899865001440048 17.590395003557205 0
      vertex 7.773484997451305 20.901359997689724 0
    endloop
  endfacet
  facet normal 0.8703144455568793 -0.492496462784274 -7.295781878043404e-17
    outer loop
      vertex 5.899865001440048 17.590395003557205 0.6000000000000001
      vertex 7.773484997451305 20.901359997689724 0
      vertex 7.773484997451305 20.901359997689724 0.6000000000000001
    endloop
  endfacet
  facet normal -0.8689767062037592 0.49485299238790637 0
    outer loop
      vertex 8.08474999666214 19.940114997327328 0.6000000000000001
      vertex 8.08474999666214 19.940114997327328 0
      vertex 6.183634996414185 16.601700000464916 0
    endloop
  endfacet
  facet normal 0 0 -1
    outer loop
      vertex 0.13208000361919403 18.731684997677803 0.6000000000000001
      vertex 1.047578752040863 18.506334997713566 0.6000000000000001
      vertex 0.14801625162363052 18.399494998157024 0.6000000000000001
    endloop
  endfacet
  facet normal 0 0 -1
    outer loop
      vertex 0.14801625162363052 18.399494998157024 0.6000000000000001
      vertex 1.0750399976968765 18.298194997012615 0.6000000000000001
      vertex 0.1958250030875206 18.09256500005722 0.6000000000000001
    endloop
  endfacet
  facet normal 0 0 -1
    outer loop
      vertex 0.14801625162363052 18.399494998157024 0.6000000000000001
      vertex 1.047578752040863 18.506334997713566 0.6000000000000001
      vertex 1.0750399976968765 18.298194997012615 0.6000000000000001
    endloop
  endfacet
  facet normal 0 0 -1
    outer loop
      vertex 0.1958250030875206 18.09256500005722 0.6000000000000001
      vertex 1.1208087503910065 18.10726500302553 0.6000000000000001
      vertex 0.27550625056028366 17.81089500337839 0.6000000000000001
    endloop
  endfacet
  facet normal 0 0 -1
    outer loop
      vertex 0.1958250030875206 18.09256500005722 0.6000000000000001
      vertex 1.0750399976968765 18.298194997012615 0.6000000000000001
      vertex 1.1208087503910065 18.10726500302553 0.6000000000000001
    endloop
  endfacet
  facet normal 0 0 -1
    outer loop
      vertex 0.27550625056028366 17.81089500337839 0.6000000000000001
      vertex 1.1208087503910065 18.10726500302553 0.6000000000000001
      vertex 1.1848850026726723 17.933545000851154 0.6000000000000001
    endloop
  endfacet
  facet normal 0 0 -1
    outer loop
      vertex 0.27550625056028366 17.81089500337839 0.6000000000000001
      vertex 1.1848850026726723 17.933545000851154 0.6000000000000001
      vertex 0.3870600014925003 17.554485000669956 0.6000000000000001
    endloop
  endfacet
  facet normal 0 0 -1
    outer loop
      vertex 0.3870600014925003 17.554485000669956 0.6000000000000001
      vertex 1.1848850026726723 17.933545000851154 0.6000000000000001
      vertex 1.2672687470912933 17.777034997940063 0.6000000000000001
    endloop
  endfacet
  facet normal 0 0 -1
    outer loop
      vertex 0.3870600014925003 17.554485000669956 0.6000000000000001
      vertex 1.2672687470912933 17.777034997940063 0.6000000000000001
      vertex 0.5304862484335899 17.323334999382496 0.6000000000000001
    endloop
  endfacet
  facet normal 0 0 -1
    outer loop
      vertex 0.5304862484335899 17.323334999382496 0.6000000000000001
      vertex 1.2672687470912933 17.777034997940063 0.6000000000000001
      vertex 0.7057849988341331 17.11744499951601 0.6000000000000001
    endloop
  endfacet
  facet normal 0 0 -1
    outer loop
      vertex 0.7057849988341331 17.11744499951601 0.6000000000000001
      vertex 1.2672687470912933 17.777034997940063 0.6000000000000001
      vertex 1.3679599985480309 17.63773500174284 0.6000000000000001
    endloop
  endfacet
  facet normal 0 0 -1
    outer loop
      vertex 0.7057849988341331 17.11744499951601 0.6000000000000001
      vertex 1.3679599985480309 17.63773500174284 0.6000000000000001
      vertex 0.9094799980521202 16.940276250243187 0.6000000000000001
    endloop
  endfacet
  facet normal 0 0 -1
    outer loop
      vertex 0.9094799980521202 16.940276250243187 0.6000000000000001
      vertex 1.4854487478733063 17.51791749894619 0.6000000000000001
      vertex 1.138094998896122 16.795319996774197 0.6000000000000001
    endloop
  endfacet
  facet normal 0 0 -1
    outer loop
      vertex 0.9094799980521202 16.940276250243187 0.6000000000000001
      vertex 1.3679599985480309 17.63773500174284 0.6000000000000001
      vertex 1.4854487478733063 17.51791749894619 0.6000000000000001
    endloop
  endfacet
  facet normal 0 0 -1
    outer loop
      vertex 1.4854487478733063 17.51791749894619 0.6000000000000001
      vertex 1.6181949973106384 17.419885002076626 0.6000000000000001
      vertex 1.138094998896122 16.795319996774197 0.6000000000000001
    endloop
  endfacet
  facet normal 0 0 -1
    outer loop
      vertex 1.6181949973106384 17.419885002076626 0.6000000000000001
      vertex 1.7661987468600273 17.343637503683567 0.6000000000000001
      vertex 1.3916300013661385 16.68257624655962 0.6000000000000001
    endloop
  endfacet
  facet normal 0 0 -1
    outer loop
      vertex 1.7661987468600273 17.343637503683567 0.6000000000000001
      vertex 1.929459996521473 17.289174996316433 0.6000000000000001
      vertex 1.670084998011589 16.602044999599457 0.6000000000000001
    endloop
  endfacet
  facet normal 0.9988512640321077 0.047918183828905024 0
    outer loop
      vertex 0.13208000361919403 18.731684997677803 0.6000000000000001
      vertex 0.14801625162363052 18.399494998157024 0.6000000000000001
      vertex 0.14801625162363052 18.399494998157024 0
    endloop
  endfacet
  facet normal 0.988085114567763 0.15390843501774262 0
    outer loop
      vertex 0.14801625162363052 18.399494998157024 0.6000000000000001
      vertex 0.1958250030875206 18.09256500005722 0.6000000000000001
      vertex 0.1958250030875206 18.09256500005722 0
    endloop
  endfacet
  facet normal 0.9622388693089529 0.27220646280172733 0
    outer loop
      vertex 0.1958250030875206 18.09256500005722 0.6000000000000001
      vertex 0.27550625056028366 17.81089500337839 0.6000000000000001
      vertex 0.27550625056028366 17.81089500337839 0
    endloop
  endfacet
  facet normal 0.988085114567763 0.15390843501774262 0
    outer loop
      vertex 0.14801625162363052 18.399494998157024 0.6000000000000001
      vertex 0.1958250030875206 18.09256500005722 0
      vertex 0.14801625162363052 18.399494998157024 0
    endloop
  endfacet
  facet normal 0.9622388693089529 0.27220646280172733 0
    outer loop
      vertex 0.1958250030875206 18.09256500005722 0.6000000000000001
      vertex 0.27550625056028366 17.81089500337839 0
      vertex 0.1958250030875206 18.09256500005722 0
    endloop
  endfacet
  facet normal 0.9169770017257205 0.39894006856432485 0
    outer loop
      vertex 0.27550625056028366 17.81089500337839 0.6000000000000001
      vertex 0.3870600014925003 17.554485000669956 0.6000000000000001
      vertex 0.3870600014925003 17.554485000669956 0
    endloop
  endfacet
  facet normal 0.8497162009102507 0.5272403416949907 0
    outer loop
      vertex 0.3870600014925003 17.554485000669956 0.6000000000000001
      vertex 0.5304862484335899 17.323334999382496 0.6000000000000001
      vertex 0.5304862484335899 17.323334999382496 0
    endloop
  endfacet
  facet normal 0.7614057295935223 0.6482756473462165 0
    outer loop
      vertex 0.5304862484335899 17.323334999382496 0.6000000000000001
      vertex 0.7057849988341331 17.11744499951601 0.6000000000000001
      vertex 0.7057849988341331 17.11744499951601 0
    endloop
  endfacet
  facet normal 0.9169770017257205 0.39894006856432485 0
    outer loop
      vertex 0.27550625056028366 17.81089500337839 0.6000000000000001
      vertex 0.3870600014925003 17.554485000669956 0
      vertex 0.27550625056028366 17.81089500337839 0
    endloop
  endfacet
  facet normal 0.8497162009102507 0.5272403416949907 0
    outer loop
      vertex 0.3870600014925003 17.554485000669956 0.6000000000000001
      vertex 0.5304862484335899 17.323334999382496 0
      vertex 0.3870600014925003 17.554485000669956 0
    endloop
  endfacet
  facet normal 0.7614057295935223 0.6482756473462165 0
    outer loop
      vertex 0.5304862484335899 17.323334999382496 0.6000000000000001
      vertex 0.7057849988341331 17.11744499951601 0
      vertex 0.5304862484335899 17.323334999382496 0
    endloop
  endfacet
  facet normal 0.6562686985249203 0.7545272661318525 0
    outer loop
      vertex 0.7057849988341331 17.11744499951601 0.6000000000000001
      vertex 0.9094799980521202 16.940276250243187 0
      vertex 0.7057849988341331 17.11744499951601 0
    endloop
  endfacet
  facet normal -0.9914083967296596 -0.13080287035813065 0
    outer loop
      vertex 1.047578752040863 18.506334997713566 0.6000000000000001
      vertex 1.047578752040863 18.506334997713566 0
      vertex 1.0750399976968765 18.298194997012615 0.6000000000000001
    endloop
  endfacet
  facet normal -0.9724501952036524 -0.23311074159801914 0
    outer loop
      vertex 1.0750399976968765 18.298194997012615 0.6000000000000001
      vertex 1.0750399976968765 18.298194997012615 0
      vertex 1.1208087503910065 18.10726500302553 0.6000000000000001
    endloop
  endfacet
  facet normal -0.938213150777007 -0.3460579195872871 0
    outer loop
      vertex 1.1208087503910065 18.10726500302553 0.6000000000000001
      vertex 1.1208087503910065 18.10726500302553 0
      vertex 1.1848850026726723 17.933545000851154 0.6000000000000001
    endloop
  endfacet
  facet normal -0.8848947820482811 -0.46579096674766574 0
    outer loop
      vertex 1.1848850026726723 17.933545000851154 0.6000000000000001
      vertex 1.1848850026726723 17.933545000851154 0
      vertex 1.2672687470912933 17.777034997940063 0.6000000000000001
    endloop
  endfacet
  facet normal -0.9914083967296596 -0.13080287035813065 0
    outer loop
      vertex 1.0750399976968765 18.298194997012615 0.6000000000000001
      vertex 1.047578752040863 18.506334997713566 0
      vertex 1.0750399976968765 18.298194997012615 0
    endloop
  endfacet
  facet normal -0.9724501952036524 -0.23311074159801914 0
    outer loop
      vertex 1.1208087503910065 18.10726500302553 0.6000000000000001
      vertex 1.0750399976968765 18.298194997012615 0
      vertex 1.1208087503910065 18.10726500302553 0
    endloop
  endfacet
  facet normal -0.938213150777007 -0.3460579195872871 0
    outer loop
      vertex 1.1848850026726723 17.933545000851154 0.6000000000000001
      vertex 1.1208087503910065 18.10726500302553 0
      vertex 1.1848850026726723 17.933545000851154 0
    endloop
  endfacet
  facet normal -0.8848947820482811 -0.46579096674766574 0
    outer loop
      vertex 1.2672687470912933 17.777034997940063 0.6000000000000001
      vertex 1.1848850026726723 17.933545000851154 0
      vertex 1.2672687470912933 17.777034997940063 0
    endloop
  endfacet
  facet normal -0.8104425080874208 -0.58581818091023 0
    outer loop
      vertex 1.2672687470912933 17.777034997940063 0.6000000000000001
      vertex 1.2672687470912933 17.777034997940063 0
      vertex 1.3679599985480309 17.63773500174284 0.6000000000000001
    endloop
  endfacet
  facet normal -0.7140114413133399 -0.7001340312209136 0
    outer loop
      vertex 1.3679599985480309 17.63773500174284 0.6000000000000001
      vertex 1.3679599985480309 17.63773500174284 0
      vertex 1.4854487478733063 17.51791749894619 0.6000000000000001
    endloop
  endfacet
  facet normal -0.5940606634051593 -0.8044202435261197 0
    outer loop
      vertex 1.4854487478733063 17.51791749894619 0.6000000000000001
      vertex 1.4854487478733063 17.51791749894619 0
      vertex 1.6181949973106384 17.419885002076626 0.6000000000000001
    endloop
  endfacet
  facet normal -0.45797150641211426 -0.8889668718881591 0
    outer loop
      vertex 1.6181949973106384 17.419885002076626 0.6000000000000001
      vertex 1.6181949973106384 17.419885002076626 0
      vertex 1.7661987468600273 17.343637503683567 0.6000000000000001
    endloop
  endfacet
  facet normal -0.31644786476427456 -0.9486099034303466 0
    outer loop
      vertex 1.7661987468600273 17.343637503683567 0.6000000000000001
      vertex 1.7661987468600273 17.343637503683567 0
      vertex 1.929459996521473 17.289174996316433 0.6000000000000001
    endloop
  endfacet
  facet normal -0.8104425080874208 -0.58581818091023 0
    outer loop
      vertex 1.3679599985480309 17.63773500174284 0.6000000000000001
      vertex 1.2672687470912933 17.777034997940063 0
      vertex 1.3679599985480309 17.63773500174284 0
    endloop
  endfacet
  facet normal -0.7140114413133399 -0.7001340312209136 0
    outer loop
      vertex 1.4854487478733063 17.51791749894619 0.6000000000000001
      vertex 1.3679599985480309 17.63773500174284 0
      vertex 1.4854487478733063 17.51791749894619 0
    endloop
  endfacet
  facet normal -0.5940606634051593 -0.8044202435261197 0
    outer loop
      vertex 1.6181949973106384 17.419885002076626 0.6000000000000001
      vertex 1.4854487478733063 17.51791749894619 0
      vertex 1.6181949973106384 17.419885002076626 0
    endloop
  endfacet
  facet normal -0.45797150641211426 -0.8889668718881591 0
    outer loop
      vertex 1.7661987468600273 17.343637503683567 0.6000000000000001
      vertex 1.6181949973106384 17.419885002076626 0
      vertex 1.7661987468600273 17.343637503683567 0
    endloop
  endfacet
  facet normal -0.31644786476427456 -0.9486099034303466 0
    outer loop
      vertex 1.929459996521473 17.289174996316433 0.6000000000000001
      vertex 1.7661987468600273 17.343637503683567 0
      vertex 1.929459996521473 17.289174996316433 0
    endloop
  endfacet
  facet normal 0 0 -1
    outer loop
      vertex 1.6181949973106384 17.419885002076626 0.6000000000000001
      vertex 1.3916300013661385 16.68257624655962 0.6000000000000001
      vertex 1.138094998896122 16.795319996774197 0.6000000000000001
    endloop
  endfacet
  facet normal 0 0 -1
    outer loop
      vertex 1.7661987468600273 17.343637503683567 0.6000000000000001
      vertex 1.670084998011589 16.602044999599457 0.6000000000000001
      vertex 1.3916300013661385 16.68257624655962 0.6000000000000001
    endloop
  endfacet
  facet normal 0 0 -1
    outer loop
      vertex 1.929459996521473 17.289174996316433 0.6000000000000001
      vertex 1.9734599962830544 16.553726248443127 0.6000000000000001
      vertex 1.670084998011589 16.602044999599457 0.6000000000000001
    endloop
  endfacet
  facet normal 0.6562686985249203 0.7545272661318525 0
    outer loop
      vertex 0.7057849988341331 17.11744499951601 0.6000000000000001
      vertex 0.9094799980521202 16.940276250243187 0.6000000000000001
      vertex 0.9094799980521202 16.940276250243187 0
    endloop
  endfacet
  facet normal 0.5354916684401508 0.8445405100000732 0
    outer loop
      vertex 0.9094799980521202 16.940276250243187 0.6000000000000001
      vertex 1.138094998896122 16.795319996774197 0.6000000000000001
      vertex 1.138094998896122 16.795319996774197 0
    endloop
  endfacet
  facet normal 0.40632362227892066 0.9137292344990047 0
    outer loop
      vertex 1.138094998896122 16.795319996774197 0.6000000000000001
      vertex 1.3916300013661385 16.68257624655962 0.6000000000000001
      vertex 1.3916300013661385 16.68257624655962 0
    endloop
  endfacet
  facet normal 0.2778220488122211 0.9606325568050356 0
    outer loop
      vertex 1.3916300013661385 16.68257624655962 0.6000000000000001
      vertex 1.670084998011589 16.602044999599457 0.6000000000000001
      vertex 1.670084998011589 16.602044999599457 0
    endloop
  endfacet
  facet normal 0.15728822535422465 0.9875527399409708 0
    outer loop
      vertex 1.670084998011589 16.602044999599457 0.6000000000000001
      vertex 1.9734599962830544 16.553726248443127 0.6000000000000001
      vertex 1.9734599962830544 16.553726248443127 0
    endloop
  endfacet
  facet normal 0.5354916684401508 0.8445405100000732 0
    outer loop
      vertex 0.9094799980521202 16.940276250243187 0.6000000000000001
      vertex 1.138094998896122 16.795319996774197 0
      vertex 0.9094799980521202 16.940276250243187 0
    endloop
  endfacet
  facet normal 0.40632362227892066 0.9137292344990047 0
    outer loop
      vertex 1.138094998896122 16.795319996774197 0.6000000000000001
      vertex 1.3916300013661385 16.68257624655962 0
      vertex 1.138094998896122 16.795319996774197 0
    endloop
  endfacet
  facet normal 0.2778220488122211 0.9606325568050356 0
    outer loop
      vertex 1.3916300013661385 16.68257624655962 0.6000000000000001
      vertex 1.670084998011589 16.602044999599457 0
      vertex 1.3916300013661385 16.68257624655962 0
    endloop
  endfacet
  facet normal 0.15728822535422465 0.9875527399409708 0
    outer loop
      vertex 1.670084998011589 16.602044999599457 0.6000000000000001
      vertex 1.9734599962830544 16.553726248443127 0
      vertex 1.670084998011589 16.602044999599457 0
    endloop
  endfacet
  facet normal 0 0 -1
    outer loop
      vertex 1.929459996521473 17.289174996316433 0.6000000000000001
      vertex 2.1079787462949753 17.256497502326965 0.6000000000000001
      vertex 1.9734599962830544 16.553726248443127 0.6000000000000001
    endloop
  endfacet
  facet normal 0 0 -1
    outer loop
      vertex 2.4927262514829636 17.256582498550415 0.6000000000000001
      vertex 2.6689499989151955 17.289515003561974 0.6000000000000001
      vertex 2.6300912499427795 16.553894996643066 0.6000000000000001
    endloop
  endfacet
  facet normal 0 0 -1
    outer loop
      vertex 2.6689499989151955 17.289515003561974 0.6000000000000001
      vertex 2.8304262533783913 17.344402499496937 0.6000000000000001
      vertex 2.9335900023579597 16.602719999849796 0.6000000000000001
    endloop
  endfacet
  facet normal 0 0 -1
    outer loop
      vertex 3.4735549986362457 18.11108999699354 0.6000000000000001
      vertex 4.330636247992516 17.818511247634888 0.6000000000000001
      vertex 3.409469999372959 17.937624998390675 0.6000000000000001
    endloop
  endfacet
  facet normal 0 0 -1
    outer loop
      vertex 2.8304262533783913 17.344402499496937 0.6000000000000001
      vertex 2.9771549999713898 17.421245001256466 0.6000000000000001
      vertex 3.212251253426075 16.68409500271082 0.6000000000000001
    endloop
  endfacet
  facet normal 0 0 -1
    outer loop
      vertex 3.109136253595352 17.52004250138998 0.6000000000000001
      vertex 3.4660750031471252 16.798019997775555 0.6000000000000001
      vertex 2.9771549999713898 17.421245001256466 0.6000000000000001
    endloop
  endfacet
  facet normal 0 0 -1
    outer loop
      vertex 3.327074997127056 17.780859999358654 0.6000000000000001
      vertex 3.899209998548031 17.123520001769066 0.6000000000000001
      vertex 3.2263699993491173 17.64079499989748 0.6000000000000001
    endloop
  endfacet
  facet normal 0 0 -1
    outer loop
      vertex 3.327074997127056 17.780859999358654 0.6000000000000001
      vertex 3.409469999372959 17.937624998390675 0.6000000000000001
      vertex 4.074976250529289 17.330941252410412 0.6000000000000001
    endloop
  endfacet
  facet normal 0 0 -1
    outer loop
      vertex 3.327074997127056 17.780859999358654 0.6000000000000001
      vertex 4.074976250529289 17.330941252410412 0.6000000000000001
      vertex 3.899209998548031 17.123520001769066 0.6000000000000001
    endloop
  endfacet
  facet normal 0 0 -1
    outer loop
      vertex 3.109136253595352 17.52004250138998 0.6000000000000001
      vertex 3.2263699993491173 17.64079499989748 0.6000000000000001
      vertex 3.6950612515211105 16.944494999945164 0.6000000000000001
    endloop
  endfacet
  facet normal 0 0 -1
    outer loop
      vertex 3.109136253595352 17.52004250138998 0.6000000000000001
      vertex 3.6950612515211105 16.944494999945164 0.6000000000000001
      vertex 3.4660750031471252 16.798019997775555 0.6000000000000001
    endloop
  endfacet
  facet normal 0 0 -1
    outer loop
      vertex 3.2263699993491173 17.64079499989748 0.6000000000000001
      vertex 3.899209998548031 17.123520001769066 0.6000000000000001
      vertex 3.6950612515211105 16.944494999945164 0.6000000000000001
    endloop
  endfacet
  facet normal -0.18005628628959014 -0.9836563087621616 0
    outer loop
      vertex 1.929459996521473 17.289174996316433 0.6000000000000001
      vertex 1.929459996521473 17.289174996316433 0
      vertex 2.1079787462949753 17.256497502326965 0.6000000000000001
    endloop
  endfacet
  facet normal -0.056123154272626145 -0.9984238536586008 0
    outer loop
      vertex 2.1079787462949753 17.256497502326965 0.6000000000000001
      vertex 2.1079787462949753 17.256497502326965 0
      vertex 2.301755003631115 17.245604999363422 0.6000000000000001
    endloop
  endfacet
  facet normal 0.05738773776594801 -0.9983519657686395 0
    outer loop
      vertex 2.301755003631115 17.245604999363422 0.6000000000000001
      vertex 2.301755003631115 17.245604999363422 0
      vertex 2.4927262514829636 17.256582498550415 0.6000000000000001
    endloop
  endfacet
  facet normal 0.18369873298956435 -0.982982591655635 0
    outer loop
      vertex 2.4927262514829636 17.256582498550415 0.6000000000000001
      vertex 2.4927262514829636 17.256582498550415 0
      vertex 2.6689499989151955 17.289515003561974 0.6000000000000001
    endloop
  endfacet
  facet normal 0.32182688767580514 -0.946798528922022 0
    outer loop
      vertex 2.6689499989151955 17.289515003561974 0.6000000000000001
      vertex 2.6689499989151955 17.289515003561974 0
      vertex 2.8304262533783913 17.344402499496937 0.6000000000000001
    endloop
  endfacet
  facet normal -0.18005628628959014 -0.9836563087621616 0
    outer loop
      vertex 2.1079787462949753 17.256497502326965 0.6000000000000001
      vertex 1.929459996521473 17.289174996316433 0
      vertex 2.1079787462949753 17.256497502326965 0
    endloop
  endfacet
  facet normal -0.056123154272626145 -0.9984238536586008 0
    outer loop
      vertex 2.301755003631115 17.245604999363422 0.6000000000000001
      vertex 2.1079787462949753 17.256497502326965 0
      vertex 2.301755003631115 17.245604999363422 0
    endloop
  endfacet
  facet normal 0.05738773776594801 -0.9983519657686395 0
    outer loop
      vertex 2.4927262514829636 17.256582498550415 0.6000000000000001
      vertex 2.301755003631115 17.245604999363422 0
      vertex 2.4927262514829636 17.256582498550415 0
    endloop
  endfacet
  facet normal 0.18369873298956435 -0.982982591655635 0
    outer loop
      vertex 2.6689499989151955 17.289515003561974 0.6000000000000001
      vertex 2.4927262514829636 17.256582498550415 0
      vertex 2.6689499989151955 17.289515003561974 0
    endloop
  endfacet
  facet normal 0.32182688767580514 -0.946798528922022 0
    outer loop
      vertex 2.8304262533783913 17.344402499496937 0.6000000000000001
      vertex 2.6689499989151955 17.289515003561974 0
      vertex 2.8304262533783913 17.344402499496937 0
    endloop
  endfacet
  facet normal 0.9913011966914195 -0.13161283158628462 0
    outer loop
      vertex 3.546795003116131 18.508120000362396 0.6000000000000001
      vertex 3.5193300023674965 18.301255002617836 0.6000000000000001
      vertex 3.5193300023674965 18.301255002617836 0
    endloop
  endfacet
  facet normal 0.9380325267792023 -0.34654722434933016 0
    outer loop
      vertex 3.4735549986362457 18.11108999699354 0.6000000000000001
      vertex 3.409469999372959 17.937624998390675 0.6000000000000001
      vertex 3.409469999372959 17.937624998390675 0
    endloop
  endfacet
  facet normal 0.9722299895177686 -0.23402745027513214 0
    outer loop
      vertex 3.4735549986362457 18.11108999699354 0.6000000000000001
      vertex 3.4735549986362457 18.11108999699354 0
      vertex 3.5193300023674965 18.301255002617836 0.6000000000000001
    endloop
  endfacet
  facet normal 0.885180804931107 -0.46524718438859763 0
    outer loop
      vertex 3.327074997127056 17.780859999358654 0.6000000000000001
      vertex 3.327074997127056 17.780859999358654 0
      vertex 3.409469999372959 17.937624998390675 0.6000000000000001
    endloop
  endfacet
  facet normal 0.9913011966914195 -0.13161283158628462 0
    outer loop
      vertex 3.546795003116131 18.508120000362396 0.6000000000000001
      vertex 3.5193300023674965 18.301255002617836 0
      vertex 3.546795003116131 18.508120000362396 0
    endloop
  endfacet
  facet normal 0.9722299895177686 -0.23402745027513214 0
    outer loop
      vertex 3.5193300023674965 18.301255002617836 0.6000000000000001
      vertex 3.4735549986362457 18.11108999699354 0
      vertex 3.5193300023674965 18.301255002617836 0
    endloop
  endfacet
  facet normal 0.9380325267792023 -0.34654722434933016 0
    outer loop
      vertex 3.4735549986362457 18.11108999699354 0.6000000000000001
      vertex 3.409469999372959 17.937624998390675 0
      vertex 3.4735549986362457 18.11108999699354 0
    endloop
  endfacet
  facet normal 0.885180804931107 -0.46524718438859763 0
    outer loop
      vertex 3.409469999372959 17.937624998390675 0.6000000000000001
      vertex 3.327074997127056 17.780859999358654 0
      vertex 3.409469999372959 17.937624998390675 0
    endloop
  endfacet
  facet normal 0.599268225192504 -0.8005483085202455 0
    outer loop
      vertex 3.109136253595352 17.52004250138998 0.6000000000000001
      vertex 2.9771549999713898 17.421245001256466 0.6000000000000001
      vertex 2.9771549999713898 17.421245001256466 0
    endloop
  endfacet
  facet normal 0.8119239357910628 -0.5837632418108818 0
    outer loop
      vertex 3.327074997127056 17.780859999358654 0.6000000000000001
      vertex 3.2263699993491173 17.64079499989748 0.6000000000000001
      vertex 3.2263699993491173 17.64079499989748 0
    endloop
  endfacet
  facet normal 0.7174833088038427 -0.6965756969546739 0
    outer loop
      vertex 3.109136253595352 17.52004250138998 0.6000000000000001
      vertex 3.109136253595352 17.52004250138998 0
      vertex 3.2263699993491173 17.64079499989748 0.6000000000000001
    endloop
  endfacet
  facet normal 0.4639339721263637 -0.8858697813488472 0
    outer loop
      vertex 2.8304262533783913 17.344402499496937 0.6000000000000001
      vertex 2.8304262533783913 17.344402499496937 0
      vertex 2.9771549999713898 17.421245001256466 0.6000000000000001
    endloop
  endfacet
  facet normal 0.599268225192504 -0.8005483085202455 0
    outer loop
      vertex 3.109136253595352 17.52004250138998 0.6000000000000001
      vertex 2.9771549999713898 17.421245001256466 0
      vertex 3.109136253595352 17.52004250138998 0
    endloop
  endfacet
  facet normal 0.7174833088038427 -0.6965756969546739 0
    outer loop
      vertex 3.2263699993491173 17.64079499989748 0.6000000000000001
      vertex 3.109136253595352 17.52004250138998 0
      vertex 3.2263699993491173 17.64079499989748 0
    endloop
  endfacet
  facet normal 0.8119239357910628 -0.5837632418108818 0
    outer loop
      vertex 3.327074997127056 17.780859999358654 0.6000000000000001
      vertex 3.2263699993491173 17.64079499989748 0
      vertex 3.327074997127056 17.780859999358654 0
    endloop
  endfacet
  facet normal 0.4639339721263637 -0.8858697813488472 0
    outer loop
      vertex 2.9771549999713898 17.421245001256466 0.6000000000000001
      vertex 2.8304262533783913 17.344402499496937 0
      vertex 2.9771549999713898 17.421245001256466 0
    endloop
  endfacet
  facet normal 0 0 -1
    outer loop
      vertex 2.1079787462949753 17.256497502326965 0.6000000000000001
      vertex 2.301755003631115 16.53762000054121 0.6000000000000001
      vertex 1.9734599962830544 16.553726248443127 0.6000000000000001
    endloop
  endfacet
  facet normal 0 0 -1
    outer loop
      vertex 2.1079787462949753 17.256497502326965 0.6000000000000001
      vertex 2.301755003631115 17.245604999363422 0.6000000000000001
      vertex 2.301755003631115 16.53762000054121 0.6000000000000001
    endloop
  endfacet
  facet normal 0 0 -1
    outer loop
      vertex 2.301755003631115 17.245604999363422 0.6000000000000001
      vertex 2.4927262514829636 17.256582498550415 0.6000000000000001
      vertex 2.301755003631115 16.53762000054121 0.6000000000000001
    endloop
  endfacet
  facet normal 0 0 -1
    outer loop
      vertex 2.4927262514829636 17.256582498550415 0.6000000000000001
      vertex 2.6300912499427795 16.553894996643066 0.6000000000000001
      vertex 2.301755003631115 16.53762000054121 0.6000000000000001
    endloop
  endfacet
  facet normal 0 0 -1
    outer loop
      vertex 2.6689499989151955 17.289515003561974 0.6000000000000001
      vertex 2.9335900023579597 16.602719999849796 0.6000000000000001
      vertex 2.6300912499427795 16.553894996643066 0.6000000000000001
    endloop
  endfacet
  facet normal 0 0 -1
    outer loop
      vertex 2.8304262533783913 17.344402499496937 0.6000000000000001
      vertex 3.212251253426075 16.68409500271082 0.6000000000000001
      vertex 2.9335900023579597 16.602719999849796 0.6000000000000001
    endloop
  endfacet
  facet normal 0 0 -1
    outer loop
      vertex 2.9771549999713898 17.421245001256466 0.6000000000000001
      vertex 3.4660750031471252 16.798019997775555 0.6000000000000001
      vertex 3.212251253426075 16.68409500271082 0.6000000000000001
    endloop
  endfacet
  facet normal 0.0490013533612956 0.998798712138117 0
    outer loop
      vertex 1.9734599962830544 16.553726248443127 0.6000000000000001
      vertex 2.301755003631115 16.53762000054121 0.6000000000000001
      vertex 2.301755003631115 16.53762000054121 0
    endloop
  endfacet
  facet normal -0.049507294023255335 0.9987737620895409 0
    outer loop
      vertex 2.301755003631115 16.53762000054121 0.6000000000000001
      vertex 2.6300912499427795 16.553894996643066 0.6000000000000001
      vertex 2.6300912499427795 16.553894996643066 0
    endloop
  endfacet
  facet normal -0.15883163523414523 0.9873056829821488 0
    outer loop
      vertex 2.6300912499427795 16.553894996643066 0.6000000000000001
      vertex 2.9335900023579597 16.602719999849796 0.6000000000000001
      vertex 2.9335900023579597 16.602719999849796 0
    endloop
  endfacet
  facet normal 0.0490013533612956 0.998798712138117 0
    outer loop
      vertex 1.9734599962830544 16.553726248443127 0.6000000000000001
      vertex 2.301755003631115 16.53762000054121 0
      vertex 1.9734599962830544 16.553726248443127 0
    endloop
  endfacet
  facet normal -0.049507294023255335 0.9987737620895409 0
    outer loop
      vertex 2.301755003631115 16.53762000054121 0.6000000000000001
      vertex 2.6300912499427795 16.553894996643066 0
      vertex 2.301755003631115 16.53762000054121 0
    endloop
  endfacet
  facet normal -0.15883163523414523 0.9873056829821488 0
    outer loop
      vertex 2.6300912499427795 16.553894996643066 0.6000000000000001
      vertex 2.9335900023579597 16.602719999849796 0
      vertex 2.6300912499427795 16.553894996643066 0
    endloop
  endfacet
  facet normal -0.28031365507412953 0.9599084616665184 0
    outer loop
      vertex 2.9335900023579597 16.602719999849796 0.6000000000000001
      vertex 3.212251253426075 16.68409500271082 0.6000000000000001
      vertex 3.212251253426075 16.68409500271082 0
    endloop
  endfacet
  facet normal -0.40948065342213946 0.9123188008985552 0
    outer loop
      vertex 3.212251253426075 16.68409500271082 0.6000000000000001
      vertex 3.4660750031471252 16.798019997775555 0.6000000000000001
      vertex 3.4660750031471252 16.798019997775555 0
    endloop
  endfacet
  facet normal -0.5388548206628961 0.8423986480570574 0
    outer loop
      vertex 3.4660750031471252 16.798019997775555 0.6000000000000001
      vertex 3.6950612515211105 16.944494999945164 0.6000000000000001
      vertex 3.6950612515211105 16.944494999945164 0
    endloop
  endfacet
  facet normal -0.28031365507412953 0.9599084616665184 0
    outer loop
      vertex 2.9335900023579597 16.602719999849796 0.6000000000000001
      vertex 3.212251253426075 16.68409500271082 0
      vertex 2.9335900023579597 16.602719999849796 0
    endloop
  endfacet
  facet normal -0.40948065342213946 0.9123188008985552 0
    outer loop
      vertex 3.212251253426075 16.68409500271082 0.6000000000000001
      vertex 3.4660750031471252 16.798019997775555 0
      vertex 3.212251253426075 16.68409500271082 0
    endloop
  endfacet
  facet normal -0.5388548206628961 0.8423986480570574 0
    outer loop
      vertex 3.4660750031471252 16.798019997775555 0.6000000000000001
      vertex 3.6950612515211105 16.944494999945164 0
      vertex 3.4660750031471252 16.798019997775555 0
    endloop
  endfacet
  facet normal -0.6593278193009701 0.751855588990218 0
    outer loop
      vertex 3.6950612515211105 16.944494999945164 0.6000000000000001
      vertex 3.899209998548031 17.123520001769066 0
      vertex 3.6950612515211105 16.944494999945164 0
    endloop
  endfacet
  facet normal 0 0 -1
    outer loop
      vertex 3.546795003116131 18.508120000362396 0.6000000000000001
      vertex 4.458466246724129 18.403051249682903 0.6000000000000001
      vertex 3.5193300023674965 18.301255002617836 0.6000000000000001
    endloop
  endfacet
  facet normal 0 0 -1
    outer loop
      vertex 3.546795003116131 18.508120000362396 0.6000000000000001
      vertex 4.474445000290871 18.731684997677803 0.6000000000000001
      vertex 4.458466246724129 18.403051249682903 0.6000000000000001
    endloop
  endfacet
  facet normal 0 0 -1
    outer loop
      vertex 3.5193300023674965 18.301255002617836 0.6000000000000001
      vertex 4.458466246724129 18.403051249682903 0.6000000000000001
      vertex 4.410530000925064 18.098659999668598 0.6000000000000001
    endloop
  endfacet
  facet normal 0 0 -1
    outer loop
      vertex 3.4735549986362457 18.11108999699354 0.6000000000000001
      vertex 3.5193300023674965 18.301255002617836 0.6000000000000001
      vertex 4.410530000925064 18.098659999668598 0.6000000000000001
    endloop
  endfacet
  facet normal 0 0 -1
    outer loop
      vertex 3.4735549986362457 18.11108999699354 0.6000000000000001
      vertex 4.410530000925064 18.098659999668598 0.6000000000000001
      vertex 4.330636247992516 17.818511247634888 0.6000000000000001
    endloop
  endfacet
  facet normal 0 0 -1
    outer loop
      vertex 3.409469999372959 17.937624998390675 0.6000000000000001
      vertex 4.218785002827644 17.562605001032352 0.6000000000000001
      vertex 4.074976250529289 17.330941252410412 0.6000000000000001
    endloop
  endfacet
  facet normal 0 0 -1
    outer loop
      vertex 3.409469999372959 17.937624998390675 0.6000000000000001
      vertex 4.330636247992516 17.818511247634888 0.6000000000000001
      vertex 4.218785002827644 17.562605001032352 0.6000000000000001
    endloop
  endfacet
  facet normal 0 0 -1
    outer loop
      vertex 5.155249997973442 16.601700000464916 0.6000000000000001
      vertex 5.954764999449253 18.365520000457764 0.6000000000000001
      vertex 5.9532399997115135 18.262613750994205 0.6000000000000001
    endloop
  endfacet
  facet normal 0 0 -1
    outer loop
      vertex 5.155249997973442 16.601700000464916 0.6000000000000001
      vertex 5.9532399997115135 18.262613750994205 0.6000000000000001
      vertex 5.948665000498295 18.14919500052929 0.6000000000000001
    endloop
  endfacet
  facet normal 0 0 -1
    outer loop
      vertex 5.155249997973442 16.601700000464916 0.6000000000000001
      vertex 5.948665000498295 18.14919500052929 0.6000000000000001
      vertex 5.941040001809597 18.025263749063015 0.6000000000000001
    endloop
  endfacet
  facet normal 0 0 -1
    outer loop
      vertex 5.155249997973442 16.601700000464916 0.6000000000000001
      vertex 5.941040001809597 18.025263749063015 0.6000000000000001
      vertex 5.93036500364542 17.890819996595383 0.6000000000000001
    endloop
  endfacet
  facet normal 0 0 -1
    outer loop
      vertex 5.155249997973442 16.601700000464916 0.6000000000000001
      vertex 5.93036500364542 17.890819996595383 0.6000000000000001
      vertex 5.916639998555183 17.745863750576973 0.6000000000000001
    endloop
  endfacet
  facet normal 0 0 -1
    outer loop
      vertex 5.155249997973442 16.601700000464916 0.6000000000000001
      vertex 5.916639998555183 17.745863750576973 0.6000000000000001
      vertex 5.899865001440048 17.590395003557205 0.6000000000000001
    endloop
  endfacet
  facet normal -0.9878256435755541 0.15556509214647793 0
    outer loop
      vertex 4.458466246724129 18.403051249682903 0.6000000000000001
      vertex 4.458466246724129 18.403051249682903 0
      vertex 4.410530000925064 18.098659999668598 0.6000000000000001
    endloop
  endfacet
  facet normal -0.9616587077197902 0.27424902892572495 0
    outer loop
      vertex 4.330636247992516 17.818511247634888 0.6000000000000001
      vertex 4.410530000925064 18.098659999668598 0.6000000000000001
      vertex 4.410530000925064 18.098659999668598 0
    endloop
  endfacet
  facet normal -0.9988200535812741 0.04856439605205383 0
    outer loop
      vertex 4.458466246724129 18.403051249682903 0.6000000000000001
      vertex 4.474445000290871 18.731684997677803 0
      vertex 4.458466246724129 18.403051249682903 0
    endloop
  endfacet
  facet normal -0.9878256435755541 0.15556509214647793 0
    outer loop
      vertex 4.410530000925064 18.098659999668598 0.6000000000000001
      vertex 4.458466246724129 18.403051249682903 0
      vertex 4.410530000925064 18.098659999668598 0
    endloop
  endfacet
  facet normal -0.9616587077197902 0.27424902892572495 0
    outer loop
      vertex 4.330636247992516 17.818511247634888 0.6000000000000001
      vertex 4.410530000925064 18.098659999668598 0
      vertex 4.330636247992516 17.818511247634888 0
    endloop
  endfacet
  facet normal -0.8496114734999767 0.5274090860965502 0
    outer loop
      vertex 4.218785002827644 17.562605001032352 0.6000000000000001
      vertex 4.218785002827644 17.562605001032352 0
      vertex 4.074976250529289 17.330941252410412 0.6000000000000001
    endloop
  endfacet
  facet normal -0.7629218488125916 0.6464907212051672 0
    outer loop
      vertex 3.899209998548031 17.123520001769066 0.6000000000000001
      vertex 4.074976250529289 17.330941252410412 0.6000000000000001
      vertex 4.074976250529289 17.330941252410412 0
    endloop
  endfacet
  facet normal -0.6593278193009701 0.751855588990218 0
    outer loop
      vertex 3.899209998548031 17.123520001769066 0.6000000000000001
      vertex 3.899209998548031 17.123520001769066 0
      vertex 3.6950612515211105 16.944494999945164 0.6000000000000001
    endloop
  endfacet
  facet normal -0.9162989360658279 0.4004950184017674 0
    outer loop
      vertex 4.330636247992516 17.818511247634888 0.6000000000000001
      vertex 4.330636247992516 17.818511247634888 0
      vertex 4.218785002827644 17.562605001032352 0.6000000000000001
    endloop
  endfacet
  facet normal -0.9162989360658279 0.4004950184017674 0
    outer loop
      vertex 4.218785002827644 17.562605001032352 0.6000000000000001
      vertex 4.330636247992516 17.818511247634888 0
      vertex 4.218785002827644 17.562605001032352 0
    endloop
  endfacet
  facet normal -0.8496114734999767 0.5274090860965502 0
    outer loop
      vertex 4.074976250529289 17.330941252410412 0.6000000000000001
      vertex 4.218785002827644 17.562605001032352 0
      vertex 4.074976250529289 17.330941252410412 0
    endloop
  endfacet
  facet normal -0.7629218488125916 0.6464907212051672 0
    outer loop
      vertex 3.899209998548031 17.123520001769066 0.6000000000000001
      vertex 4.074976250529289 17.330941252410412 0
      vertex 3.899209998548031 17.123520001769066 0
    endloop
  endfacet
  facet normal 1 0 0
    outer loop
      vertex 5.155249997973442 20.901359997689724 0.6000000000000001
      vertex 5.155249997973442 16.601700000464916 0.6000000000000001
      vertex 5.155249997973442 16.601700000464916 0
    endloop
  endfacet
  facet normal 0 1 0
    outer loop
      vertex 5.155249997973442 16.601700000464916 0.6000000000000001
      vertex 6.183634996414185 16.601700000464916 0
      vertex 5.155249997973442 16.601700000464916 0
    endloop
  endfacet
  facet normal 0 0 -1
    outer loop
      vertex 5.899865001440048 17.590395003557205 0.6000000000000001
      vertex 8.08474999666214 19.940114997327328 0.6000000000000001
      vertex 6.183634996414185 16.601700000464916 0.6000000000000001
    endloop
  endfacet
  facet normal -0.9998902120901414 0.014817684243227663 0
    outer loop
      vertex 5.954764999449253 18.365520000457764 0.6000000000000001
      vertex 5.954764999449253 18.365520000457764 0
      vertex 5.9532399997115135 18.262613750994205 0.6000000000000001
    endloop
  endfacet
  facet normal -0.9991874450285188 0.04030446249958906 0
    outer loop
      vertex 5.9532399997115135 18.262613750994205 0.6000000000000001
      vertex 5.9532399997115135 18.262613750994205 0
      vertex 5.948665000498295 18.14919500052929 0.6000000000000001
    endloop
  endfacet
  facet normal -0.9968625504105666 0.07915210413463812 0
    outer loop
      vertex 5.941040001809597 18.025263749063015 0.6000000000000001
      vertex 5.941040001809597 18.025263749063015 0
      vertex 5.93036500364542 17.890819996595383 0.6000000000000001
    endloop
  endfacet
  facet normal -0.9955474069600594 0.09426219016711694 0
    outer loop
      vertex 5.93036500364542 17.890819996595383 0.6000000000000001
      vertex 5.93036500364542 17.890819996595383 0
      vertex 5.916639998555183 17.745863750576973 0.6000000000000001
    endloop
  endfacet
  facet normal -0.9981126301479868 0.061409914012868834 0
    outer loop
      vertex 5.948665000498295 18.14919500052929 0.6000000000000001
      vertex 5.948665000498295 18.14919500052929 0
      vertex 5.941040001809597 18.025263749063015 0.6000000000000001
    endloop
  endfacet
  facet normal -0.9998902120901414 0.014817684243227663 0
    outer loop
      vertex 5.9532399997115135 18.262613750994205 0.6000000000000001
      vertex 5.954764999449253 18.365520000457764 0
      vertex 5.9532399997115135 18.262613750994205 0
    endloop
  endfacet
  facet normal -0.9991874450285188 0.04030446249958906 0
    outer loop
      vertex 5.948665000498295 18.14919500052929 0.6000000000000001
      vertex 5.9532399997115135 18.262613750994205 0
      vertex 5.948665000498295 18.14919500052929 0
    endloop
  endfacet
  facet normal -0.9968625504105666 0.07915210413463812 0
    outer loop
      vertex 5.93036500364542 17.890819996595383 0.6000000000000001
      vertex 5.941040001809597 18.025263749063015 0
      vertex 5.93036500364542 17.890819996595383 0
    endloop
  endfacet
  facet normal -0.9955474069600594 0.09426219016711694 0
    outer loop
      vertex 5.916639998555183 17.745863750576973 0.6000000000000001
      vertex 5.93036500364542 17.890819996595383 0
      vertex 5.916639998555183 17.745863750576973 0
    endloop
  endfacet
  facet normal -0.9981126301479868 0.061409914012868834 0
    outer loop
      vertex 5.941040001809597 18.025263749063015 0.6000000000000001
      vertex 5.948665000498295 18.14919500052929 0
      vertex 5.941040001809597 18.025263749063015 0
    endloop
  endfacet
  facet normal -0.9942291914996192 0.10727681375774313 0
    outer loop
      vertex 5.916639998555183 17.745863750576973 0.6000000000000001
      vertex 5.916639998555183 17.745863750576973 0
      vertex 5.899865001440048 17.590395003557205 0.6000000000000001
    endloop
  endfacet
  facet normal -0.9942291914996192 0.10727681375774313 0
    outer loop
      vertex 5.899865001440048 17.590395003557205 0.6000000000000001
      vertex 5.916639998555183 17.745863750576973 0
      vertex 5.899865001440048 17.590395003557205 0
    endloop
  endfacet
  facet normal -0.8689767062037592 0.49485299238790637 0
    outer loop
      vertex 8.08474999666214 19.940114997327328 0.6000000000000001
      vertex 6.183634996414185 16.601700000464916 0
      vertex 6.183634996414185 16.601700000464916 0.6000000000000001
    endloop
  endfacet
  facet normal 0 0 -1
    outer loop
      vertex 5.155249997973442 16.601700000464916 0.6000000000000001
      vertex 5.899865001440048 17.590395003557205 0.6000000000000001
      vertex 6.183634996414185 16.601700000464916 0.6000000000000001
    endloop
  endfacet
  facet normal 0 1 0
    outer loop
      vertex 5.155249997973442 16.601700000464916 0.6000000000000001
      vertex 6.183634996414185 16.601700000464916 0.6000000000000001
      vertex 6.183634996414185 16.601700000464916 0
    endloop
  endfacet
  facet normal 0 0 -1
    outer loop
      vertex 7.773484997451305 20.901359997689724 0.6000000000000001
      vertex 8.829365000128746 20.901359997689724 0.6000000000000001
      vertex 8.08474999666214 19.940114997327328 0.6000000000000001
    endloop
  endfacet
  facet normal 0 -1 0
    outer loop
      vertex 7.773484997451305 20.901359997689724 0.6000000000000001
      vertex 7.773484997451305 20.901359997689724 0
      vertex 8.829365000128746 20.901359997689724 0.6000000000000001
    endloop
  endfacet
  facet normal 0 -1 0
    outer loop
      vertex 8.829365000128746 20.901359997689724 0.6000000000000001
      vertex 7.773484997451305 20.901359997689724 0
      vertex 8.829365000128746 20.901359997689724 0
    endloop
  endfacet
  facet normal 0 0 -1
    outer loop
      vertex 8.054250001907349 19.64207500219345 0.6000000000000001
      vertex 8.829365000128746 16.601700000464916 0.6000000000000001
      vertex 8.043574996292591 19.49992500245571 0.6000000000000001
    endloop
  endfacet
  facet normal 0 0 -1
    outer loop
      vertex 8.08474999666214 19.940114997327328 0.6000000000000001
      vertex 8.829365000128746 16.601700000464916 0.6000000000000001
      vertex 8.067974999547005 19.78880500048399 0.6000000000000001
    endloop
  endfacet
  facet normal 0 0 -1
    outer loop
      vertex 8.067974999547005 19.78880500048399 0.6000000000000001
      vertex 8.829365000128746 16.601700000464916 0.6000000000000001
      vertex 8.054250001907349 19.64207500219345 0.6000000000000001
    endloop
  endfacet
  facet normal 0 0 -1
    outer loop
      vertex 8.829365000128746 20.901359997689724 0.6000000000000001
      vertex 8.829365000128746 16.601700000464916 0.6000000000000001
      vertex 8.08474999666214 19.940114997327328 0.6000000000000001
    endloop
  endfacet
  facet normal 0.993910542709145 -0.11018998634909062 0
    outer loop
      vertex 8.08474999666214 19.940114997327328 0.6000000000000001
      vertex 8.067974999547005 19.78880500048399 0.6000000000000001
      vertex 8.067974999547005 19.78880500048399 0
    endloop
  endfacet
  facet normal 0.995653715168427 -0.09313259081174953 0
    outer loop
      vertex 8.067974999547005 19.78880500048399 0.6000000000000001
      vertex 8.054250001907349 19.64207500219345 0.6000000000000001
      vertex 8.054250001907349 19.64207500219345 0
    endloop
  endfacet
  facet normal 0.9971921084987777 -0.07488590486708385 0
    outer loop
      vertex 8.054250001907349 19.64207500219345 0.6000000000000001
      vertex 8.043574996292591 19.49992500245571 0.6000000000000001
      vertex 8.043574996292591 19.49992500245571 0
    endloop
  endfacet
  facet normal 0.9984674916988122 -0.05534137711226728 0
    outer loop
      vertex 8.043574996292591 19.49992500245571 0.6000000000000001
      vertex 8.035949997603893 19.36235500127077 0.6000000000000001
      vertex 8.035949997603893 19.36235500127077 0
    endloop
  endfacet
  facet normal 0.995653715168427 -0.09313259081174953 0
    outer loop
      vertex 8.067974999547005 19.78880500048399 0.6000000000000001
      vertex 8.054250001907349 19.64207500219345 0
      vertex 8.067974999547005 19.78880500048399 0
    endloop
  endfacet
  facet normal 0.9971921084987777 -0.07488590486708385 0
    outer loop
      vertex 8.054250001907349 19.64207500219345 0.6000000000000001
      vertex 8.043574996292591 19.49992500245571 0
      vertex 8.054250001907349 19.64207500219345 0
    endloop
  endfacet
  facet normal 0.9984674916988122 -0.05534137711226728 0
    outer loop
      vertex 8.043574996292591 19.49992500245571 0.6000000000000001
      vertex 8.035949997603893 19.36235500127077 0
      vertex 8.043574996292591 19.49992500245571 0
    endloop
  endfacet
  facet normal 0.993910542709145 -0.11018998634909062 0
    outer loop
      vertex 8.08474999666214 19.940114997327328 0.6000000000000001
      vertex 8.067974999547005 19.78880500048399 0
      vertex 8.08474999666214 19.940114997327328 0
    endloop
  endfacet
  facet normal 0.999408807654586 -0.03438073853830065 0
    outer loop
      vertex 8.035949997603893 19.36235500127077 0.6000000000000001
      vertex 8.031374998390675 19.22936499863863 0.6000000000000001
      vertex 8.031374998390675 19.22936499863863 0
    endloop
  endfacet
  facet normal 0.999929487528609 -0.011875182978531741 0
    outer loop
      vertex 8.031374998390675 19.22936499863863 0.6000000000000001
      vertex 8.029849998652935 19.10095500200987 0.6000000000000001
      vertex 8.029849998652935 19.10095500200987 0
    endloop
  endfacet
  facet normal 0.999408807654586 -0.03438073853830065 0
    outer loop
      vertex 8.035949997603893 19.36235500127077 0.6000000000000001
      vertex 8.031374998390675 19.22936499863863 0
      vertex 8.035949997603893 19.36235500127077 0
    endloop
  endfacet
  facet normal 0.999929487528609 -0.011875182978531741 0
    outer loop
      vertex 8.031374998390675 19.22936499863863 0.6000000000000001
      vertex 8.029849998652935 19.10095500200987 0
      vertex 8.031374998390675 19.22936499863863 0
    endloop
  endfacet
  facet normal -1 0 0
    outer loop
      vertex 8.829365000128746 20.901359997689724 0.6000000000000001
      vertex 8.829365000128746 20.901359997689724 0
      vertex 8.829365000128746 16.601700000464916 0.6000000000000001
    endloop
  endfacet
  facet normal 0 0 -1
    outer loop
      vertex 8.043574996292591 19.49992500245571 0.6000000000000001
      vertex 8.829365000128746 16.601700000464916 0.6000000000000001
      vertex 8.035949997603893 19.36235500127077 0.6000000000000001
    endloop
  endfacet
  facet normal 0 0 -1
    outer loop
      vertex 8.035949997603893 19.36235500127077 0.6000000000000001
      vertex 8.829365000128746 16.601700000464916 0.6000000000000001
      vertex 8.031374998390675 19.22936499863863 0.6000000000000001
    endloop
  endfacet
  facet normal 0 0 -1
    outer loop
      vertex 8.031374998390675 19.22936499863863 0.6000000000000001
      vertex 8.829365000128746 16.601700000464916 0.6000000000000001
      vertex 8.029849998652935 19.10095500200987 0.6000000000000001
    endloop
  endfacet
  facet normal 0 0 -1
    outer loop
      vertex 8.029849998652935 19.10095500200987 0.6000000000000001
      vertex 8.829365000128746 16.601700000464916 0.6000000000000001
      vertex 8.029849998652935 16.601700000464916 0.6000000000000001
    endloop
  endfacet
  facet normal 1 0 0
    outer loop
      vertex 8.029849998652935 19.10095500200987 0.6000000000000001
      vertex 8.029849998652935 16.601700000464916 0
      vertex 8.029849998652935 19.10095500200987 0
    endloop
  endfacet
  facet normal 1 0 0
    outer loop
      vertex 8.029849998652935 19.10095500200987 0.6000000000000001
      vertex 8.029849998652935 16.601700000464916 0.6000000000000001
      vertex 8.029849998652935 16.601700000464916 0
    endloop
  endfacet
  facet normal -1 0 0
    outer loop
      vertex 8.829365000128746 16.601700000464916 0.6000000000000001
      vertex 8.829365000128746 20.901359997689724 0
      vertex 8.829365000128746 16.601700000464916 0
    endloop
  endfacet
  facet normal 0 1 0
    outer loop
      vertex 8.029849998652935 16.601700000464916 0.6000000000000001
      vertex 8.829365000128746 16.601700000464916 0
      vertex 8.029849998652935 16.601700000464916 0
    endloop
  endfacet
  facet normal 0 1 0
    outer loop
      vertex 8.029849998652935 16.601700000464916 0.6000000000000001
      vertex 8.829365000128746 16.601700000464916 0.6000000000000001
      vertex 8.829365000128746 16.601700000464916 0
    endloop
  endfacet
endsolid OpenSCAD_Model
