solid OpenSCAD_Model
  facet normal 0 0 1
    outer loop
      vertex -28.000000000000004 22.35 6.2
      vertex -28.000000000000004 -22.35 6.2
      vertex -26.400000000000002 20.75 6.2
    endloop
  endfacet
  facet normal -1 0 0
    outer loop
      vertex -28.000000000000004 22.35 6.2
      vertex -28.000000000000004 22.35 2.2
      vertex -28.000000000000004 -22.35 2.2
    endloop
  endfacet
  facet normal 0 0 1
    outer loop
      vertex -28.000000000000004 22.35 6.2
      vertex -26.400000000000002 20.75 6.2
      vertex 26.400000000000002 20.75 6.2
    endloop
  endfacet
  facet normal 0 1 0
    outer loop
      vertex -28.000000000000004 22.35 6.2
      vertex 28.000000000000004 22.35 2.2
      vertex -28.000000000000004 22.35 2.2
    endloop
  endfacet
  facet normal 0 0 1
    outer loop
      vertex -26.400000000000002 20.75 6.2
      vertex -28.000000000000004 -22.35 6.2
      vertex -26.400000000000002 -20.75 6.2
    endloop
  endfacet
  facet normal -1 0 0
    outer loop
      vertex -28.000000000000004 22.35 6.2
      vertex -28.000000000000004 -22.35 2.2
      vertex -28.000000000000004 -22.35 6.2
    endloop
  endfacet
  facet normal 0 0 1
    outer loop
      vertex -28.000000000000004 -22.35 6.2
      vertex 28.000000000000004 -22.35 6.2
      vertex -26.400000000000002 -20.75 6.2
    endloop
  endfacet
  facet normal 0 -1 0
    outer loop
      vertex -28.000000000000004 -22.35 6.2
      vertex -28.000000000000004 -22.35 2.2
      vertex 28.000000000000004 -22.35 6.2
    endloop
  endfacet
  facet normal 0 0 1
    outer loop
      vertex -28.000000000000004 22.35 6.2
      vertex 26.400000000000002 20.75 6.2
      vertex 28.000000000000004 22.35 6.2
    endloop
  endfacet
  facet normal 0 1 0
    outer loop
      vertex -28.000000000000004 22.35 6.2
      vertex 28.000000000000004 22.35 6.2
      vertex 28.000000000000004 22.35 2.2
    endloop
  endfacet
  facet normal 0 0 1
    outer loop
      vertex 26.400000000000002 20.75 6.2
      vertex 26.400000000000002 -20.75 6.2
      vertex 28.000000000000004 22.35 6.2
    endloop
  endfacet
  facet normal 1 0 0
    outer loop
      vertex 28.000000000000004 22.35 6.2
      vertex 28.000000000000004 -22.35 6.2
      vertex 28.000000000000004 22.35 2.2
    endloop
  endfacet
  facet normal 0 0 1
    outer loop
      vertex -26.400000000000002 -20.75 6.2
      vertex 28.000000000000004 -22.35 6.2
      vertex 26.400000000000002 -20.75 6.2
    endloop
  endfacet
  facet normal 0 -1 0
    outer loop
      vertex -28.000000000000004 -22.35 2.2
      vertex 28.000000000000004 -22.35 2.2
      vertex 28.000000000000004 -22.35 6.2
    endloop
  endfacet
  facet normal 0 0 1
    outer loop
      vertex 28.000000000000004 22.35 6.2
      vertex 26.400000000000002 -20.75 6.2
      vertex 28.000000000000004 -22.35 6.2
    endloop
  endfacet
  facet normal 1 0 0
    outer loop
      vertex 28.000000000000004 22.35 2.2
      vertex 28.000000000000004 -22.35 6.2
      vertex 28.000000000000004 -22.35 2.2
    endloop
  endfacet
  facet normal 1 0 0
    outer loop
      vertex -26.400000000000002 20.75 6.2
      vertex -26.400000000000002 -20.75 2.2
      vertex -26.400000000000002 20.75 2.2
    endloop
  endfacet
  facet normal 0 -1 0
    outer loop
      vertex -26.400000000000002 20.75 6.2
      vertex -26.400000000000002 20.75 2.2
      vertex 26.400000000000002 20.75 6.2
    endloop
  endfacet
  facet normal 1 0 0
    outer loop
      vertex -26.400000000000002 20.75 6.2
      vertex -26.400000000000002 -20.75 6.2
      vertex -26.400000000000002 -20.75 2.2
    endloop
  endfacet
  facet normal 0 1 0
    outer loop
      vertex -26.400000000000002 -20.75 6.2
      vertex 25.48686868686869 -20.75 2.2
      vertex -26.400000000000002 -20.75 2.2
    endloop
  endfacet
  facet normal 0 -1 0
    outer loop
      vertex -26.400000000000002 20.75 2.2
      vertex 26.400000000000002 20.75 2.2
      vertex 26.400000000000002 20.75 6.2
    endloop
  endfacet
  facet normal -1 0 0
    outer loop
      vertex 26.400000000000002 20.75 6.2
      vertex 26.400000000000002 20.75 2.2
      vertex 26.400000000000002 -20.75 6.2
    endloop
  endfacet
  facet normal 0 1 0
    outer loop
      vertex -26.400000000000002 -20.75 6.2
      vertex 26.400000000000002 -20.75 6.2
      vertex 26.400000000000002 -20.75 2.2
    endloop
  endfacet
  facet normal 0 1 0
    outer loop
      vertex -26.400000000000002 -20.75 6.2
      vertex 26.400000000000002 -20.75 2.2
      vertex 25.48686868686869 -20.75 2.2
    endloop
  endfacet
  facet normal -1 0 0
    outer loop
      vertex 26.400000000000002 20.75 2.2
      vertex 26.400000000000002 -20.75 2.2
      vertex 26.400000000000002 -20.75 6.2
    endloop
  endfacet
  facet normal 0 0 1
    outer loop
      vertex -24.914213562373096 16.414213562373096 18.2
      vertex -24.675570504584947 13.381966011250105 18.2
      vertex -24.675570504584947 16.618033988749893 18.2
    endloop
  endfacet
  facet normal 0 0 1
    outer loop
      vertex -24.407980999479093 16.782013048376736 18.2
      vertex -24.675570504584947 16.618033988749893 18.2
      vertex -24.407980999479093 13.217986951623264 18.2
    endloop
  endfacet
  facet normal 0 0 1
    outer loop
      vertex -24.407980999479093 16.782013048376736 18.2
      vertex -24.118033988749893 13.097886967409693 18.2
      vertex -24.118033988749893 16.902113032590307 18.2
    endloop
  endfacet
  facet normal 0 0 1
    outer loop
      vertex -24.118033988749893 16.902113032590307 18.2
      vertex -23.812868930080462 13.024623318809724 18.2
      vertex -23.812868930080462 16.975376681190276 18.2
    endloop
  endfacet
  facet normal 0 0 1
    outer loop
      vertex -23.812868930080462 16.975376681190276 18.2
      vertex -23.5 13 18.2
      vertex -23.5 17 18.2
    endloop
  endfacet
  facet normal 0 0 1
    outer loop
      vertex -23.5 17 18.2
      vertex -23.187131069919538 13.024623318809724 18.2
      vertex -23.187131069919538 16.975376681190276 18.2
    endloop
  endfacet
  facet normal 0 0 1
    outer loop
      vertex -23.187131069919538 16.975376681190276 18.2
      vertex -22.881966011250107 13.097886967409693 18.2
      vertex -22.881966011250107 16.902113032590307 18.2
    endloop
  endfacet
  facet normal 0 0 1
    outer loop
      vertex -25.402113032590307 15.618033988749895 18.2
      vertex -25.475376681190276 15.312868930080462 18.2
      vertex -25.402113032590307 14.381966011250105 18.2
    endloop
  endfacet
  facet normal 0 0 1
    outer loop
      vertex -25.282013048376736 15.907980999479093 18.2
      vertex -25.402113032590307 15.618033988749895 18.2
      vertex -25.282013048376736 14.092019000520907 18.2
    endloop
  endfacet
  facet normal 0 0 1
    outer loop
      vertex -25.475376681190276 15.312868930080462 18.2
      vertex -25.5 15 18.2
      vertex -25.475376681190276 14.687131069919538 18.2
    endloop
  endfacet
  facet normal 0 0 1
    outer loop
      vertex -25.475376681190276 15.312868930080462 18.2
      vertex -25.475376681190276 14.687131069919538 18.2
      vertex -25.402113032590307 14.381966011250105 18.2
    endloop
  endfacet
  facet normal 0 0 1
    outer loop
      vertex -25.402113032590307 15.618033988749895 18.2
      vertex -25.402113032590307 14.381966011250105 18.2
      vertex -25.282013048376736 14.092019000520907 18.2
    endloop
  endfacet
  facet normal 0 0 1
    outer loop
      vertex -25.282013048376736 15.907980999479093 18.2
      vertex -25.118033988749893 13.824429495415053 18.2
      vertex -25.118033988749893 16.175570504584947 18.2
    endloop
  endfacet
  facet normal 0 0 1
    outer loop
      vertex -24.914213562373096 16.414213562373096 18.2
      vertex -25.118033988749893 16.175570504584947 18.2
      vertex -24.914213562373096 13.585786437626904 18.2
    endloop
  endfacet
  facet normal 0 0 1
    outer loop
      vertex -25.282013048376736 15.907980999479093 18.2
      vertex -25.282013048376736 14.092019000520907 18.2
      vertex -25.118033988749893 13.824429495415053 18.2
    endloop
  endfacet
  facet normal 0 0 1
    outer loop
      vertex -25.118033988749893 16.175570504584947 18.2
      vertex -25.118033988749893 13.824429495415053 18.2
      vertex -24.914213562373096 13.585786437626904 18.2
    endloop
  endfacet
  facet normal 0 0 1
    outer loop
      vertex -24.914213562373096 16.414213562373096 18.2
      vertex -24.914213562373096 13.585786437626904 18.2
      vertex -24.675570504584947 13.381966011250105 18.2
    endloop
  endfacet
  facet normal 0 0 1
    outer loop
      vertex -24.675570504584947 16.618033988749893 18.2
      vertex -24.675570504584947 13.381966011250105 18.2
      vertex -24.407980999479093 13.217986951623264 18.2
    endloop
  endfacet
  facet normal 0 0 1
    outer loop
      vertex -24.407980999479093 16.782013048376736 18.2
      vertex -24.407980999479093 13.217986951623264 18.2
      vertex -24.118033988749893 13.097886967409693 18.2
    endloop
  endfacet
  facet normal 0 0 1
    outer loop
      vertex -24.118033988749893 16.902113032590307 18.2
      vertex -24.118033988749893 13.097886967409693 18.2
      vertex -23.812868930080462 13.024623318809724 18.2
    endloop
  endfacet
  facet normal 0 0 1
    outer loop
      vertex -23.812868930080462 16.975376681190276 18.2
      vertex -23.812868930080462 13.024623318809724 18.2
      vertex -23.5 13 18.2
    endloop
  endfacet
  facet normal 0 0 1
    outer loop
      vertex -23.5 17 18.2
      vertex -23.5 13 18.2
      vertex -23.187131069919538 13.024623318809724 18.2
    endloop
  endfacet
  facet normal 0 0 1
    outer loop
      vertex -23.187131069919538 16.975376681190276 18.2
      vertex -23.187131069919538 13.024623318809724 18.2
      vertex -22.881966011250107 13.097886967409693 18.2
    endloop
  endfacet
  facet normal 0 0 1
    outer loop
      vertex -22.881966011250107 16.902113032590307 18.2
      vertex -22.592019000520907 13.217986951623264 18.2
      vertex -22.592019000520907 16.782013048376736 18.2
    endloop
  endfacet
  facet normal 0 0 1
    outer loop
      vertex -22.592019000520907 16.782013048376736 18.2
      vertex -22.324429495415053 13.381966011250105 18.2
      vertex -22.324429495415053 16.618033988749893 18.2
    endloop
  endfacet
  facet normal 0 0 1
    outer loop
      vertex -22.324429495415053 16.618033988749893 18.2
      vertex -22.085786437626904 13.585786437626904 18.2
      vertex -22.085786437626904 16.414213562373096 18.2
    endloop
  endfacet
  facet normal 0 0 1
    outer loop
      vertex -22.085786437626904 16.414213562373096 18.2
      vertex -21.881966011250107 13.824429495415053 18.2
      vertex -21.881966011250107 16.175570504584947 18.2
    endloop
  endfacet
  facet normal 0 0 1
    outer loop
      vertex -22.881966011250107 16.902113032590307 18.2
      vertex -22.881966011250107 13.097886967409693 18.2
      vertex -22.592019000520907 13.217986951623264 18.2
    endloop
  endfacet
  facet normal 0 0 1
    outer loop
      vertex -22.592019000520907 16.782013048376736 18.2
      vertex -22.592019000520907 13.217986951623264 18.2
      vertex -22.324429495415053 13.381966011250105 18.2
    endloop
  endfacet
  facet normal 0 0 1
    outer loop
      vertex -22.324429495415053 16.618033988749893 18.2
      vertex -22.324429495415053 13.381966011250105 18.2
      vertex -22.085786437626904 13.585786437626904 18.2
    endloop
  endfacet
  facet normal 0 0 1
    outer loop
      vertex -22.085786437626904 16.414213562373096 18.2
      vertex -22.085786437626904 13.585786437626904 18.2
      vertex -21.881966011250107 13.824429495415053 18.2
    endloop
  endfacet
  facet normal 0 0 1
    outer loop
      vertex -21.881966011250107 16.175570504584947 18.2
      vertex -21.717986951623264 14.092019000520907 18.2
      vertex -21.717986951623264 15.907980999479093 18.2
    endloop
  endfacet
  facet normal 0 0 1
    outer loop
      vertex -21.717986951623264 15.907980999479093 18.2
      vertex -21.597886967409693 14.381966011250105 18.2
      vertex -21.597886967409693 15.618033988749895 18.2
    endloop
  endfacet
  facet normal 0 0 1
    outer loop
      vertex -21.597886967409693 15.618033988749895 18.2
      vertex -21.524623318809724 14.687131069919538 18.2
      vertex -21.524623318809724 15.312868930080462 18.2
    endloop
  endfacet
  facet normal 0 0 1
    outer loop
      vertex -21.881966011250107 16.175570504584947 18.2
      vertex -21.881966011250107 13.824429495415053 18.2
      vertex -21.717986951623264 14.092019000520907 18.2
    endloop
  endfacet
  facet normal 0 0 1
    outer loop
      vertex -21.717986951623264 15.907980999479093 18.2
      vertex -21.717986951623264 14.092019000520907 18.2
      vertex -21.597886967409693 14.381966011250105 18.2
    endloop
  endfacet
  facet normal 0 0 1
    outer loop
      vertex -21.524623318809724 15.312868930080462 18.2
      vertex -21.524623318809724 14.687131069919538 18.2
      vertex -21.5 15 18.2
    endloop
  endfacet
  facet normal 0 0 1
    outer loop
      vertex -21.597886967409693 15.618033988749895 18.2
      vertex -21.597886967409693 14.381966011250105 18.2
      vertex -21.524623318809724 14.687131069919538 18.2
    endloop
  endfacet
  facet normal -0.7604059656000353 0.6494480483301787 2.5100699400482035e-19
    outer loop
      vertex -24.914213562373096 16.414213562373096 18.2
      vertex -25.118033988749893 16.175570504584947 2.2
      vertex -25.118033988749893 16.175570504584947 18.2
    endloop
  endfacet
  facet normal -0.6494480483301787 0.7604059656000353 2.5100699400482035e-19
    outer loop
      vertex -24.914213562373096 16.414213562373096 18.2
      vertex -24.675570504584947 16.618033988749893 18.2
      vertex -24.675570504584947 16.618033988749893 2.2
    endloop
  endfacet
  facet normal -0.8526401643540893 0.5224985647159539 0
    outer loop
      vertex -25.282013048376736 15.907980999479093 18.2
      vertex -25.118033988749893 16.175570504584947 18.2
      vertex -25.282013048376736 15.907980999479093 2.2
    endloop
  endfacet
  facet normal -0.9238795325112873 0.3826834323650883 -2.5808024572513936e-19
    outer loop
      vertex -25.282013048376736 15.907980999479093 18.2
      vertex -25.402113032590307 15.618033988749895 2.2
      vertex -25.402113032590307 15.618033988749895 18.2
    endloop
  endfacet
  facet normal -0.5224985647159539 0.8526401643540893 0
    outer loop
      vertex -24.407980999479093 16.782013048376736 18.2
      vertex -24.407980999479093 16.782013048376736 2.2
      vertex -24.675570504584947 16.618033988749893 18.2
    endloop
  endfacet
  facet normal -0.38268343236508634 0.9238795325112882 -6.096333852761835e-19
    outer loop
      vertex -24.407980999479093 16.782013048376736 18.2
      vertex -24.118033988749893 16.902113032590307 18.2
      vertex -24.118033988749893 16.902113032590307 2.2
    endloop
  endfacet
  facet normal -0.2334453638559096 0.9723699203976756 -2.4876219578888566e-19
    outer loop
      vertex -24.118033988749893 16.902113032590307 18.2
      vertex -23.812868930080462 16.975376681190276 18.2
      vertex -23.812868930080462 16.975376681190276 2.2
    endloop
  endfacet
  facet normal -0.0784590957278417 0.9969173337331282 -7.486641679598127e-21
    outer loop
      vertex -23.812868930080462 16.975376681190276 18.2
      vertex -23.5 17 18.2
      vertex -23.5 17 2.2
    endloop
  endfacet
  facet normal 0.0784590957278417 0.9969173337331282 7.486641679598127e-21
    outer loop
      vertex -23.5 17 18.2
      vertex -23.187131069919538 16.975376681190276 18.2
      vertex -23.187131069919538 16.975376681190276 2.2
    endloop
  endfacet
  facet normal 0.2334453638559096 0.9723699203976756 2.4876219578888566e-19
    outer loop
      vertex -23.187131069919538 16.975376681190276 18.2
      vertex -22.881966011250107 16.902113032590307 18.2
      vertex -22.881966011250107 16.902113032590307 2.2
    endloop
  endfacet
  facet normal -0.9723699203976759 0.23344536385590833 1.0429718168868305e-19
    outer loop
      vertex -25.402113032590307 15.618033988749895 18.2
      vertex -25.475376681190276 15.312868930080462 2.2
      vertex -25.475376681190276 15.312868930080462 18.2
    endloop
  endfacet
  facet normal -0.9969173337331282 0.0784590957278417 -7.486641679598127e-21
    outer loop
      vertex -25.475376681190276 15.312868930080462 18.2
      vertex -25.5 15 2.2
      vertex -25.5 15 18.2
    endloop
  endfacet
  facet normal -0.9969173337331282 -0.0784590957278417 7.486641679598127e-21
    outer loop
      vertex -25.5 15 18.2
      vertex -25.475376681190276 14.687131069919538 2.2
      vertex -25.475376681190276 14.687131069919538 18.2
    endloop
  endfacet
  facet normal -0.9723699203976759 -0.23344536385590833 -1.0429718168868305e-19
    outer loop
      vertex -25.475376681190276 14.687131069919538 18.2
      vertex -25.402113032590307 14.381966011250105 2.2
      vertex -25.402113032590307 14.381966011250105 18.2
    endloop
  endfacet
  facet normal -0.9238795325112873 -0.3826834323650883 2.5808024572513936e-19
    outer loop
      vertex -25.402113032590307 14.381966011250105 18.2
      vertex -25.282013048376736 14.092019000520907 2.2
      vertex -25.282013048376736 14.092019000520907 18.2
    endloop
  endfacet
  facet normal -0.8526401643540893 -0.5224985647159539 2.6388944188288895e-19
    outer loop
      vertex -25.282013048376736 14.092019000520907 18.2
      vertex -25.118033988749893 13.824429495415053 2.2
      vertex -25.118033988749893 13.824429495415053 18.2
    endloop
  endfacet
  facet normal -0.7604059656000353 -0.6494480483301787 -2.5100699400482035e-19
    outer loop
      vertex -25.118033988749893 13.824429495415053 18.2
      vertex -24.914213562373096 13.585786437626904 2.2
      vertex -24.914213562373096 13.585786437626904 18.2
    endloop
  endfacet
  facet normal -0.6494480483301819 -0.7604059656000325 0
    outer loop
      vertex -24.914213562373096 13.585786437626904 18.2
      vertex -24.914213562373096 13.585786437626904 2.2
      vertex -24.675570504584947 13.381966011250105 18.2
    endloop
  endfacet
  facet normal -0.5224985647159497 -0.8526401643540917 0
    outer loop
      vertex -24.675570504584947 13.381966011250105 18.2
      vertex -24.675570504584947 13.381966011250105 2.2
      vertex -24.407980999479093 13.217986951623264 18.2
    endloop
  endfacet
  facet normal -0.38268343236508634 -0.9238795325112882 0
    outer loop
      vertex -24.407980999479093 13.217986951623264 18.2
      vertex -24.407980999479093 13.217986951623264 2.2
      vertex -24.118033988749893 13.097886967409693 18.2
    endloop
  endfacet
  facet normal -0.2334453638559096 -0.9723699203976756 0
    outer loop
      vertex -24.118033988749893 13.097886967409693 18.2
      vertex -24.118033988749893 13.097886967409693 2.2
      vertex -23.812868930080462 13.024623318809724 18.2
    endloop
  endfacet
  facet normal -0.0784590957278417 -0.9969173337331282 0
    outer loop
      vertex -23.812868930080462 13.024623318809724 18.2
      vertex -23.812868930080462 13.024623318809724 2.2
      vertex -23.5 13 18.2
    endloop
  endfacet
  facet normal 0.0784590957278417 -0.9969173337331282 0
    outer loop
      vertex -23.5 13 18.2
      vertex -23.5 13 2.2
      vertex -23.187131069919538 13.024623318809724 18.2
    endloop
  endfacet
  facet normal 0.2334453638559096 -0.9723699203976756 0
    outer loop
      vertex -23.187131069919538 13.024623318809724 18.2
      vertex -23.187131069919538 13.024623318809724 2.2
      vertex -22.881966011250107 13.097886967409693 18.2
    endloop
  endfacet
  facet normal 0.38268343236508634 0.9238795325112882 6.096333852761835e-19
    outer loop
      vertex -22.881966011250107 16.902113032590307 18.2
      vertex -22.592019000520907 16.782013048376736 18.2
      vertex -22.592019000520907 16.782013048376736 2.2
    endloop
  endfacet
  facet normal 0.5224985647159539 0.8526401643540893 2.6388944188288895e-19
    outer loop
      vertex -22.592019000520907 16.782013048376736 18.2
      vertex -22.324429495415053 16.618033988749893 18.2
      vertex -22.324429495415053 16.618033988749893 2.2
    endloop
  endfacet
  facet normal 0.6494480483301787 0.7604059656000353 -2.5100699400482035e-19
    outer loop
      vertex -22.324429495415053 16.618033988749893 18.2
      vertex -22.085786437626904 16.414213562373096 18.2
      vertex -22.085786437626904 16.414213562373096 2.2
    endloop
  endfacet
  facet normal 0.7604059656000353 0.6494480483301787 0
    outer loop
      vertex -22.085786437626904 16.414213562373096 18.2
      vertex -21.881966011250107 16.175570504584947 18.2
      vertex -22.085786437626904 16.414213562373096 2.2
    endloop
  endfacet
  facet normal 0.8526401643540893 0.5224985647159539 0
    outer loop
      vertex -21.881966011250107 16.175570504584947 18.2
      vertex -21.717986951623264 15.907980999479093 18.2
      vertex -21.881966011250107 16.175570504584947 2.2
    endloop
  endfacet
  facet normal 0.9238795325112873 0.3826834323650883 0
    outer loop
      vertex -21.717986951623264 15.907980999479093 18.2
      vertex -21.597886967409693 15.618033988749895 18.2
      vertex -21.717986951623264 15.907980999479093 2.2
    endloop
  endfacet
  facet normal 0.9723699203976759 0.23344536385590833 0
    outer loop
      vertex -21.597886967409693 15.618033988749895 18.2
      vertex -21.524623318809724 15.312868930080462 18.2
      vertex -21.597886967409693 15.618033988749895 2.2
    endloop
  endfacet
  facet normal 0.9969173337331282 0.0784590957278417 0
    outer loop
      vertex -21.524623318809724 15.312868930080462 18.2
      vertex -21.5 15 18.2
      vertex -21.524623318809724 15.312868930080462 2.2
    endloop
  endfacet
  facet normal 0.9969173337331282 -0.0784590957278417 0
    outer loop
      vertex -21.5 15 18.2
      vertex -21.524623318809724 14.687131069919538 18.2
      vertex -21.5 15 2.2
    endloop
  endfacet
  facet normal 0.9723699203976759 -0.23344536385590833 0
    outer loop
      vertex -21.524623318809724 14.687131069919538 18.2
      vertex -21.597886967409693 14.381966011250105 18.2
      vertex -21.524623318809724 14.687131069919538 2.2
    endloop
  endfacet
  facet normal 0.9238795325112873 -0.3826834323650883 0
    outer loop
      vertex -21.597886967409693 14.381966011250105 18.2
      vertex -21.717986951623264 14.092019000520907 18.2
      vertex -21.597886967409693 14.381966011250105 2.2
    endloop
  endfacet
  facet normal 0.8526401643540893 -0.5224985647159539 0
    outer loop
      vertex -21.717986951623264 14.092019000520907 18.2
      vertex -21.881966011250107 13.824429495415053 18.2
      vertex -21.717986951623264 14.092019000520907 2.2
    endloop
  endfacet
  facet normal 0.5224985647159497 -0.8526401643540917 0
    outer loop
      vertex -22.592019000520907 13.217986951623264 18.2
      vertex -22.592019000520907 13.217986951623264 2.2
      vertex -22.324429495415053 13.381966011250105 18.2
    endloop
  endfacet
  facet normal 0.7604059656000353 -0.6494480483301787 0
    outer loop
      vertex -21.881966011250107 13.824429495415053 18.2
      vertex -22.085786437626904 13.585786437626904 18.2
      vertex -21.881966011250107 13.824429495415053 2.2
    endloop
  endfacet
  facet normal 0.6494480483301819 -0.7604059656000325 3.7899959102797966e-19
    outer loop
      vertex -22.085786437626904 13.585786437626904 18.2
      vertex -22.324429495415053 13.381966011250105 18.2
      vertex -22.324429495415053 13.381966011250105 2.2
    endloop
  endfacet
  facet normal 0.38268343236508634 -0.9238795325112882 0
    outer loop
      vertex -22.881966011250107 13.097886967409693 18.2
      vertex -22.881966011250107 13.097886967409693 2.2
      vertex -22.592019000520907 13.217986951623264 18.2
    endloop
  endfacet
  facet normal -0.7604059656000353 0.6494480483301787 0
    outer loop
      vertex -24.914213562373096 16.414213562373096 18.2
      vertex -24.914213562373096 16.414213562373096 2.2
      vertex -25.118033988749893 16.175570504584947 2.2
    endloop
  endfacet
  facet normal -0.6494480483301787 0.7604059656000353 0
    outer loop
      vertex -24.914213562373096 16.414213562373096 18.2
      vertex -24.675570504584947 16.618033988749893 2.2
      vertex -24.914213562373096 16.414213562373096 2.2
    endloop
  endfacet
  facet normal -0.9723699203976759 0.23344536385590833 0
    outer loop
      vertex -25.402113032590307 15.618033988749895 18.2
      vertex -25.402113032590307 15.618033988749895 2.2
      vertex -25.475376681190276 15.312868930080462 2.2
    endloop
  endfacet
  facet normal -0.9238795325112873 0.3826834323650883 0
    outer loop
      vertex -25.282013048376736 15.907980999479093 18.2
      vertex -25.282013048376736 15.907980999479093 2.2
      vertex -25.402113032590307 15.618033988749895 2.2
    endloop
  endfacet
  facet normal -0.8526401643540893 0.5224985647159539 0
    outer loop
      vertex -25.118033988749893 16.175570504584947 18.2
      vertex -25.118033988749893 16.175570504584947 2.2
      vertex -25.282013048376736 15.907980999479093 2.2
    endloop
  endfacet
  facet normal -0.5224985647159539 0.8526401643540893 0
    outer loop
      vertex -24.675570504584947 16.618033988749893 18.2
      vertex -24.407980999479093 16.782013048376736 2.2
      vertex -24.675570504584947 16.618033988749893 2.2
    endloop
  endfacet
  facet normal -0.38268343236508634 0.9238795325112882 0
    outer loop
      vertex -24.407980999479093 16.782013048376736 18.2
      vertex -24.118033988749893 16.902113032590307 2.2
      vertex -24.407980999479093 16.782013048376736 2.2
    endloop
  endfacet
  facet normal -0.2334453638559096 0.9723699203976756 0
    outer loop
      vertex -24.118033988749893 16.902113032590307 18.2
      vertex -23.812868930080462 16.975376681190276 2.2
      vertex -24.118033988749893 16.902113032590307 2.2
    endloop
  endfacet
  facet normal -0.0784590957278417 0.9969173337331282 0
    outer loop
      vertex -23.812868930080462 16.975376681190276 18.2
      vertex -23.5 17 2.2
      vertex -23.812868930080462 16.975376681190276 2.2
    endloop
  endfacet
  facet normal 0.0784590957278417 0.9969173337331282 0
    outer loop
      vertex -23.5 17 18.2
      vertex -23.187131069919538 16.975376681190276 2.2
      vertex -23.5 17 2.2
    endloop
  endfacet
  facet normal 0.2334453638559096 0.9723699203976756 0
    outer loop
      vertex -23.187131069919538 16.975376681190276 18.2
      vertex -22.881966011250107 16.902113032590307 2.2
      vertex -23.187131069919538 16.975376681190276 2.2
    endloop
  endfacet
  facet normal -0.9969173337331282 0.0784590957278417 0
    outer loop
      vertex -25.475376681190276 15.312868930080462 18.2
      vertex -25.475376681190276 15.312868930080462 2.2
      vertex -25.5 15 2.2
    endloop
  endfacet
  facet normal -0.9969173337331282 -0.0784590957278417 0
    outer loop
      vertex -25.5 15 18.2
      vertex -25.5 15 2.2
      vertex -25.475376681190276 14.687131069919538 2.2
    endloop
  endfacet
  facet normal -0.9723699203976759 -0.23344536385590833 0
    outer loop
      vertex -25.475376681190276 14.687131069919538 18.2
      vertex -25.475376681190276 14.687131069919538 2.2
      vertex -25.402113032590307 14.381966011250105 2.2
    endloop
  endfacet
  facet normal -0.9238795325112873 -0.3826834323650883 0
    outer loop
      vertex -25.402113032590307 14.381966011250105 18.2
      vertex -25.402113032590307 14.381966011250105 2.2
      vertex -25.282013048376736 14.092019000520907 2.2
    endloop
  endfacet
  facet normal -0.8526401643540893 -0.5224985647159539 0
    outer loop
      vertex -25.282013048376736 14.092019000520907 18.2
      vertex -25.282013048376736 14.092019000520907 2.2
      vertex -25.118033988749893 13.824429495415053 2.2
    endloop
  endfacet
  facet normal -0.7604059656000353 -0.6494480483301787 0
    outer loop
      vertex -25.118033988749893 13.824429495415053 18.2
      vertex -25.118033988749893 13.824429495415053 2.2
      vertex -24.914213562373096 13.585786437626904 2.2
    endloop
  endfacet
  facet normal -0.6494480483301819 -0.7604059656000325 0
    outer loop
      vertex -24.675570504584947 13.381966011250105 18.2
      vertex -24.914213562373096 13.585786437626904 2.2
      vertex -24.675570504584947 13.381966011250105 2.2
    endloop
  endfacet
  facet normal -0.5224985647159497 -0.8526401643540917 0
    outer loop
      vertex -24.407980999479093 13.217986951623264 18.2
      vertex -24.675570504584947 13.381966011250105 2.2
      vertex -24.407980999479093 13.217986951623264 2.2
    endloop
  endfacet
  facet normal -0.38268343236508634 -0.9238795325112882 0
    outer loop
      vertex -24.118033988749893 13.097886967409693 18.2
      vertex -24.407980999479093 13.217986951623264 2.2
      vertex -24.118033988749893 13.097886967409693 2.2
    endloop
  endfacet
  facet normal -0.2334453638559096 -0.9723699203976756 0
    outer loop
      vertex -23.812868930080462 13.024623318809724 18.2
      vertex -24.118033988749893 13.097886967409693 2.2
      vertex -23.812868930080462 13.024623318809724 2.2
    endloop
  endfacet
  facet normal -0.0784590957278417 -0.9969173337331282 0
    outer loop
      vertex -23.5 13 18.2
      vertex -23.812868930080462 13.024623318809724 2.2
      vertex -23.5 13 2.2
    endloop
  endfacet
  facet normal 0.0784590957278417 -0.9969173337331282 0
    outer loop
      vertex -23.187131069919538 13.024623318809724 18.2
      vertex -23.5 13 2.2
      vertex -23.187131069919538 13.024623318809724 2.2
    endloop
  endfacet
  facet normal 0.2334453638559096 -0.9723699203976756 0
    outer loop
      vertex -22.881966011250107 13.097886967409693 18.2
      vertex -23.187131069919538 13.024623318809724 2.2
      vertex -22.881966011250107 13.097886967409693 2.2
    endloop
  endfacet
  facet normal 0.38268343236508634 0.9238795325112882 0
    outer loop
      vertex -22.881966011250107 16.902113032590307 18.2
      vertex -22.592019000520907 16.782013048376736 2.2
      vertex -22.881966011250107 16.902113032590307 2.2
    endloop
  endfacet
  facet normal 0.5224985647159539 0.8526401643540893 0
    outer loop
      vertex -22.592019000520907 16.782013048376736 18.2
      vertex -22.324429495415053 16.618033988749893 2.2
      vertex -22.592019000520907 16.782013048376736 2.2
    endloop
  endfacet
  facet normal 0.6494480483301787 0.7604059656000353 0
    outer loop
      vertex -22.324429495415053 16.618033988749893 18.2
      vertex -22.085786437626904 16.414213562373096 2.2
      vertex -22.324429495415053 16.618033988749893 2.2
    endloop
  endfacet
  facet normal 0.7604059656000353 0.6494480483301787 0
    outer loop
      vertex -21.881966011250107 16.175570504584947 18.2
      vertex -21.881966011250107 16.175570504584947 2.2
      vertex -22.085786437626904 16.414213562373096 2.2
    endloop
  endfacet
  facet normal 0.8526401643540893 0.5224985647159539 0
    outer loop
      vertex -21.717986951623264 15.907980999479093 18.2
      vertex -21.717986951623264 15.907980999479093 2.2
      vertex -21.881966011250107 16.175570504584947 2.2
    endloop
  endfacet
  facet normal 0.9238795325112873 0.3826834323650883 0
    outer loop
      vertex -21.597886967409693 15.618033988749895 18.2
      vertex -21.597886967409693 15.618033988749895 2.2
      vertex -21.717986951623264 15.907980999479093 2.2
    endloop
  endfacet
  facet normal 0.9723699203976759 0.23344536385590833 0
    outer loop
      vertex -21.524623318809724 15.312868930080462 18.2
      vertex -21.524623318809724 15.312868930080462 2.2
      vertex -21.597886967409693 15.618033988749895 2.2
    endloop
  endfacet
  facet normal 0.9969173337331282 0.0784590957278417 0
    outer loop
      vertex -21.5 15 18.2
      vertex -21.5 15 2.2
      vertex -21.524623318809724 15.312868930080462 2.2
    endloop
  endfacet
  facet normal 0.9969173337331282 -0.0784590957278417 0
    outer loop
      vertex -21.524623318809724 14.687131069919538 18.2
      vertex -21.524623318809724 14.687131069919538 2.2
      vertex -21.5 15 2.2
    endloop
  endfacet
  facet normal 0.9723699203976759 -0.23344536385590833 0
    outer loop
      vertex -21.597886967409693 14.381966011250105 18.2
      vertex -21.597886967409693 14.381966011250105 2.2
      vertex -21.524623318809724 14.687131069919538 2.2
    endloop
  endfacet
  facet normal 0.9238795325112873 -0.3826834323650883 0
    outer loop
      vertex -21.717986951623264 14.092019000520907 18.2
      vertex -21.717986951623264 14.092019000520907 2.2
      vertex -21.597886967409693 14.381966011250105 2.2
    endloop
  endfacet
  facet normal 0.38268343236508634 -0.9238795325112882 0
    outer loop
      vertex -22.592019000520907 13.217986951623264 18.2
      vertex -22.881966011250107 13.097886967409693 2.2
      vertex -22.592019000520907 13.217986951623264 2.2
    endloop
  endfacet
  facet normal 0.5224985647159497 -0.8526401643540917 0
    outer loop
      vertex -22.324429495415053 13.381966011250105 18.2
      vertex -22.592019000520907 13.217986951623264 2.2
      vertex -22.324429495415053 13.381966011250105 2.2
    endloop
  endfacet
  facet normal 0.7604059656000353 -0.6494480483301787 0
    outer loop
      vertex -22.085786437626904 13.585786437626904 18.2
      vertex -22.085786437626904 13.585786437626904 2.2
      vertex -21.881966011250107 13.824429495415053 2.2
    endloop
  endfacet
  facet normal 0.6494480483301819 -0.7604059656000325 0
    outer loop
      vertex -22.085786437626904 13.585786437626904 18.2
      vertex -22.324429495415053 13.381966011250105 2.2
      vertex -22.085786437626904 13.585786437626904 2.2
    endloop
  endfacet
  facet normal 0.8526401643540893 -0.5224985647159539 0
    outer loop
      vertex -21.881966011250107 13.824429495415053 18.2
      vertex -21.881966011250107 13.824429495415053 2.2
      vertex -21.717986951623264 14.092019000520907 2.2
    endloop
  endfacet
  facet normal 0 0 1
    outer loop
      vertex -25.118033988749893 -13.824429495415053 18.2
      vertex -24.914213562373096 -16.414213562373096 18.2
      vertex -24.914213562373096 -13.585786437626904 18.2
    endloop
  endfacet
  facet normal 0 0 1
    outer loop
      vertex -24.914213562373096 -13.585786437626904 18.2
      vertex -24.675570504584947 -16.618033988749893 18.2
      vertex -24.675570504584947 -13.381966011250105 18.2
    endloop
  endfacet
  facet normal 0 0 1
    outer loop
      vertex -25.475376681190276 -14.687131069919538 18.2
      vertex -25.402113032590307 -15.618033988749895 18.2
      vertex -25.402113032590307 -14.381966011250105 18.2
    endloop
  endfacet
  facet normal 0 0 1
    outer loop
      vertex -25.475376681190276 -14.687131069919538 18.2
      vertex -25.5 -15 18.2
      vertex -25.475376681190276 -15.312868930080462 18.2
    endloop
  endfacet
  facet normal 0 0 1
    outer loop
      vertex -25.282013048376736 -14.092019000520907 18.2
      vertex -25.402113032590307 -14.381966011250105 18.2
      vertex -25.282013048376736 -15.907980999479093 18.2
    endloop
  endfacet
  facet normal 0 0 1
    outer loop
      vertex -25.475376681190276 -14.687131069919538 18.2
      vertex -25.475376681190276 -15.312868930080462 18.2
      vertex -25.402113032590307 -15.618033988749895 18.2
    endloop
  endfacet
  facet normal 0 0 1
    outer loop
      vertex -25.402113032590307 -14.381966011250105 18.2
      vertex -25.402113032590307 -15.618033988749895 18.2
      vertex -25.282013048376736 -15.907980999479093 18.2
    endloop
  endfacet
  facet normal 0 0 1
    outer loop
      vertex -25.282013048376736 -14.092019000520907 18.2
      vertex -25.282013048376736 -15.907980999479093 18.2
      vertex -25.118033988749893 -16.175570504584947 18.2
    endloop
  endfacet
  facet normal 0 0 1
    outer loop
      vertex -25.118033988749893 -13.824429495415053 18.2
      vertex -25.282013048376736 -14.092019000520907 18.2
      vertex -25.118033988749893 -16.175570504584947 18.2
    endloop
  endfacet
  facet normal 0 0 1
    outer loop
      vertex -24.675570504584947 -13.381966011250105 18.2
      vertex -24.407980999479093 -16.782013048376736 18.2
      vertex -24.407980999479093 -13.217986951623264 18.2
    endloop
  endfacet
  facet normal 0 0 1
    outer loop
      vertex -24.118033988749893 -13.097886967409693 18.2
      vertex -24.407980999479093 -13.217986951623264 18.2
      vertex -24.118033988749893 -16.902113032590307 18.2
    endloop
  endfacet
  facet normal 0 0 1
    outer loop
      vertex -24.118033988749893 -13.097886967409693 18.2
      vertex -23.812868930080462 -16.975376681190276 18.2
      vertex -23.812868930080462 -13.024623318809724 18.2
    endloop
  endfacet
  facet normal 0 0 1
    outer loop
      vertex -23.812868930080462 -13.024623318809724 18.2
      vertex -23.5 -17 18.2
      vertex -23.5 -13 18.2
    endloop
  endfacet
  facet normal 0 0 1
    outer loop
      vertex -23.5 -13 18.2
      vertex -23.187131069919538 -16.975376681190276 18.2
      vertex -23.187131069919538 -13.024623318809724 18.2
    endloop
  endfacet
  facet normal 0 0 1
    outer loop
      vertex -23.187131069919538 -13.024623318809724 18.2
      vertex -22.881966011250107 -16.902113032590307 18.2
      vertex -22.881966011250107 -13.097886967409693 18.2
    endloop
  endfacet
  facet normal 0 0 1
    outer loop
      vertex -25.118033988749893 -13.824429495415053 18.2
      vertex -25.118033988749893 -16.175570504584947 18.2
      vertex -24.914213562373096 -16.414213562373096 18.2
    endloop
  endfacet
  facet normal 0 0 1
    outer loop
      vertex -24.914213562373096 -13.585786437626904 18.2
      vertex -24.914213562373096 -16.414213562373096 18.2
      vertex -24.675570504584947 -16.618033988749893 18.2
    endloop
  endfacet
  facet normal 0 0 1
    outer loop
      vertex -24.675570504584947 -13.381966011250105 18.2
      vertex -24.675570504584947 -16.618033988749893 18.2
      vertex -24.407980999479093 -16.782013048376736 18.2
    endloop
  endfacet
  facet normal 0 0 1
    outer loop
      vertex -24.407980999479093 -13.217986951623264 18.2
      vertex -24.407980999479093 -16.782013048376736 18.2
      vertex -24.118033988749893 -16.902113032590307 18.2
    endloop
  endfacet
  facet normal 0 0 1
    outer loop
      vertex -24.118033988749893 -13.097886967409693 18.2
      vertex -24.118033988749893 -16.902113032590307 18.2
      vertex -23.812868930080462 -16.975376681190276 18.2
    endloop
  endfacet
  facet normal 0 0 1
    outer loop
      vertex -23.812868930080462 -13.024623318809724 18.2
      vertex -23.812868930080462 -16.975376681190276 18.2
      vertex -23.5 -17 18.2
    endloop
  endfacet
  facet normal 0 0 1
    outer loop
      vertex -23.5 -13 18.2
      vertex -23.5 -17 18.2
      vertex -23.187131069919538 -16.975376681190276 18.2
    endloop
  endfacet
  facet normal 0 0 1
    outer loop
      vertex -23.187131069919538 -13.024623318809724 18.2
      vertex -23.187131069919538 -16.975376681190276 18.2
      vertex -22.881966011250107 -16.902113032590307 18.2
    endloop
  endfacet
  facet normal 0 0 1
    outer loop
      vertex -22.881966011250107 -13.097886967409693 18.2
      vertex -22.592019000520907 -16.782013048376736 18.2
      vertex -22.592019000520907 -13.217986951623264 18.2
    endloop
  endfacet
  facet normal 0 0 1
    outer loop
      vertex -22.592019000520907 -13.217986951623264 18.2
      vertex -22.324429495415053 -16.618033988749893 18.2
      vertex -22.324429495415053 -13.381966011250105 18.2
    endloop
  endfacet
  facet normal 0 0 1
    outer loop
      vertex -22.324429495415053 -13.381966011250105 18.2
      vertex -22.085786437626904 -16.414213562373096 18.2
      vertex -22.085786437626904 -13.585786437626904 18.2
    endloop
  endfacet
  facet normal 0 0 1
    outer loop
      vertex -22.085786437626904 -13.585786437626904 18.2
      vertex -21.881966011250107 -16.175570504584947 18.2
      vertex -21.881966011250107 -13.824429495415053 18.2
    endloop
  endfacet
  facet normal 0 0 1
    outer loop
      vertex -22.085786437626904 -13.585786437626904 18.2
      vertex -22.085786437626904 -16.414213562373096 18.2
      vertex -21.881966011250107 -16.175570504584947 18.2
    endloop
  endfacet
  facet normal 0 0 1
    outer loop
      vertex -21.881966011250107 -13.824429495415053 18.2
      vertex -21.717986951623264 -15.907980999479093 18.2
      vertex -21.717986951623264 -14.092019000520907 18.2
    endloop
  endfacet
  facet normal 0 0 1
    outer loop
      vertex -21.717986951623264 -14.092019000520907 18.2
      vertex -21.597886967409693 -15.618033988749895 18.2
      vertex -21.597886967409693 -14.381966011250105 18.2
    endloop
  endfacet
  facet normal 0 0 1
    outer loop
      vertex -21.597886967409693 -14.381966011250105 18.2
      vertex -21.524623318809724 -15.312868930080462 18.2
      vertex -21.524623318809724 -14.687131069919538 18.2
    endloop
  endfacet
  facet normal 0 0 1
    outer loop
      vertex -21.524623318809724 -14.687131069919538 18.2
      vertex -21.524623318809724 -15.312868930080462 18.2
      vertex -21.5 -15 18.2
    endloop
  endfacet
  facet normal 0 0 1
    outer loop
      vertex -21.717986951623264 -14.092019000520907 18.2
      vertex -21.717986951623264 -15.907980999479093 18.2
      vertex -21.597886967409693 -15.618033988749895 18.2
    endloop
  endfacet
  facet normal 0 0 1
    outer loop
      vertex -21.881966011250107 -13.824429495415053 18.2
      vertex -21.881966011250107 -16.175570504584947 18.2
      vertex -21.717986951623264 -15.907980999479093 18.2
    endloop
  endfacet
  facet normal 0 0 1
    outer loop
      vertex -21.597886967409693 -14.381966011250105 18.2
      vertex -21.597886967409693 -15.618033988749895 18.2
      vertex -21.524623318809724 -15.312868930080462 18.2
    endloop
  endfacet
  facet normal 0 0 1
    outer loop
      vertex -22.881966011250107 -13.097886967409693 18.2
      vertex -22.881966011250107 -16.902113032590307 18.2
      vertex -22.592019000520907 -16.782013048376736 18.2
    endloop
  endfacet
  facet normal 0 0 1
    outer loop
      vertex -22.592019000520907 -13.217986951623264 18.2
      vertex -22.592019000520907 -16.782013048376736 18.2
      vertex -22.324429495415053 -16.618033988749893 18.2
    endloop
  endfacet
  facet normal 0 0 1
    outer loop
      vertex -22.324429495415053 -13.381966011250105 18.2
      vertex -22.324429495415053 -16.618033988749893 18.2
      vertex -22.085786437626904 -16.414213562373096 18.2
    endloop
  endfacet
  facet normal -0.6494480483301819 0.7604059656000325 3.7899959102797966e-19
    outer loop
      vertex -24.914213562373096 -13.585786437626904 18.2
      vertex -24.675570504584947 -13.381966011250105 18.2
      vertex -24.675570504584947 -13.381966011250105 2.2
    endloop
  endfacet
  facet normal -0.7604059656000353 0.6494480483301787 0
    outer loop
      vertex -25.118033988749893 -13.824429495415053 18.2
      vertex -24.914213562373096 -13.585786437626904 18.2
      vertex -25.118033988749893 -13.824429495415053 2.2
    endloop
  endfacet
  facet normal -0.8526401643540893 0.5224985647159539 -2.6388944188288895e-19
    outer loop
      vertex -25.118033988749893 -13.824429495415053 18.2
      vertex -25.282013048376736 -14.092019000520907 2.2
      vertex -25.282013048376736 -14.092019000520907 18.2
    endloop
  endfacet
  facet normal -0.9238795325112873 0.3826834323650883 -2.5808024572513936e-19
    outer loop
      vertex -25.282013048376736 -14.092019000520907 18.2
      vertex -25.402113032590307 -14.381966011250105 2.2
      vertex -25.402113032590307 -14.381966011250105 18.2
    endloop
  endfacet
  facet normal -0.9723699203976759 0.23344536385590833 0
    outer loop
      vertex -25.475376681190276 -14.687131069919538 18.2
      vertex -25.402113032590307 -14.381966011250105 18.2
      vertex -25.475376681190276 -14.687131069919538 2.2
    endloop
  endfacet
  facet normal -0.9969173337331282 0.0784590957278417 -7.486641679598127e-21
    outer loop
      vertex -25.475376681190276 -14.687131069919538 18.2
      vertex -25.5 -15 2.2
      vertex -25.5 -15 18.2
    endloop
  endfacet
  facet normal -0.9969173337331282 -0.0784590957278417 7.486641679598127e-21
    outer loop
      vertex -25.5 -15 18.2
      vertex -25.475376681190276 -15.312868930080462 2.2
      vertex -25.475376681190276 -15.312868930080462 18.2
    endloop
  endfacet
  facet normal -0.38268343236508634 0.9238795325112882 0
    outer loop
      vertex -24.118033988749893 -13.097886967409693 18.2
      vertex -24.118033988749893 -13.097886967409693 2.2
      vertex -24.407980999479093 -13.217986951623264 18.2
    endloop
  endfacet
  facet normal -0.2334453638559096 0.9723699203976756 -2.4876219578888566e-19
    outer loop
      vertex -24.118033988749893 -13.097886967409693 18.2
      vertex -23.812868930080462 -13.024623318809724 18.2
      vertex -23.812868930080462 -13.024623318809724 2.2
    endloop
  endfacet
  facet normal -0.5224985647159497 0.8526401643540917 4.230194083375854e-19
    outer loop
      vertex -24.675570504584947 -13.381966011250105 18.2
      vertex -24.407980999479093 -13.217986951623264 18.2
      vertex -24.407980999479093 -13.217986951623264 2.2
    endloop
  endfacet
  facet normal -0.0784590957278417 0.9969173337331282 -7.486641679598127e-21
    outer loop
      vertex -23.812868930080462 -13.024623318809724 18.2
      vertex -23.5 -13 18.2
      vertex -23.5 -13 2.2
    endloop
  endfacet
  facet normal 0.0784590957278417 0.9969173337331282 7.486641679598127e-21
    outer loop
      vertex -23.5 -13 18.2
      vertex -23.187131069919538 -13.024623318809724 18.2
      vertex -23.187131069919538 -13.024623318809724 2.2
    endloop
  endfacet
  facet normal 0.2334453638559096 0.9723699203976756 2.4876219578888566e-19
    outer loop
      vertex -23.187131069919538 -13.024623318809724 18.2
      vertex -22.881966011250107 -13.097886967409693 18.2
      vertex -22.881966011250107 -13.097886967409693 2.2
    endloop
  endfacet
  facet normal -0.9723699203976759 -0.23344536385590833 -1.0429718168868305e-19
    outer loop
      vertex -25.475376681190276 -15.312868930080462 18.2
      vertex -25.402113032590307 -15.618033988749895 2.2
      vertex -25.402113032590307 -15.618033988749895 18.2
    endloop
  endfacet
  facet normal -0.9238795325112873 -0.3826834323650883 2.5808024572513936e-19
    outer loop
      vertex -25.402113032590307 -15.618033988749895 18.2
      vertex -25.282013048376736 -15.907980999479093 2.2
      vertex -25.282013048376736 -15.907980999479093 18.2
    endloop
  endfacet
  facet normal -0.8526401643540893 -0.5224985647159539 2.6388944188288895e-19
    outer loop
      vertex -25.282013048376736 -15.907980999479093 18.2
      vertex -25.118033988749893 -16.175570504584947 2.2
      vertex -25.118033988749893 -16.175570504584947 18.2
    endloop
  endfacet
  facet normal -0.7604059656000353 -0.6494480483301787 -2.5100699400482035e-19
    outer loop
      vertex -25.118033988749893 -16.175570504584947 18.2
      vertex -24.914213562373096 -16.414213562373096 2.2
      vertex -24.914213562373096 -16.414213562373096 18.2
    endloop
  endfacet
  facet normal -0.6494480483301787 -0.7604059656000353 0
    outer loop
      vertex -24.914213562373096 -16.414213562373096 18.2
      vertex -24.914213562373096 -16.414213562373096 2.2
      vertex -24.675570504584947 -16.618033988749893 18.2
    endloop
  endfacet
  facet normal -0.5224985647159539 -0.8526401643540893 0
    outer loop
      vertex -24.675570504584947 -16.618033988749893 18.2
      vertex -24.675570504584947 -16.618033988749893 2.2
      vertex -24.407980999479093 -16.782013048376736 18.2
    endloop
  endfacet
  facet normal -0.38268343236508634 -0.9238795325112882 0
    outer loop
      vertex -24.407980999479093 -16.782013048376736 18.2
      vertex -24.407980999479093 -16.782013048376736 2.2
      vertex -24.118033988749893 -16.902113032590307 18.2
    endloop
  endfacet
  facet normal -0.2334453638559096 -0.9723699203976756 0
    outer loop
      vertex -24.118033988749893 -16.902113032590307 18.2
      vertex -24.118033988749893 -16.902113032590307 2.2
      vertex -23.812868930080462 -16.975376681190276 18.2
    endloop
  endfacet
  facet normal -0.0784590957278417 -0.9969173337331282 0
    outer loop
      vertex -23.812868930080462 -16.975376681190276 18.2
      vertex -23.812868930080462 -16.975376681190276 2.2
      vertex -23.5 -17 18.2
    endloop
  endfacet
  facet normal 0.0784590957278417 -0.9969173337331282 0
    outer loop
      vertex -23.5 -17 18.2
      vertex -23.5 -17 2.2
      vertex -23.187131069919538 -16.975376681190276 18.2
    endloop
  endfacet
  facet normal 0.2334453638559096 -0.9723699203976756 0
    outer loop
      vertex -23.187131069919538 -16.975376681190276 18.2
      vertex -23.187131069919538 -16.975376681190276 2.2
      vertex -22.881966011250107 -16.902113032590307 18.2
    endloop
  endfacet
  facet normal 0.38268343236508634 0.9238795325112882 6.096333852761835e-19
    outer loop
      vertex -22.881966011250107 -13.097886967409693 18.2
      vertex -22.592019000520907 -13.217986951623264 18.2
      vertex -22.592019000520907 -13.217986951623264 2.2
    endloop
  endfacet
  facet normal 0.5224985647159497 0.8526401643540917 -4.230194083375854e-19
    outer loop
      vertex -22.592019000520907 -13.217986951623264 18.2
      vertex -22.324429495415053 -13.381966011250105 18.2
      vertex -22.324429495415053 -13.381966011250105 2.2
    endloop
  endfacet
  facet normal 0.6494480483301819 0.7604059656000325 -3.7899959102797966e-19
    outer loop
      vertex -22.324429495415053 -13.381966011250105 18.2
      vertex -22.085786437626904 -13.585786437626904 18.2
      vertex -22.085786437626904 -13.585786437626904 2.2
    endloop
  endfacet
  facet normal 0.7604059656000353 0.6494480483301787 0
    outer loop
      vertex -22.085786437626904 -13.585786437626904 18.2
      vertex -21.881966011250107 -13.824429495415053 18.2
      vertex -22.085786437626904 -13.585786437626904 2.2
    endloop
  endfacet
  facet normal 0.8526401643540893 0.5224985647159539 0
    outer loop
      vertex -21.881966011250107 -13.824429495415053 18.2
      vertex -21.717986951623264 -14.092019000520907 18.2
      vertex -21.881966011250107 -13.824429495415053 2.2
    endloop
  endfacet
  facet normal 0.9238795325112873 0.3826834323650883 0
    outer loop
      vertex -21.717986951623264 -14.092019000520907 18.2
      vertex -21.597886967409693 -14.381966011250105 18.2
      vertex -21.717986951623264 -14.092019000520907 2.2
    endloop
  endfacet
  facet normal 0.9723699203976759 0.23344536385590833 0
    outer loop
      vertex -21.597886967409693 -14.381966011250105 18.2
      vertex -21.524623318809724 -14.687131069919538 18.2
      vertex -21.597886967409693 -14.381966011250105 2.2
    endloop
  endfacet
  facet normal 0.9969173337331282 0.0784590957278417 0
    outer loop
      vertex -21.524623318809724 -14.687131069919538 18.2
      vertex -21.5 -15 18.2
      vertex -21.524623318809724 -14.687131069919538 2.2
    endloop
  endfacet
  facet normal 0.9969173337331282 -0.0784590957278417 0
    outer loop
      vertex -21.5 -15 18.2
      vertex -21.524623318809724 -15.312868930080462 18.2
      vertex -21.5 -15 2.2
    endloop
  endfacet
  facet normal 0.9723699203976759 -0.23344536385590833 0
    outer loop
      vertex -21.524623318809724 -15.312868930080462 18.2
      vertex -21.597886967409693 -15.618033988749895 18.2
      vertex -21.524623318809724 -15.312868930080462 2.2
    endloop
  endfacet
  facet normal 0.38268343236508634 -0.9238795325112882 0
    outer loop
      vertex -22.881966011250107 -16.902113032590307 18.2
      vertex -22.881966011250107 -16.902113032590307 2.2
      vertex -22.592019000520907 -16.782013048376736 18.2
    endloop
  endfacet
  facet normal 0.5224985647159539 -0.8526401643540893 0
    outer loop
      vertex -22.592019000520907 -16.782013048376736 18.2
      vertex -22.592019000520907 -16.782013048376736 2.2
      vertex -22.324429495415053 -16.618033988749893 18.2
    endloop
  endfacet
  facet normal 0.6494480483301787 -0.7604059656000353 0
    outer loop
      vertex -22.324429495415053 -16.618033988749893 18.2
      vertex -22.324429495415053 -16.618033988749893 2.2
      vertex -22.085786437626904 -16.414213562373096 18.2
    endloop
  endfacet
  facet normal 0.7604059656000353 -0.6494480483301787 0
    outer loop
      vertex -21.881966011250107 -16.175570504584947 18.2
      vertex -22.085786437626904 -16.414213562373096 18.2
      vertex -21.881966011250107 -16.175570504584947 2.2
    endloop
  endfacet
  facet normal 0.9238795325112873 -0.3826834323650883 0
    outer loop
      vertex -21.597886967409693 -15.618033988749895 18.2
      vertex -21.717986951623264 -15.907980999479093 18.2
      vertex -21.597886967409693 -15.618033988749895 2.2
    endloop
  endfacet
  facet normal 0.8526401643540893 -0.5224985647159539 -2.6388944188288895e-19
    outer loop
      vertex -21.881966011250107 -16.175570504584947 18.2
      vertex -21.717986951623264 -15.907980999479093 2.2
      vertex -21.717986951623264 -15.907980999479093 18.2
    endloop
  endfacet
  facet normal -0.6494480483301819 0.7604059656000325 0
    outer loop
      vertex -24.914213562373096 -13.585786437626904 18.2
      vertex -24.675570504584947 -13.381966011250105 2.2
      vertex -24.914213562373096 -13.585786437626904 2.2
    endloop
  endfacet
  facet normal -0.7604059656000353 0.6494480483301787 0
    outer loop
      vertex -24.914213562373096 -13.585786437626904 18.2
      vertex -24.914213562373096 -13.585786437626904 2.2
      vertex -25.118033988749893 -13.824429495415053 2.2
    endloop
  endfacet
  facet normal -0.8526401643540893 0.5224985647159539 0
    outer loop
      vertex -25.118033988749893 -13.824429495415053 18.2
      vertex -25.118033988749893 -13.824429495415053 2.2
      vertex -25.282013048376736 -14.092019000520907 2.2
    endloop
  endfacet
  facet normal -0.9238795325112873 0.3826834323650883 0
    outer loop
      vertex -25.282013048376736 -14.092019000520907 18.2
      vertex -25.282013048376736 -14.092019000520907 2.2
      vertex -25.402113032590307 -14.381966011250105 2.2
    endloop
  endfacet
  facet normal -0.9723699203976759 0.23344536385590833 0
    outer loop
      vertex -25.402113032590307 -14.381966011250105 18.2
      vertex -25.402113032590307 -14.381966011250105 2.2
      vertex -25.475376681190276 -14.687131069919538 2.2
    endloop
  endfacet
  facet normal -0.9969173337331282 0.0784590957278417 0
    outer loop
      vertex -25.475376681190276 -14.687131069919538 18.2
      vertex -25.475376681190276 -14.687131069919538 2.2
      vertex -25.5 -15 2.2
    endloop
  endfacet
  facet normal -0.9969173337331282 -0.0784590957278417 0
    outer loop
      vertex -25.5 -15 18.2
      vertex -25.5 -15 2.2
      vertex -25.475376681190276 -15.312868930080462 2.2
    endloop
  endfacet
  facet normal -0.9723699203976759 -0.23344536385590833 0
    outer loop
      vertex -25.475376681190276 -15.312868930080462 18.2
      vertex -25.475376681190276 -15.312868930080462 2.2
      vertex -25.402113032590307 -15.618033988749895 2.2
    endloop
  endfacet
  facet normal -0.2334453638559096 0.9723699203976756 0
    outer loop
      vertex -24.118033988749893 -13.097886967409693 18.2
      vertex -23.812868930080462 -13.024623318809724 2.2
      vertex -24.118033988749893 -13.097886967409693 2.2
    endloop
  endfacet
  facet normal -0.5224985647159497 0.8526401643540917 0
    outer loop
      vertex -24.675570504584947 -13.381966011250105 18.2
      vertex -24.407980999479093 -13.217986951623264 2.2
      vertex -24.675570504584947 -13.381966011250105 2.2
    endloop
  endfacet
  facet normal -0.38268343236508634 0.9238795325112882 0
    outer loop
      vertex -24.407980999479093 -13.217986951623264 18.2
      vertex -24.118033988749893 -13.097886967409693 2.2
      vertex -24.407980999479093 -13.217986951623264 2.2
    endloop
  endfacet
  facet normal -0.0784590957278417 0.9969173337331282 0
    outer loop
      vertex -23.812868930080462 -13.024623318809724 18.2
      vertex -23.5 -13 2.2
      vertex -23.812868930080462 -13.024623318809724 2.2
    endloop
  endfacet
  facet normal 0.0784590957278417 0.9969173337331282 0
    outer loop
      vertex -23.5 -13 18.2
      vertex -23.187131069919538 -13.024623318809724 2.2
      vertex -23.5 -13 2.2
    endloop
  endfacet
  facet normal 0.2334453638559096 0.9723699203976756 0
    outer loop
      vertex -23.187131069919538 -13.024623318809724 18.2
      vertex -22.881966011250107 -13.097886967409693 2.2
      vertex -23.187131069919538 -13.024623318809724 2.2
    endloop
  endfacet
  facet normal -0.9238795325112873 -0.3826834323650883 0
    outer loop
      vertex -25.402113032590307 -15.618033988749895 18.2
      vertex -25.402113032590307 -15.618033988749895 2.2
      vertex -25.282013048376736 -15.907980999479093 2.2
    endloop
  endfacet
  facet normal -0.8526401643540893 -0.5224985647159539 0
    outer loop
      vertex -25.282013048376736 -15.907980999479093 18.2
      vertex -25.282013048376736 -15.907980999479093 2.2
      vertex -25.118033988749893 -16.175570504584947 2.2
    endloop
  endfacet
  facet normal -0.7604059656000353 -0.6494480483301787 0
    outer loop
      vertex -25.118033988749893 -16.175570504584947 18.2
      vertex -25.118033988749893 -16.175570504584947 2.2
      vertex -24.914213562373096 -16.414213562373096 2.2
    endloop
  endfacet
  facet normal -0.6494480483301787 -0.7604059656000353 0
    outer loop
      vertex -24.675570504584947 -16.618033988749893 18.2
      vertex -24.914213562373096 -16.414213562373096 2.2
      vertex -24.675570504584947 -16.618033988749893 2.2
    endloop
  endfacet
  facet normal -0.5224985647159539 -0.8526401643540893 0
    outer loop
      vertex -24.407980999479093 -16.782013048376736 18.2
      vertex -24.675570504584947 -16.618033988749893 2.2
      vertex -24.407980999479093 -16.782013048376736 2.2
    endloop
  endfacet
  facet normal -0.38268343236508634 -0.9238795325112882 0
    outer loop
      vertex -24.118033988749893 -16.902113032590307 18.2
      vertex -24.407980999479093 -16.782013048376736 2.2
      vertex -24.118033988749893 -16.902113032590307 2.2
    endloop
  endfacet
  facet normal -0.2334453638559096 -0.9723699203976756 0
    outer loop
      vertex -23.812868930080462 -16.975376681190276 18.2
      vertex -24.118033988749893 -16.902113032590307 2.2
      vertex -23.812868930080462 -16.975376681190276 2.2
    endloop
  endfacet
  facet normal -0.0784590957278417 -0.9969173337331282 0
    outer loop
      vertex -23.5 -17 18.2
      vertex -23.812868930080462 -16.975376681190276 2.2
      vertex -23.5 -17 2.2
    endloop
  endfacet
  facet normal 0.0784590957278417 -0.9969173337331282 0
    outer loop
      vertex -23.187131069919538 -16.975376681190276 18.2
      vertex -23.5 -17 2.2
      vertex -23.187131069919538 -16.975376681190276 2.2
    endloop
  endfacet
  facet normal 0.2334453638559096 -0.9723699203976756 0
    outer loop
      vertex -22.881966011250107 -16.902113032590307 18.2
      vertex -23.187131069919538 -16.975376681190276 2.2
      vertex -22.881966011250107 -16.902113032590307 2.2
    endloop
  endfacet
  facet normal 0.38268343236508634 0.9238795325112882 0
    outer loop
      vertex -22.881966011250107 -13.097886967409693 18.2
      vertex -22.592019000520907 -13.217986951623264 2.2
      vertex -22.881966011250107 -13.097886967409693 2.2
    endloop
  endfacet
  facet normal 0.5224985647159497 0.8526401643540917 0
    outer loop
      vertex -22.592019000520907 -13.217986951623264 18.2
      vertex -22.324429495415053 -13.381966011250105 2.2
      vertex -22.592019000520907 -13.217986951623264 2.2
    endloop
  endfacet
  facet normal 0.6494480483301819 0.7604059656000325 0
    outer loop
      vertex -22.324429495415053 -13.381966011250105 18.2
      vertex -22.085786437626904 -13.585786437626904 2.2
      vertex -22.324429495415053 -13.381966011250105 2.2
    endloop
  endfacet
  facet normal 0.7604059656000353 0.6494480483301787 0
    outer loop
      vertex -21.881966011250107 -13.824429495415053 18.2
      vertex -21.881966011250107 -13.824429495415053 2.2
      vertex -22.085786437626904 -13.585786437626904 2.2
    endloop
  endfacet
  facet normal 0.8526401643540893 0.5224985647159539 0
    outer loop
      vertex -21.717986951623264 -14.092019000520907 18.2
      vertex -21.717986951623264 -14.092019000520907 2.2
      vertex -21.881966011250107 -13.824429495415053 2.2
    endloop
  endfacet
  facet normal 0.9238795325112873 0.3826834323650883 0
    outer loop
      vertex -21.597886967409693 -14.381966011250105 18.2
      vertex -21.597886967409693 -14.381966011250105 2.2
      vertex -21.717986951623264 -14.092019000520907 2.2
    endloop
  endfacet
  facet normal 0.9723699203976759 0.23344536385590833 0
    outer loop
      vertex -21.524623318809724 -14.687131069919538 18.2
      vertex -21.524623318809724 -14.687131069919538 2.2
      vertex -21.597886967409693 -14.381966011250105 2.2
    endloop
  endfacet
  facet normal 0.9969173337331282 0.0784590957278417 0
    outer loop
      vertex -21.5 -15 18.2
      vertex -21.5 -15 2.2
      vertex -21.524623318809724 -14.687131069919538 2.2
    endloop
  endfacet
  facet normal 0.9969173337331282 -0.0784590957278417 0
    outer loop
      vertex -21.524623318809724 -15.312868930080462 18.2
      vertex -21.524623318809724 -15.312868930080462 2.2
      vertex -21.5 -15 2.2
    endloop
  endfacet
  facet normal 0.38268343236508634 -0.9238795325112882 0
    outer loop
      vertex -22.592019000520907 -16.782013048376736 18.2
      vertex -22.881966011250107 -16.902113032590307 2.2
      vertex -22.592019000520907 -16.782013048376736 2.2
    endloop
  endfacet
  facet normal 0.5224985647159539 -0.8526401643540893 0
    outer loop
      vertex -22.324429495415053 -16.618033988749893 18.2
      vertex -22.592019000520907 -16.782013048376736 2.2
      vertex -22.324429495415053 -16.618033988749893 2.2
    endloop
  endfacet
  facet normal 0.6494480483301787 -0.7604059656000353 0
    outer loop
      vertex -22.085786437626904 -16.414213562373096 18.2
      vertex -22.324429495415053 -16.618033988749893 2.2
      vertex -22.085786437626904 -16.414213562373096 2.2
    endloop
  endfacet
  facet normal 0.7604059656000353 -0.6494480483301787 0
    outer loop
      vertex -22.085786437626904 -16.414213562373096 18.2
      vertex -22.085786437626904 -16.414213562373096 2.2
      vertex -21.881966011250107 -16.175570504584947 2.2
    endloop
  endfacet
  facet normal 0.9238795325112873 -0.3826834323650883 0
    outer loop
      vertex -21.717986951623264 -15.907980999479093 18.2
      vertex -21.717986951623264 -15.907980999479093 2.2
      vertex -21.597886967409693 -15.618033988749895 2.2
    endloop
  endfacet
  facet normal 0.9723699203976759 -0.23344536385590833 0
    outer loop
      vertex -21.597886967409693 -15.618033988749895 18.2
      vertex -21.597886967409693 -15.618033988749895 2.2
      vertex -21.524623318809724 -15.312868930080462 2.2
    endloop
  endfacet
  facet normal 0.8526401643540893 -0.5224985647159539 0
    outer loop
      vertex -21.881966011250107 -16.175570504584947 18.2
      vertex -21.881966011250107 -16.175570504584947 2.2
      vertex -21.717986951623264 -15.907980999479093 2.2
    endloop
  endfacet
  facet normal 0 0 1
    outer loop
      vertex 22.085786437626904 16.414213562373096 18.2
      vertex 22.324429495415053 13.381966011250105 18.2
      vertex 22.324429495415053 16.618033988749893 18.2
    endloop
  endfacet
  facet normal 0 0 1
    outer loop
      vertex 22.324429495415053 16.618033988749893 18.2
      vertex 22.592019000520907 13.217986951623264 18.2
      vertex 22.592019000520907 16.782013048376736 18.2
    endloop
  endfacet
  facet normal 0 0 1
    outer loop
      vertex 22.592019000520907 16.782013048376736 18.2
      vertex 22.881966011250107 13.097886967409693 18.2
      vertex 22.881966011250107 16.902113032590307 18.2
    endloop
  endfacet
  facet normal 0 0 1
    outer loop
      vertex 21.597886967409693 15.618033988749895 18.2
      vertex 21.524623318809724 15.312868930080462 18.2
      vertex 21.597886967409693 14.381966011250105 18.2
    endloop
  endfacet
  facet normal 0 0 1
    outer loop
      vertex 21.717986951623264 15.907980999479093 18.2
      vertex 21.881966011250107 13.824429495415053 18.2
      vertex 21.881966011250107 16.175570504584947 18.2
    endloop
  endfacet
  facet normal 0 0 1
    outer loop
      vertex 21.717986951623264 15.907980999479093 18.2
      vertex 21.597886967409693 15.618033988749895 18.2
      vertex 21.717986951623264 14.092019000520907 18.2
    endloop
  endfacet
  facet normal 0 0 1
    outer loop
      vertex 21.524623318809724 15.312868930080462 18.2
      vertex 21.5 15 18.2
      vertex 21.524623318809724 14.687131069919538 18.2
    endloop
  endfacet
  facet normal 0 0 1
    outer loop
      vertex 21.524623318809724 15.312868930080462 18.2
      vertex 21.524623318809724 14.687131069919538 18.2
      vertex 21.597886967409693 14.381966011250105 18.2
    endloop
  endfacet
  facet normal 0 0 1
    outer loop
      vertex 21.597886967409693 15.618033988749895 18.2
      vertex 21.597886967409693 14.381966011250105 18.2
      vertex 21.717986951623264 14.092019000520907 18.2
    endloop
  endfacet
  facet normal 0 0 1
    outer loop
      vertex 21.717986951623264 15.907980999479093 18.2
      vertex 21.717986951623264 14.092019000520907 18.2
      vertex 21.881966011250107 13.824429495415053 18.2
    endloop
  endfacet
  facet normal 0 0 1
    outer loop
      vertex 22.085786437626904 16.414213562373096 18.2
      vertex 21.881966011250107 16.175570504584947 18.2
      vertex 22.085786437626904 13.585786437626904 18.2
    endloop
  endfacet
  facet normal 0 0 1
    outer loop
      vertex 21.881966011250107 16.175570504584947 18.2
      vertex 21.881966011250107 13.824429495415053 18.2
      vertex 22.085786437626904 13.585786437626904 18.2
    endloop
  endfacet
  facet normal 0 0 1
    outer loop
      vertex 22.085786437626904 16.414213562373096 18.2
      vertex 22.085786437626904 13.585786437626904 18.2
      vertex 22.324429495415053 13.381966011250105 18.2
    endloop
  endfacet
  facet normal 0 0 1
    outer loop
      vertex 22.324429495415053 16.618033988749893 18.2
      vertex 22.324429495415053 13.381966011250105 18.2
      vertex 22.592019000520907 13.217986951623264 18.2
    endloop
  endfacet
  facet normal 0 0 1
    outer loop
      vertex 22.592019000520907 16.782013048376736 18.2
      vertex 22.592019000520907 13.217986951623264 18.2
      vertex 22.881966011250107 13.097886967409693 18.2
    endloop
  endfacet
  facet normal 0 0 1
    outer loop
      vertex 22.881966011250107 16.902113032590307 18.2
      vertex 23.187131069919538 13.024623318809724 18.2
      vertex 23.187131069919538 16.975376681190276 18.2
    endloop
  endfacet
  facet normal 0 0 1
    outer loop
      vertex 23.187131069919538 16.975376681190276 18.2
      vertex 23.5 13 18.2
      vertex 23.5 17 18.2
    endloop
  endfacet
  facet normal 0 0 1
    outer loop
      vertex 23.5 17 18.2
      vertex 23.812868930080462 13.024623318809724 18.2
      vertex 23.812868930080462 16.975376681190276 18.2
    endloop
  endfacet
  facet normal 0 0 1
    outer loop
      vertex 23.812868930080462 16.975376681190276 18.2
      vertex 24.118033988749893 13.097886967409693 18.2
      vertex 24.118033988749893 16.902113032590307 18.2
    endloop
  endfacet
  facet normal 0 0 1
    outer loop
      vertex 24.118033988749893 16.902113032590307 18.2
      vertex 24.407980999479093 13.217986951623264 18.2
      vertex 24.407980999479093 16.782013048376736 18.2
    endloop
  endfacet
  facet normal 0 0 1
    outer loop
      vertex 24.407980999479093 16.782013048376736 18.2
      vertex 24.675570504584947 13.381966011250105 18.2
      vertex 24.675570504584947 16.618033988749893 18.2
    endloop
  endfacet
  facet normal 0 0 1
    outer loop
      vertex 24.675570504584947 16.618033988749893 18.2
      vertex 24.914213562373096 13.585786437626904 18.2
      vertex 24.914213562373096 16.414213562373096 18.2
    endloop
  endfacet
  facet normal 0 0 1
    outer loop
      vertex 24.914213562373096 16.414213562373096 18.2
      vertex 25.118033988749893 13.824429495415053 18.2
      vertex 25.118033988749893 16.175570504584947 18.2
    endloop
  endfacet
  facet normal 0 0 1
    outer loop
      vertex 22.881966011250107 16.902113032590307 18.2
      vertex 22.881966011250107 13.097886967409693 18.2
      vertex 23.187131069919538 13.024623318809724 18.2
    endloop
  endfacet
  facet normal 0 0 1
    outer loop
      vertex 23.187131069919538 16.975376681190276 18.2
      vertex 23.187131069919538 13.024623318809724 18.2
      vertex 23.5 13 18.2
    endloop
  endfacet
  facet normal 0 0 1
    outer loop
      vertex 23.5 17 18.2
      vertex 23.5 13 18.2
      vertex 23.812868930080462 13.024623318809724 18.2
    endloop
  endfacet
  facet normal 0 0 1
    outer loop
      vertex 23.812868930080462 16.975376681190276 18.2
      vertex 23.812868930080462 13.024623318809724 18.2
      vertex 24.118033988749893 13.097886967409693 18.2
    endloop
  endfacet
  facet normal 0 0 1
    outer loop
      vertex 24.118033988749893 16.902113032590307 18.2
      vertex 24.118033988749893 13.097886967409693 18.2
      vertex 24.407980999479093 13.217986951623264 18.2
    endloop
  endfacet
  facet normal 0 0 1
    outer loop
      vertex 24.407980999479093 16.782013048376736 18.2
      vertex 24.407980999479093 13.217986951623264 18.2
      vertex 24.675570504584947 13.381966011250105 18.2
    endloop
  endfacet
  facet normal 0 0 1
    outer loop
      vertex 25.118033988749893 16.175570504584947 18.2
      vertex 25.118033988749893 13.824429495415053 18.2
      vertex 25.282013048376736 14.092019000520907 18.2
    endloop
  endfacet
  facet normal 0 0 1
    outer loop
      vertex 25.118033988749893 16.175570504584947 18.2
      vertex 25.282013048376736 14.092019000520907 18.2
      vertex 25.282013048376736 15.907980999479093 18.2
    endloop
  endfacet
  facet normal 0 0 1
    outer loop
      vertex 25.282013048376736 15.907980999479093 18.2
      vertex 25.402113032590307 14.381966011250105 18.2
      vertex 25.402113032590307 15.618033988749895 18.2
    endloop
  endfacet
  facet normal 0 0 1
    outer loop
      vertex 25.402113032590307 15.618033988749895 18.2
      vertex 25.475376681190276 14.687131069919538 18.2
      vertex 25.475376681190276 15.312868930080462 18.2
    endloop
  endfacet
  facet normal 0 0 1
    outer loop
      vertex 25.282013048376736 15.907980999479093 18.2
      vertex 25.282013048376736 14.092019000520907 18.2
      vertex 25.402113032590307 14.381966011250105 18.2
    endloop
  endfacet
  facet normal 0 0 1
    outer loop
      vertex 25.475376681190276 15.312868930080462 18.2
      vertex 25.475376681190276 14.687131069919538 18.2
      vertex 25.5 15 18.2
    endloop
  endfacet
  facet normal 0 0 1
    outer loop
      vertex 25.402113032590307 15.618033988749895 18.2
      vertex 25.402113032590307 14.381966011250105 18.2
      vertex 25.475376681190276 14.687131069919538 18.2
    endloop
  endfacet
  facet normal 0 0 1
    outer loop
      vertex 24.675570504584947 16.618033988749893 18.2
      vertex 24.675570504584947 13.381966011250105 18.2
      vertex 24.914213562373096 13.585786437626904 18.2
    endloop
  endfacet
  facet normal 0 0 1
    outer loop
      vertex 24.914213562373096 16.414213562373096 18.2
      vertex 24.914213562373096 13.585786437626904 18.2
      vertex 25.118033988749893 13.824429495415053 18.2
    endloop
  endfacet
  facet normal -0.8526401643540893 0.5224985647159539 0
    outer loop
      vertex 21.717986951623264 15.907980999479093 18.2
      vertex 21.881966011250107 16.175570504584947 18.2
      vertex 21.717986951623264 15.907980999479093 2.2
    endloop
  endfacet
  facet normal -0.9238795325112873 0.3826834323650883 -2.5808024572513936e-19
    outer loop
      vertex 21.717986951623264 15.907980999479093 18.2
      vertex 21.597886967409693 15.618033988749895 2.2
      vertex 21.597886967409693 15.618033988749895 18.2
    endloop
  endfacet
  facet normal -0.7604059656000353 0.6494480483301787 2.5100699400482035e-19
    outer loop
      vertex 22.085786437626904 16.414213562373096 18.2
      vertex 21.881966011250107 16.175570504584947 2.2
      vertex 21.881966011250107 16.175570504584947 18.2
    endloop
  endfacet
  facet normal -0.6494480483301787 0.7604059656000353 2.5100699400482035e-19
    outer loop
      vertex 22.085786437626904 16.414213562373096 18.2
      vertex 22.324429495415053 16.618033988749893 18.2
      vertex 22.324429495415053 16.618033988749893 2.2
    endloop
  endfacet
  facet normal -0.5224985647159539 0.8526401643540893 -2.6388944188288895e-19
    outer loop
      vertex 22.324429495415053 16.618033988749893 18.2
      vertex 22.592019000520907 16.782013048376736 18.2
      vertex 22.592019000520907 16.782013048376736 2.2
    endloop
  endfacet
  facet normal -0.38268343236508634 0.9238795325112882 -6.096333852761835e-19
    outer loop
      vertex 22.592019000520907 16.782013048376736 18.2
      vertex 22.881966011250107 16.902113032590307 18.2
      vertex 22.881966011250107 16.902113032590307 2.2
    endloop
  endfacet
  facet normal -0.9723699203976759 0.23344536385590833 1.0429718168868305e-19
    outer loop
      vertex 21.597886967409693 15.618033988749895 18.2
      vertex 21.524623318809724 15.312868930080462 2.2
      vertex 21.524623318809724 15.312868930080462 18.2
    endloop
  endfacet
  facet normal -0.9969173337331282 0.0784590957278417 -7.486641679598127e-21
    outer loop
      vertex 21.524623318809724 15.312868930080462 18.2
      vertex 21.5 15 2.2
      vertex 21.5 15 18.2
    endloop
  endfacet
  facet normal -0.9969173337331282 -0.0784590957278417 7.486641679598127e-21
    outer loop
      vertex 21.5 15 18.2
      vertex 21.524623318809724 14.687131069919538 2.2
      vertex 21.524623318809724 14.687131069919538 18.2
    endloop
  endfacet
  facet normal -0.9723699203976759 -0.23344536385590833 -1.0429718168868305e-19
    outer loop
      vertex 21.524623318809724 14.687131069919538 18.2
      vertex 21.597886967409693 14.381966011250105 2.2
      vertex 21.597886967409693 14.381966011250105 18.2
    endloop
  endfacet
  facet normal -0.9238795325112873 -0.3826834323650883 2.5808024572513936e-19
    outer loop
      vertex 21.597886967409693 14.381966011250105 18.2
      vertex 21.717986951623264 14.092019000520907 2.2
      vertex 21.717986951623264 14.092019000520907 18.2
    endloop
  endfacet
  facet normal -0.8526401643540893 -0.5224985647159539 2.6388944188288895e-19
    outer loop
      vertex 21.717986951623264 14.092019000520907 18.2
      vertex 21.881966011250107 13.824429495415053 2.2
      vertex 21.881966011250107 13.824429495415053 18.2
    endloop
  endfacet
  facet normal -0.7604059656000353 -0.6494480483301787 -2.5100699400482035e-19
    outer loop
      vertex 21.881966011250107 13.824429495415053 18.2
      vertex 22.085786437626904 13.585786437626904 2.2
      vertex 22.085786437626904 13.585786437626904 18.2
    endloop
  endfacet
  facet normal -0.6494480483301819 -0.7604059656000325 0
    outer loop
      vertex 22.085786437626904 13.585786437626904 18.2
      vertex 22.085786437626904 13.585786437626904 2.2
      vertex 22.324429495415053 13.381966011250105 18.2
    endloop
  endfacet
  facet normal -0.5224985647159497 -0.8526401643540917 0
    outer loop
      vertex 22.324429495415053 13.381966011250105 18.2
      vertex 22.324429495415053 13.381966011250105 2.2
      vertex 22.592019000520907 13.217986951623264 18.2
    endloop
  endfacet
  facet normal -0.38268343236508634 -0.9238795325112882 0
    outer loop
      vertex 22.592019000520907 13.217986951623264 18.2
      vertex 22.592019000520907 13.217986951623264 2.2
      vertex 22.881966011250107 13.097886967409693 18.2
    endloop
  endfacet
  facet normal -0.2334453638559096 0.9723699203976756 -2.4876219578888566e-19
    outer loop
      vertex 22.881966011250107 16.902113032590307 18.2
      vertex 23.187131069919538 16.975376681190276 18.2
      vertex 23.187131069919538 16.975376681190276 2.2
    endloop
  endfacet
  facet normal -0.0784590957278417 0.9969173337331282 -7.486641679598127e-21
    outer loop
      vertex 23.187131069919538 16.975376681190276 18.2
      vertex 23.5 17 18.2
      vertex 23.5 17 2.2
    endloop
  endfacet
  facet normal 0.0784590957278417 0.9969173337331282 7.486641679598127e-21
    outer loop
      vertex 23.5 17 18.2
      vertex 23.812868930080462 16.975376681190276 18.2
      vertex 23.812868930080462 16.975376681190276 2.2
    endloop
  endfacet
  facet normal 0.2334453638559096 0.9723699203976756 2.4876219578888566e-19
    outer loop
      vertex 23.812868930080462 16.975376681190276 18.2
      vertex 24.118033988749893 16.902113032590307 18.2
      vertex 24.118033988749893 16.902113032590307 2.2
    endloop
  endfacet
  facet normal 0.38268343236508634 0.9238795325112882 6.096333852761835e-19
    outer loop
      vertex 24.118033988749893 16.902113032590307 18.2
      vertex 24.407980999479093 16.782013048376736 18.2
      vertex 24.407980999479093 16.782013048376736 2.2
    endloop
  endfacet
  facet normal 0.5224985647159539 0.8526401643540893 2.6388944188288895e-19
    outer loop
      vertex 24.407980999479093 16.782013048376736 18.2
      vertex 24.675570504584947 16.618033988749893 18.2
      vertex 24.675570504584947 16.618033988749893 2.2
    endloop
  endfacet
  facet normal 0.6494480483301787 0.7604059656000353 -2.5100699400482035e-19
    outer loop
      vertex 24.675570504584947 16.618033988749893 18.2
      vertex 24.914213562373096 16.414213562373096 18.2
      vertex 24.914213562373096 16.414213562373096 2.2
    endloop
  endfacet
  facet normal 0.7604059656000353 0.6494480483301787 0
    outer loop
      vertex 24.914213562373096 16.414213562373096 18.2
      vertex 25.118033988749893 16.175570504584947 18.2
      vertex 24.914213562373096 16.414213562373096 2.2
    endloop
  endfacet
  facet normal 0.8526401643540893 0.5224985647159539 0
    outer loop
      vertex 25.118033988749893 16.175570504584947 18.2
      vertex 25.282013048376736 15.907980999479093 18.2
      vertex 25.118033988749893 16.175570504584947 2.2
    endloop
  endfacet
  facet normal 0.9238795325112873 0.3826834323650883 0
    outer loop
      vertex 25.282013048376736 15.907980999479093 18.2
      vertex 25.402113032590307 15.618033988749895 18.2
      vertex 25.282013048376736 15.907980999479093 2.2
    endloop
  endfacet
  facet normal 0.9723699203976759 0.23344536385590833 0
    outer loop
      vertex 25.402113032590307 15.618033988749895 18.2
      vertex 25.475376681190276 15.312868930080462 18.2
      vertex 25.402113032590307 15.618033988749895 2.2
    endloop
  endfacet
  facet normal -0.2334453638559096 -0.9723699203976756 0
    outer loop
      vertex 22.881966011250107 13.097886967409693 18.2
      vertex 22.881966011250107 13.097886967409693 2.2
      vertex 23.187131069919538 13.024623318809724 18.2
    endloop
  endfacet
  facet normal -0.0784590957278417 -0.9969173337331282 0
    outer loop
      vertex 23.187131069919538 13.024623318809724 18.2
      vertex 23.187131069919538 13.024623318809724 2.2
      vertex 23.5 13 18.2
    endloop
  endfacet
  facet normal 0.0784590957278417 -0.9969173337331282 0
    outer loop
      vertex 23.5 13 18.2
      vertex 23.5 13 2.2
      vertex 23.812868930080462 13.024623318809724 18.2
    endloop
  endfacet
  facet normal 0.5224985647159497 -0.8526401643540917 0
    outer loop
      vertex 24.407980999479093 13.217986951623264 18.2
      vertex 24.407980999479093 13.217986951623264 2.2
      vertex 24.675570504584947 13.381966011250105 18.2
    endloop
  endfacet
  facet normal 0.2334453638559096 -0.9723699203976756 0
    outer loop
      vertex 23.812868930080462 13.024623318809724 18.2
      vertex 23.812868930080462 13.024623318809724 2.2
      vertex 24.118033988749893 13.097886967409693 18.2
    endloop
  endfacet
  facet normal 0.38268343236508634 -0.9238795325112882 -6.096333852761835e-19
    outer loop
      vertex 24.407980999479093 13.217986951623264 18.2
      vertex 24.118033988749893 13.097886967409693 18.2
      vertex 24.118033988749893 13.097886967409693 2.2
    endloop
  endfacet
  facet normal 0.9969173337331282 0.0784590957278417 0
    outer loop
      vertex 25.475376681190276 15.312868930080462 18.2
      vertex 25.5 15 18.2
      vertex 25.475376681190276 15.312868930080462 2.2
    endloop
  endfacet
  facet normal 0.9969173337331282 -0.0784590957278417 0
    outer loop
      vertex 25.5 15 18.2
      vertex 25.475376681190276 14.687131069919538 18.2
      vertex 25.5 15 2.2
    endloop
  endfacet
  facet normal 0.9723699203976759 -0.23344536385590833 1.0429718168868305e-19
    outer loop
      vertex 25.402113032590307 14.381966011250105 18.2
      vertex 25.475376681190276 14.687131069919538 2.2
      vertex 25.475376681190276 14.687131069919538 18.2
    endloop
  endfacet
  facet normal 0.9238795325112873 -0.3826834323650883 0
    outer loop
      vertex 25.402113032590307 14.381966011250105 18.2
      vertex 25.282013048376736 14.092019000520907 18.2
      vertex 25.402113032590307 14.381966011250105 2.2
    endloop
  endfacet
  facet normal 0.8526401643540893 -0.5224985647159539 0
    outer loop
      vertex 25.282013048376736 14.092019000520907 18.2
      vertex 25.118033988749893 13.824429495415053 18.2
      vertex 25.282013048376736 14.092019000520907 2.2
    endloop
  endfacet
  facet normal 0.7604059656000353 -0.6494480483301787 2.5100699400482035e-19
    outer loop
      vertex 24.914213562373096 13.585786437626904 18.2
      vertex 25.118033988749893 13.824429495415053 2.2
      vertex 25.118033988749893 13.824429495415053 18.2
    endloop
  endfacet
  facet normal 0.6494480483301819 -0.7604059656000325 0
    outer loop
      vertex 24.675570504584947 13.381966011250105 18.2
      vertex 24.675570504584947 13.381966011250105 2.2
      vertex 24.914213562373096 13.585786437626904 18.2
    endloop
  endfacet
  facet normal -0.8526401643540893 0.5224985647159539 0
    outer loop
      vertex 21.881966011250107 16.175570504584947 18.2
      vertex 21.881966011250107 16.175570504584947 2.2
      vertex 21.717986951623264 15.907980999479093 2.2
    endloop
  endfacet
  facet normal -0.9723699203976759 0.23344536385590833 0
    outer loop
      vertex 21.597886967409693 15.618033988749895 18.2
      vertex 21.597886967409693 15.618033988749895 2.2
      vertex 21.524623318809724 15.312868930080462 2.2
    endloop
  endfacet
  facet normal -0.9238795325112873 0.3826834323650883 0
    outer loop
      vertex 21.717986951623264 15.907980999479093 18.2
      vertex 21.717986951623264 15.907980999479093 2.2
      vertex 21.597886967409693 15.618033988749895 2.2
    endloop
  endfacet
  facet normal -0.7604059656000353 0.6494480483301787 0
    outer loop
      vertex 22.085786437626904 16.414213562373096 18.2
      vertex 22.085786437626904 16.414213562373096 2.2
      vertex 21.881966011250107 16.175570504584947 2.2
    endloop
  endfacet
  facet normal -0.6494480483301787 0.7604059656000353 0
    outer loop
      vertex 22.085786437626904 16.414213562373096 18.2
      vertex 22.324429495415053 16.618033988749893 2.2
      vertex 22.085786437626904 16.414213562373096 2.2
    endloop
  endfacet
  facet normal -0.5224985647159539 0.8526401643540893 0
    outer loop
      vertex 22.324429495415053 16.618033988749893 18.2
      vertex 22.592019000520907 16.782013048376736 2.2
      vertex 22.324429495415053 16.618033988749893 2.2
    endloop
  endfacet
  facet normal -0.38268343236508634 0.9238795325112882 0
    outer loop
      vertex 22.592019000520907 16.782013048376736 18.2
      vertex 22.881966011250107 16.902113032590307 2.2
      vertex 22.592019000520907 16.782013048376736 2.2
    endloop
  endfacet
  facet normal -0.9969173337331282 0.0784590957278417 0
    outer loop
      vertex 21.524623318809724 15.312868930080462 18.2
      vertex 21.524623318809724 15.312868930080462 2.2
      vertex 21.5 15 2.2
    endloop
  endfacet
  facet normal -0.9969173337331282 -0.0784590957278417 0
    outer loop
      vertex 21.5 15 18.2
      vertex 21.5 15 2.2
      vertex 21.524623318809724 14.687131069919538 2.2
    endloop
  endfacet
  facet normal -0.9723699203976759 -0.23344536385590833 0
    outer loop
      vertex 21.524623318809724 14.687131069919538 18.2
      vertex 21.524623318809724 14.687131069919538 2.2
      vertex 21.597886967409693 14.381966011250105 2.2
    endloop
  endfacet
  facet normal -0.9238795325112873 -0.3826834323650883 0
    outer loop
      vertex 21.597886967409693 14.381966011250105 18.2
      vertex 21.597886967409693 14.381966011250105 2.2
      vertex 21.717986951623264 14.092019000520907 2.2
    endloop
  endfacet
  facet normal -0.8526401643540893 -0.5224985647159539 0
    outer loop
      vertex 21.717986951623264 14.092019000520907 18.2
      vertex 21.717986951623264 14.092019000520907 2.2
      vertex 21.881966011250107 13.824429495415053 2.2
    endloop
  endfacet
  facet normal -0.7604059656000353 -0.6494480483301787 0
    outer loop
      vertex 21.881966011250107 13.824429495415053 18.2
      vertex 21.881966011250107 13.824429495415053 2.2
      vertex 22.085786437626904 13.585786437626904 2.2
    endloop
  endfacet
  facet normal -0.6494480483301819 -0.7604059656000325 0
    outer loop
      vertex 22.324429495415053 13.381966011250105 18.2
      vertex 22.085786437626904 13.585786437626904 2.2
      vertex 22.324429495415053 13.381966011250105 2.2
    endloop
  endfacet
  facet normal -0.5224985647159497 -0.8526401643540917 0
    outer loop
      vertex 22.592019000520907 13.217986951623264 18.2
      vertex 22.324429495415053 13.381966011250105 2.2
      vertex 22.592019000520907 13.217986951623264 2.2
    endloop
  endfacet
  facet normal -0.38268343236508634 -0.9238795325112882 0
    outer loop
      vertex 22.881966011250107 13.097886967409693 18.2
      vertex 22.592019000520907 13.217986951623264 2.2
      vertex 22.881966011250107 13.097886967409693 2.2
    endloop
  endfacet
  facet normal -0.2334453638559096 0.9723699203976756 0
    outer loop
      vertex 22.881966011250107 16.902113032590307 18.2
      vertex 23.187131069919538 16.975376681190276 2.2
      vertex 22.881966011250107 16.902113032590307 2.2
    endloop
  endfacet
  facet normal -0.0784590957278417 0.9969173337331282 0
    outer loop
      vertex 23.187131069919538 16.975376681190276 18.2
      vertex 23.5 17 2.2
      vertex 23.187131069919538 16.975376681190276 2.2
    endloop
  endfacet
  facet normal 0.0784590957278417 0.9969173337331282 0
    outer loop
      vertex 23.5 17 18.2
      vertex 23.812868930080462 16.975376681190276 2.2
      vertex 23.5 17 2.2
    endloop
  endfacet
  facet normal 0.2334453638559096 0.9723699203976756 0
    outer loop
      vertex 23.812868930080462 16.975376681190276 18.2
      vertex 24.118033988749893 16.902113032590307 2.2
      vertex 23.812868930080462 16.975376681190276 2.2
    endloop
  endfacet
  facet normal 0.38268343236508634 0.9238795325112882 0
    outer loop
      vertex 24.118033988749893 16.902113032590307 18.2
      vertex 24.407980999479093 16.782013048376736 2.2
      vertex 24.118033988749893 16.902113032590307 2.2
    endloop
  endfacet
  facet normal 0.5224985647159539 0.8526401643540893 0
    outer loop
      vertex 24.407980999479093 16.782013048376736 18.2
      vertex 24.675570504584947 16.618033988749893 2.2
      vertex 24.407980999479093 16.782013048376736 2.2
    endloop
  endfacet
  facet normal 0.6494480483301787 0.7604059656000353 0
    outer loop
      vertex 24.675570504584947 16.618033988749893 18.2
      vertex 24.914213562373096 16.414213562373096 2.2
      vertex 24.675570504584947 16.618033988749893 2.2
    endloop
  endfacet
  facet normal 0.7604059656000353 0.6494480483301787 0
    outer loop
      vertex 25.118033988749893 16.175570504584947 18.2
      vertex 25.118033988749893 16.175570504584947 2.2
      vertex 24.914213562373096 16.414213562373096 2.2
    endloop
  endfacet
  facet normal 0.8526401643540893 0.5224985647159539 0
    outer loop
      vertex 25.282013048376736 15.907980999479093 18.2
      vertex 25.282013048376736 15.907980999479093 2.2
      vertex 25.118033988749893 16.175570504584947 2.2
    endloop
  endfacet
  facet normal 0.9238795325112873 0.3826834323650883 0
    outer loop
      vertex 25.402113032590307 15.618033988749895 18.2
      vertex 25.402113032590307 15.618033988749895 2.2
      vertex 25.282013048376736 15.907980999479093 2.2
    endloop
  endfacet
  facet normal -0.2334453638559096 -0.9723699203976756 0
    outer loop
      vertex 23.187131069919538 13.024623318809724 18.2
      vertex 22.881966011250107 13.097886967409693 2.2
      vertex 23.187131069919538 13.024623318809724 2.2
    endloop
  endfacet
  facet normal -0.0784590957278417 -0.9969173337331282 0
    outer loop
      vertex 23.5 13 18.2
      vertex 23.187131069919538 13.024623318809724 2.2
      vertex 23.5 13 2.2
    endloop
  endfacet
  facet normal 0.0784590957278417 -0.9969173337331282 0
    outer loop
      vertex 23.812868930080462 13.024623318809724 18.2
      vertex 23.5 13 2.2
      vertex 23.812868930080462 13.024623318809724 2.2
    endloop
  endfacet
  facet normal 0.38268343236508634 -0.9238795325112882 0
    outer loop
      vertex 24.407980999479093 13.217986951623264 18.2
      vertex 24.118033988749893 13.097886967409693 2.2
      vertex 24.407980999479093 13.217986951623264 2.2
    endloop
  endfacet
  facet normal 0.5224985647159497 -0.8526401643540917 0
    outer loop
      vertex 24.675570504584947 13.381966011250105 18.2
      vertex 24.407980999479093 13.217986951623264 2.2
      vertex 24.675570504584947 13.381966011250105 2.2
    endloop
  endfacet
  facet normal 0.2334453638559096 -0.9723699203976756 0
    outer loop
      vertex 24.118033988749893 13.097886967409693 18.2
      vertex 23.812868930080462 13.024623318809724 2.2
      vertex 24.118033988749893 13.097886967409693 2.2
    endloop
  endfacet
  facet normal 0.9723699203976759 0.23344536385590833 0
    outer loop
      vertex 25.475376681190276 15.312868930080462 18.2
      vertex 25.475376681190276 15.312868930080462 2.2
      vertex 25.402113032590307 15.618033988749895 2.2
    endloop
  endfacet
  facet normal 0.9969173337331282 0.0784590957278417 0
    outer loop
      vertex 25.5 15 18.2
      vertex 25.5 15 2.2
      vertex 25.475376681190276 15.312868930080462 2.2
    endloop
  endfacet
  facet normal 0.9969173337331282 -0.0784590957278417 0
    outer loop
      vertex 25.475376681190276 14.687131069919538 18.2
      vertex 25.475376681190276 14.687131069919538 2.2
      vertex 25.5 15 2.2
    endloop
  endfacet
  facet normal 0.9723699203976759 -0.23344536385590833 0
    outer loop
      vertex 25.402113032590307 14.381966011250105 18.2
      vertex 25.402113032590307 14.381966011250105 2.2
      vertex 25.475376681190276 14.687131069919538 2.2
    endloop
  endfacet
  facet normal 0.9238795325112873 -0.3826834323650883 0
    outer loop
      vertex 25.282013048376736 14.092019000520907 18.2
      vertex 25.282013048376736 14.092019000520907 2.2
      vertex 25.402113032590307 14.381966011250105 2.2
    endloop
  endfacet
  facet normal 0.8526401643540893 -0.5224985647159539 0
    outer loop
      vertex 25.118033988749893 13.824429495415053 18.2
      vertex 25.118033988749893 13.824429495415053 2.2
      vertex 25.282013048376736 14.092019000520907 2.2
    endloop
  endfacet
  facet normal 0.7604059656000353 -0.6494480483301787 0
    outer loop
      vertex 24.914213562373096 13.585786437626904 18.2
      vertex 24.914213562373096 13.585786437626904 2.2
      vertex 25.118033988749893 13.824429495415053 2.2
    endloop
  endfacet
  facet normal 0.6494480483301819 -0.7604059656000325 0
    outer loop
      vertex 24.914213562373096 13.585786437626904 18.2
      vertex 24.675570504584947 13.381966011250105 2.2
      vertex 24.914213562373096 13.585786437626904 2.2
    endloop
  endfacet
  facet normal 0 0 1
    outer loop
      vertex 21.597886967409693 -14.381966011250105 18.2
      vertex 21.524623318809724 -14.687131069919538 18.2
      vertex 21.597886967409693 -15.618033988749895 18.2
    endloop
  endfacet
  facet normal 0 0 1
    outer loop
      vertex 21.524623318809724 -14.687131069919538 18.2
      vertex 21.5 -15 18.2
      vertex 21.524623318809724 -15.312868930080462 18.2
    endloop
  endfacet
  facet normal 0 0 1
    outer loop
      vertex 21.717986951623264 -14.092019000520907 18.2
      vertex 21.597886967409693 -14.381966011250105 18.2
      vertex 21.717986951623264 -15.907980999479093 18.2
    endloop
  endfacet
  facet normal 0 0 1
    outer loop
      vertex 21.881966011250107 -13.824429495415053 18.2
      vertex 21.717986951623264 -14.092019000520907 18.2
      vertex 21.881966011250107 -16.175570504584947 18.2
    endloop
  endfacet
  facet normal 0 0 1
    outer loop
      vertex 21.524623318809724 -14.687131069919538 18.2
      vertex 21.524623318809724 -15.312868930080462 18.2
      vertex 21.597886967409693 -15.618033988749895 18.2
    endloop
  endfacet
  facet normal 0 0 1
    outer loop
      vertex 21.597886967409693 -14.381966011250105 18.2
      vertex 21.597886967409693 -15.618033988749895 18.2
      vertex 21.717986951623264 -15.907980999479093 18.2
    endloop
  endfacet
  facet normal 0 0 1
    outer loop
      vertex 21.717986951623264 -14.092019000520907 18.2
      vertex 21.717986951623264 -15.907980999479093 18.2
      vertex 21.881966011250107 -16.175570504584947 18.2
    endloop
  endfacet
  facet normal 0 0 1
    outer loop
      vertex 22.085786437626904 -13.585786437626904 18.2
      vertex 21.881966011250107 -13.824429495415053 18.2
      vertex 22.085786437626904 -16.414213562373096 18.2
    endloop
  endfacet
  facet normal 0 0 1
    outer loop
      vertex 22.324429495415053 -13.381966011250105 18.2
      vertex 22.085786437626904 -13.585786437626904 18.2
      vertex 22.324429495415053 -16.618033988749893 18.2
    endloop
  endfacet
  facet normal 0 0 1
    outer loop
      vertex 22.324429495415053 -13.381966011250105 18.2
      vertex 22.592019000520907 -16.782013048376736 18.2
      vertex 22.592019000520907 -13.217986951623264 18.2
    endloop
  endfacet
  facet normal 0 0 1
    outer loop
      vertex 22.592019000520907 -13.217986951623264 18.2
      vertex 22.881966011250107 -16.902113032590307 18.2
      vertex 22.881966011250107 -13.097886967409693 18.2
    endloop
  endfacet
  facet normal 0 0 1
    outer loop
      vertex 21.881966011250107 -13.824429495415053 18.2
      vertex 21.881966011250107 -16.175570504584947 18.2
      vertex 22.085786437626904 -16.414213562373096 18.2
    endloop
  endfacet
  facet normal 0 0 1
    outer loop
      vertex 22.085786437626904 -13.585786437626904 18.2
      vertex 22.085786437626904 -16.414213562373096 18.2
      vertex 22.324429495415053 -16.618033988749893 18.2
    endloop
  endfacet
  facet normal 0 0 1
    outer loop
      vertex 22.324429495415053 -13.381966011250105 18.2
      vertex 22.324429495415053 -16.618033988749893 18.2
      vertex 22.592019000520907 -16.782013048376736 18.2
    endloop
  endfacet
  facet normal 0 0 1
    outer loop
      vertex 22.592019000520907 -13.217986951623264 18.2
      vertex 22.592019000520907 -16.782013048376736 18.2
      vertex 22.881966011250107 -16.902113032590307 18.2
    endloop
  endfacet
  facet normal 0 0 1
    outer loop
      vertex 22.881966011250107 -13.097886967409693 18.2
      vertex 23.187131069919538 -16.975376681190276 18.2
      vertex 23.187131069919538 -13.024623318809724 18.2
    endloop
  endfacet
  facet normal 0 0 1
    outer loop
      vertex 23.187131069919538 -13.024623318809724 18.2
      vertex 23.5 -17 18.2
      vertex 23.5 -13 18.2
    endloop
  endfacet
  facet normal 0 0 1
    outer loop
      vertex 23.5 -13 18.2
      vertex 23.812868930080462 -16.975376681190276 18.2
      vertex 23.812868930080462 -13.024623318809724 18.2
    endloop
  endfacet
  facet normal 0 0 1
    outer loop
      vertex 23.812868930080462 -13.024623318809724 18.2
      vertex 24.118033988749893 -16.902113032590307 18.2
      vertex 24.118033988749893 -13.097886967409693 18.2
    endloop
  endfacet
  facet normal 0 0 1
    outer loop
      vertex 24.118033988749893 -13.097886967409693 18.2
      vertex 24.407980999479093 -16.782013048376736 18.2
      vertex 24.407980999479093 -13.217986951623264 18.2
    endloop
  endfacet
  facet normal 0 0 1
    outer loop
      vertex 24.407980999479093 -13.217986951623264 18.2
      vertex 24.675570504584947 -16.618033988749893 18.2
      vertex 24.675570504584947 -13.381966011250105 18.2
    endloop
  endfacet
  facet normal 0 0 1
    outer loop
      vertex 24.675570504584947 -13.381966011250105 18.2
      vertex 24.914213562373096 -16.414213562373096 18.2
      vertex 24.914213562373096 -13.585786437626904 18.2
    endloop
  endfacet
  facet normal 0 0 1
    outer loop
      vertex 24.914213562373096 -13.585786437626904 18.2
      vertex 25.118033988749893 -16.175570504584947 18.2
      vertex 25.118033988749893 -13.824429495415053 18.2
    endloop
  endfacet
  facet normal 0 0 1
    outer loop
      vertex 25.118033988749893 -13.824429495415053 18.2
      vertex 25.282013048376736 -15.907980999479093 18.2
      vertex 25.282013048376736 -14.092019000520907 18.2
    endloop
  endfacet
  facet normal 0 0 1
    outer loop
      vertex 24.914213562373096 -13.585786437626904 18.2
      vertex 24.914213562373096 -16.414213562373096 18.2
      vertex 25.118033988749893 -16.175570504584947 18.2
    endloop
  endfacet
  facet normal 0 0 1
    outer loop
      vertex 25.118033988749893 -13.824429495415053 18.2
      vertex 25.118033988749893 -16.175570504584947 18.2
      vertex 25.282013048376736 -15.907980999479093 18.2
    endloop
  endfacet
  facet normal 0 0 1
    outer loop
      vertex 25.282013048376736 -14.092019000520907 18.2
      vertex 25.402113032590307 -15.618033988749895 18.2
      vertex 25.402113032590307 -14.381966011250105 18.2
    endloop
  endfacet
  facet normal 0 0 1
    outer loop
      vertex 25.402113032590307 -14.381966011250105 18.2
      vertex 25.475376681190276 -15.312868930080462 18.2
      vertex 25.475376681190276 -14.687131069919538 18.2
    endloop
  endfacet
  facet normal 0 0 1
    outer loop
      vertex 25.475376681190276 -14.687131069919538 18.2
      vertex 25.475376681190276 -15.312868930080462 18.2
      vertex 25.5 -15 18.2
    endloop
  endfacet
  facet normal 0 0 1
    outer loop
      vertex 25.282013048376736 -14.092019000520907 18.2
      vertex 25.282013048376736 -15.907980999479093 18.2
      vertex 25.402113032590307 -15.618033988749895 18.2
    endloop
  endfacet
  facet normal 0 0 1
    outer loop
      vertex 25.402113032590307 -14.381966011250105 18.2
      vertex 25.402113032590307 -15.618033988749895 18.2
      vertex 25.475376681190276 -15.312868930080462 18.2
    endloop
  endfacet
  facet normal 0 0 1
    outer loop
      vertex 22.881966011250107 -13.097886967409693 18.2
      vertex 22.881966011250107 -16.902113032590307 18.2
      vertex 23.187131069919538 -16.975376681190276 18.2
    endloop
  endfacet
  facet normal 0 0 1
    outer loop
      vertex 23.187131069919538 -13.024623318809724 18.2
      vertex 23.187131069919538 -16.975376681190276 18.2
      vertex 23.5 -17 18.2
    endloop
  endfacet
  facet normal 0 0 1
    outer loop
      vertex 23.5 -13 18.2
      vertex 23.5 -17 18.2
      vertex 23.812868930080462 -16.975376681190276 18.2
    endloop
  endfacet
  facet normal 0 0 1
    outer loop
      vertex 23.812868930080462 -13.024623318809724 18.2
      vertex 23.812868930080462 -16.975376681190276 18.2
      vertex 24.118033988749893 -16.902113032590307 18.2
    endloop
  endfacet
  facet normal 0 0 1
    outer loop
      vertex 24.118033988749893 -13.097886967409693 18.2
      vertex 24.118033988749893 -16.902113032590307 18.2
      vertex 24.407980999479093 -16.782013048376736 18.2
    endloop
  endfacet
  facet normal 0 0 1
    outer loop
      vertex 24.407980999479093 -13.217986951623264 18.2
      vertex 24.407980999479093 -16.782013048376736 18.2
      vertex 24.675570504584947 -16.618033988749893 18.2
    endloop
  endfacet
  facet normal 0 0 1
    outer loop
      vertex 24.675570504584947 -13.381966011250105 18.2
      vertex 24.675570504584947 -16.618033988749893 18.2
      vertex 24.914213562373096 -16.414213562373096 18.2
    endloop
  endfacet
  facet normal -0.38268343236508634 0.9238795325112882 -6.096333852761835e-19
    outer loop
      vertex 22.592019000520907 -13.217986951623264 18.2
      vertex 22.881966011250107 -13.097886967409693 18.2
      vertex 22.881966011250107 -13.097886967409693 2.2
    endloop
  endfacet
  facet normal -0.6494480483301819 0.7604059656000325 0
    outer loop
      vertex 22.324429495415053 -13.381966011250105 18.2
      vertex 22.324429495415053 -13.381966011250105 2.2
      vertex 22.085786437626904 -13.585786437626904 18.2
    endloop
  endfacet
  facet normal -0.7604059656000353 0.6494480483301787 2.5100699400482035e-19
    outer loop
      vertex 22.085786437626904 -13.585786437626904 18.2
      vertex 21.881966011250107 -13.824429495415053 2.2
      vertex 21.881966011250107 -13.824429495415053 18.2
    endloop
  endfacet
  facet normal -0.5224985647159497 0.8526401643540917 4.230194083375854e-19
    outer loop
      vertex 22.324429495415053 -13.381966011250105 18.2
      vertex 22.592019000520907 -13.217986951623264 18.2
      vertex 22.592019000520907 -13.217986951623264 2.2
    endloop
  endfacet
  facet normal -0.8526401643540893 0.5224985647159539 -2.6388944188288895e-19
    outer loop
      vertex 21.881966011250107 -13.824429495415053 18.2
      vertex 21.717986951623264 -14.092019000520907 2.2
      vertex 21.717986951623264 -14.092019000520907 18.2
    endloop
  endfacet
  facet normal -0.9238795325112873 0.3826834323650883 -2.5808024572513936e-19
    outer loop
      vertex 21.717986951623264 -14.092019000520907 18.2
      vertex 21.597886967409693 -14.381966011250105 2.2
      vertex 21.597886967409693 -14.381966011250105 18.2
    endloop
  endfacet
  facet normal -0.9723699203976759 0.23344536385590833 1.0429718168868305e-19
    outer loop
      vertex 21.597886967409693 -14.381966011250105 18.2
      vertex 21.524623318809724 -14.687131069919538 2.2
      vertex 21.524623318809724 -14.687131069919538 18.2
    endloop
  endfacet
  facet normal -0.9969173337331282 0.0784590957278417 -7.486641679598127e-21
    outer loop
      vertex 21.524623318809724 -14.687131069919538 18.2
      vertex 21.5 -15 2.2
      vertex 21.5 -15 18.2
    endloop
  endfacet
  facet normal -0.9969173337331282 -0.0784590957278417 7.486641679598127e-21
    outer loop
      vertex 21.5 -15 18.2
      vertex 21.524623318809724 -15.312868930080462 2.2
      vertex 21.524623318809724 -15.312868930080462 18.2
    endloop
  endfacet
  facet normal -0.9723699203976759 -0.23344536385590833 -1.0429718168868305e-19
    outer loop
      vertex 21.524623318809724 -15.312868930080462 18.2
      vertex 21.597886967409693 -15.618033988749895 2.2
      vertex 21.597886967409693 -15.618033988749895 18.2
    endloop
  endfacet
  facet normal -0.9238795325112873 -0.3826834323650883 2.5808024572513936e-19
    outer loop
      vertex 21.597886967409693 -15.618033988749895 18.2
      vertex 21.717986951623264 -15.907980999479093 2.2
      vertex 21.717986951623264 -15.907980999479093 18.2
    endloop
  endfacet
  facet normal -0.8526401643540893 -0.5224985647159539 2.6388944188288895e-19
    outer loop
      vertex 21.717986951623264 -15.907980999479093 18.2
      vertex 21.881966011250107 -16.175570504584947 2.2
      vertex 21.881966011250107 -16.175570504584947 18.2
    endloop
  endfacet
  facet normal -0.7604059656000353 -0.6494480483301787 -2.5100699400482035e-19
    outer loop
      vertex 21.881966011250107 -16.175570504584947 18.2
      vertex 22.085786437626904 -16.414213562373096 2.2
      vertex 22.085786437626904 -16.414213562373096 18.2
    endloop
  endfacet
  facet normal -0.6494480483301787 -0.7604059656000353 0
    outer loop
      vertex 22.085786437626904 -16.414213562373096 18.2
      vertex 22.085786437626904 -16.414213562373096 2.2
      vertex 22.324429495415053 -16.618033988749893 18.2
    endloop
  endfacet
  facet normal -0.5224985647159539 -0.8526401643540893 0
    outer loop
      vertex 22.324429495415053 -16.618033988749893 18.2
      vertex 22.324429495415053 -16.618033988749893 2.2
      vertex 22.592019000520907 -16.782013048376736 18.2
    endloop
  endfacet
  facet normal -0.38268343236508634 -0.9238795325112882 0
    outer loop
      vertex 22.592019000520907 -16.782013048376736 18.2
      vertex 22.592019000520907 -16.782013048376736 2.2
      vertex 22.881966011250107 -16.902113032590307 18.2
    endloop
  endfacet
  facet normal -0.2334453638559096 0.9723699203976756 -2.4876219578888566e-19
    outer loop
      vertex 22.881966011250107 -13.097886967409693 18.2
      vertex 23.187131069919538 -13.024623318809724 18.2
      vertex 23.187131069919538 -13.024623318809724 2.2
    endloop
  endfacet
  facet normal -0.0784590957278417 0.9969173337331282 -7.486641679598127e-21
    outer loop
      vertex 23.187131069919538 -13.024623318809724 18.2
      vertex 23.5 -13 18.2
      vertex 23.5 -13 2.2
    endloop
  endfacet
  facet normal 0.0784590957278417 0.9969173337331282 7.486641679598127e-21
    outer loop
      vertex 23.5 -13 18.2
      vertex 23.812868930080462 -13.024623318809724 18.2
      vertex 23.812868930080462 -13.024623318809724 2.2
    endloop
  endfacet
  facet normal 0.2334453638559096 0.9723699203976756 2.4876219578888566e-19
    outer loop
      vertex 23.812868930080462 -13.024623318809724 18.2
      vertex 24.118033988749893 -13.097886967409693 18.2
      vertex 24.118033988749893 -13.097886967409693 2.2
    endloop
  endfacet
  facet normal 0.38268343236508634 0.9238795325112882 6.096333852761835e-19
    outer loop
      vertex 24.118033988749893 -13.097886967409693 18.2
      vertex 24.407980999479093 -13.217986951623264 18.2
      vertex 24.407980999479093 -13.217986951623264 2.2
    endloop
  endfacet
  facet normal 0.5224985647159497 0.8526401643540917 -4.230194083375854e-19
    outer loop
      vertex 24.407980999479093 -13.217986951623264 18.2
      vertex 24.675570504584947 -13.381966011250105 18.2
      vertex 24.675570504584947 -13.381966011250105 2.2
    endloop
  endfacet
  facet normal 0.6494480483301819 0.7604059656000325 -3.7899959102797966e-19
    outer loop
      vertex 24.675570504584947 -13.381966011250105 18.2
      vertex 24.914213562373096 -13.585786437626904 18.2
      vertex 24.914213562373096 -13.585786437626904 2.2
    endloop
  endfacet
  facet normal 0.7604059656000353 0.6494480483301787 0
    outer loop
      vertex 24.914213562373096 -13.585786437626904 18.2
      vertex 25.118033988749893 -13.824429495415053 18.2
      vertex 24.914213562373096 -13.585786437626904 2.2
    endloop
  endfacet
  facet normal 0.8526401643540893 0.5224985647159539 0
    outer loop
      vertex 25.118033988749893 -13.824429495415053 18.2
      vertex 25.282013048376736 -14.092019000520907 18.2
      vertex 25.118033988749893 -13.824429495415053 2.2
    endloop
  endfacet
  facet normal 0.9238795325112873 0.3826834323650883 0
    outer loop
      vertex 25.282013048376736 -14.092019000520907 18.2
      vertex 25.402113032590307 -14.381966011250105 18.2
      vertex 25.282013048376736 -14.092019000520907 2.2
    endloop
  endfacet
  facet normal 0.9723699203976759 0.23344536385590833 0
    outer loop
      vertex 25.402113032590307 -14.381966011250105 18.2
      vertex 25.475376681190276 -14.687131069919538 18.2
      vertex 25.402113032590307 -14.381966011250105 2.2
    endloop
  endfacet
  facet normal 0.9969173337331282 0.0784590957278417 0
    outer loop
      vertex 25.475376681190276 -14.687131069919538 18.2
      vertex 25.5 -15 18.2
      vertex 25.475376681190276 -14.687131069919538 2.2
    endloop
  endfacet
  facet normal 0.9969173337331282 -0.0784590957278417 0
    outer loop
      vertex 25.5 -15 18.2
      vertex 25.475376681190276 -15.312868930080462 18.2
      vertex 25.5 -15 2.2
    endloop
  endfacet
  facet normal 0.9723699203976759 -0.23344536385590833 0
    outer loop
      vertex 25.475376681190276 -15.312868930080462 18.2
      vertex 25.402113032590307 -15.618033988749895 18.2
      vertex 25.475376681190276 -15.312868930080462 2.2
    endloop
  endfacet
  facet normal -0.2334453638559096 -0.9723699203976756 0
    outer loop
      vertex 22.881966011250107 -16.902113032590307 18.2
      vertex 22.881966011250107 -16.902113032590307 2.2
      vertex 23.187131069919538 -16.975376681190276 18.2
    endloop
  endfacet
  facet normal -0.0784590957278417 -0.9969173337331282 0
    outer loop
      vertex 23.187131069919538 -16.975376681190276 18.2
      vertex 23.187131069919538 -16.975376681190276 2.2
      vertex 23.5 -17 18.2
    endloop
  endfacet
  facet normal 0.0784590957278417 -0.9969173337331282 0
    outer loop
      vertex 23.5 -17 18.2
      vertex 23.5 -17 2.2
      vertex 23.812868930080462 -16.975376681190276 18.2
    endloop
  endfacet
  facet normal 0.2334453638559096 -0.9723699203976756 0
    outer loop
      vertex 23.812868930080462 -16.975376681190276 18.2
      vertex 23.812868930080462 -16.975376681190276 2.2
      vertex 24.118033988749893 -16.902113032590307 18.2
    endloop
  endfacet
  facet normal 0.38268343236508634 -0.9238795325112882 0
    outer loop
      vertex 24.118033988749893 -16.902113032590307 18.2
      vertex 24.118033988749893 -16.902113032590307 2.2
      vertex 24.407980999479093 -16.782013048376736 18.2
    endloop
  endfacet
  facet normal 0.5224985647159539 -0.8526401643540893 -2.6388944188288895e-19
    outer loop
      vertex 24.675570504584947 -16.618033988749893 18.2
      vertex 24.407980999479093 -16.782013048376736 18.2
      vertex 24.407980999479093 -16.782013048376736 2.2
    endloop
  endfacet
  facet normal 0.9238795325112873 -0.3826834323650883 0
    outer loop
      vertex 25.402113032590307 -15.618033988749895 18.2
      vertex 25.282013048376736 -15.907980999479093 18.2
      vertex 25.402113032590307 -15.618033988749895 2.2
    endloop
  endfacet
  facet normal 0.8526401643540893 -0.5224985647159539 -2.6388944188288895e-19
    outer loop
      vertex 25.118033988749893 -16.175570504584947 18.2
      vertex 25.282013048376736 -15.907980999479093 2.2
      vertex 25.282013048376736 -15.907980999479093 18.2
    endloop
  endfacet
  facet normal 0.6494480483301787 -0.7604059656000353 0
    outer loop
      vertex 24.675570504584947 -16.618033988749893 18.2
      vertex 24.675570504584947 -16.618033988749893 2.2
      vertex 24.914213562373096 -16.414213562373096 18.2
    endloop
  endfacet
  facet normal 0.7604059656000353 -0.6494480483301787 0
    outer loop
      vertex 25.118033988749893 -16.175570504584947 18.2
      vertex 24.914213562373096 -16.414213562373096 18.2
      vertex 25.118033988749893 -16.175570504584947 2.2
    endloop
  endfacet
  facet normal -0.8526401643540893 0.5224985647159539 0
    outer loop
      vertex 21.881966011250107 -13.824429495415053 18.2
      vertex 21.881966011250107 -13.824429495415053 2.2
      vertex 21.717986951623264 -14.092019000520907 2.2
    endloop
  endfacet
  facet normal -0.6494480483301819 0.7604059656000325 0
    outer loop
      vertex 22.085786437626904 -13.585786437626904 18.2
      vertex 22.324429495415053 -13.381966011250105 2.2
      vertex 22.085786437626904 -13.585786437626904 2.2
    endloop
  endfacet
  facet normal -0.7604059656000353 0.6494480483301787 0
    outer loop
      vertex 22.085786437626904 -13.585786437626904 18.2
      vertex 22.085786437626904 -13.585786437626904 2.2
      vertex 21.881966011250107 -13.824429495415053 2.2
    endloop
  endfacet
  facet normal -0.5224985647159497 0.8526401643540917 0
    outer loop
      vertex 22.324429495415053 -13.381966011250105 18.2
      vertex 22.592019000520907 -13.217986951623264 2.2
      vertex 22.324429495415053 -13.381966011250105 2.2
    endloop
  endfacet
  facet normal -0.38268343236508634 0.9238795325112882 0
    outer loop
      vertex 22.592019000520907 -13.217986951623264 18.2
      vertex 22.881966011250107 -13.097886967409693 2.2
      vertex 22.592019000520907 -13.217986951623264 2.2
    endloop
  endfacet
  facet normal -0.9238795325112873 0.3826834323650883 0
    outer loop
      vertex 21.717986951623264 -14.092019000520907 18.2
      vertex 21.717986951623264 -14.092019000520907 2.2
      vertex 21.597886967409693 -14.381966011250105 2.2
    endloop
  endfacet
  facet normal -0.9723699203976759 0.23344536385590833 0
    outer loop
      vertex 21.597886967409693 -14.381966011250105 18.2
      vertex 21.597886967409693 -14.381966011250105 2.2
      vertex 21.524623318809724 -14.687131069919538 2.2
    endloop
  endfacet
  facet normal -0.9969173337331282 0.0784590957278417 0
    outer loop
      vertex 21.524623318809724 -14.687131069919538 18.2
      vertex 21.524623318809724 -14.687131069919538 2.2
      vertex 21.5 -15 2.2
    endloop
  endfacet
  facet normal -0.9969173337331282 -0.0784590957278417 0
    outer loop
      vertex 21.5 -15 18.2
      vertex 21.5 -15 2.2
      vertex 21.524623318809724 -15.312868930080462 2.2
    endloop
  endfacet
  facet normal -0.9723699203976759 -0.23344536385590833 0
    outer loop
      vertex 21.524623318809724 -15.312868930080462 18.2
      vertex 21.524623318809724 -15.312868930080462 2.2
      vertex 21.597886967409693 -15.618033988749895 2.2
    endloop
  endfacet
  facet normal -0.9238795325112873 -0.3826834323650883 0
    outer loop
      vertex 21.597886967409693 -15.618033988749895 18.2
      vertex 21.597886967409693 -15.618033988749895 2.2
      vertex 21.717986951623264 -15.907980999479093 2.2
    endloop
  endfacet
  facet normal -0.8526401643540893 -0.5224985647159539 0
    outer loop
      vertex 21.717986951623264 -15.907980999479093 18.2
      vertex 21.717986951623264 -15.907980999479093 2.2
      vertex 21.881966011250107 -16.175570504584947 2.2
    endloop
  endfacet
  facet normal -0.7604059656000353 -0.6494480483301787 0
    outer loop
      vertex 21.881966011250107 -16.175570504584947 18.2
      vertex 21.881966011250107 -16.175570504584947 2.2
      vertex 22.085786437626904 -16.414213562373096 2.2
    endloop
  endfacet
  facet normal -0.6494480483301787 -0.7604059656000353 0
    outer loop
      vertex 22.324429495415053 -16.618033988749893 18.2
      vertex 22.085786437626904 -16.414213562373096 2.2
      vertex 22.324429495415053 -16.618033988749893 2.2
    endloop
  endfacet
  facet normal -0.5224985647159539 -0.8526401643540893 0
    outer loop
      vertex 22.592019000520907 -16.782013048376736 18.2
      vertex 22.324429495415053 -16.618033988749893 2.2
      vertex 22.592019000520907 -16.782013048376736 2.2
    endloop
  endfacet
  facet normal -0.38268343236508634 -0.9238795325112882 0
    outer loop
      vertex 22.881966011250107 -16.902113032590307 18.2
      vertex 22.592019000520907 -16.782013048376736 2.2
      vertex 22.881966011250107 -16.902113032590307 2.2
    endloop
  endfacet
  facet normal -0.2334453638559096 0.9723699203976756 0
    outer loop
      vertex 22.881966011250107 -13.097886967409693 18.2
      vertex 23.187131069919538 -13.024623318809724 2.2
      vertex 22.881966011250107 -13.097886967409693 2.2
    endloop
  endfacet
  facet normal -0.0784590957278417 0.9969173337331282 0
    outer loop
      vertex 23.187131069919538 -13.024623318809724 18.2
      vertex 23.5 -13 2.2
      vertex 23.187131069919538 -13.024623318809724 2.2
    endloop
  endfacet
  facet normal 0.0784590957278417 0.9969173337331282 0
    outer loop
      vertex 23.5 -13 18.2
      vertex 23.812868930080462 -13.024623318809724 2.2
      vertex 23.5 -13 2.2
    endloop
  endfacet
  facet normal 0.2334453638559096 0.9723699203976756 0
    outer loop
      vertex 23.812868930080462 -13.024623318809724 18.2
      vertex 24.118033988749893 -13.097886967409693 2.2
      vertex 23.812868930080462 -13.024623318809724 2.2
    endloop
  endfacet
  facet normal 0.38268343236508634 0.9238795325112882 0
    outer loop
      vertex 24.118033988749893 -13.097886967409693 18.2
      vertex 24.407980999479093 -13.217986951623264 2.2
      vertex 24.118033988749893 -13.097886967409693 2.2
    endloop
  endfacet
  facet normal 0.5224985647159497 0.8526401643540917 0
    outer loop
      vertex 24.407980999479093 -13.217986951623264 18.2
      vertex 24.675570504584947 -13.381966011250105 2.2
      vertex 24.407980999479093 -13.217986951623264 2.2
    endloop
  endfacet
  facet normal 0.6494480483301819 0.7604059656000325 0
    outer loop
      vertex 24.675570504584947 -13.381966011250105 18.2
      vertex 24.914213562373096 -13.585786437626904 2.2
      vertex 24.675570504584947 -13.381966011250105 2.2
    endloop
  endfacet
  facet normal 0.7604059656000353 0.6494480483301787 0
    outer loop
      vertex 25.118033988749893 -13.824429495415053 18.2
      vertex 25.118033988749893 -13.824429495415053 2.2
      vertex 24.914213562373096 -13.585786437626904 2.2
    endloop
  endfacet
  facet normal 0.8526401643540893 0.5224985647159539 0
    outer loop
      vertex 25.282013048376736 -14.092019000520907 18.2
      vertex 25.282013048376736 -14.092019000520907 2.2
      vertex 25.118033988749893 -13.824429495415053 2.2
    endloop
  endfacet
  facet normal 0.9238795325112873 0.3826834323650883 0
    outer loop
      vertex 25.402113032590307 -14.381966011250105 18.2
      vertex 25.402113032590307 -14.381966011250105 2.2
      vertex 25.282013048376736 -14.092019000520907 2.2
    endloop
  endfacet
  facet normal 0.9723699203976759 0.23344536385590833 0
    outer loop
      vertex 25.475376681190276 -14.687131069919538 18.2
      vertex 25.475376681190276 -14.687131069919538 2.2
      vertex 25.402113032590307 -14.381966011250105 2.2
    endloop
  endfacet
  facet normal 0.9969173337331282 0.0784590957278417 0
    outer loop
      vertex 25.5 -15 18.2
      vertex 25.5 -15 2.2
      vertex 25.475376681190276 -14.687131069919538 2.2
    endloop
  endfacet
  facet normal 0.9969173337331282 -0.0784590957278417 0
    outer loop
      vertex 25.475376681190276 -15.312868930080462 18.2
      vertex 25.475376681190276 -15.312868930080462 2.2
      vertex 25.5 -15 2.2
    endloop
  endfacet
  facet normal -0.2334453638559096 -0.9723699203976756 0
    outer loop
      vertex 23.187131069919538 -16.975376681190276 18.2
      vertex 22.881966011250107 -16.902113032590307 2.2
      vertex 23.187131069919538 -16.975376681190276 2.2
    endloop
  endfacet
  facet normal -0.0784590957278417 -0.9969173337331282 0
    outer loop
      vertex 23.5 -17 18.2
      vertex 23.187131069919538 -16.975376681190276 2.2
      vertex 23.5 -17 2.2
    endloop
  endfacet
  facet normal 0.0784590957278417 -0.9969173337331282 0
    outer loop
      vertex 23.812868930080462 -16.975376681190276 18.2
      vertex 23.5 -17 2.2
      vertex 23.812868930080462 -16.975376681190276 2.2
    endloop
  endfacet
  facet normal 0.2334453638559096 -0.9723699203976756 0
    outer loop
      vertex 24.118033988749893 -16.902113032590307 18.2
      vertex 23.812868930080462 -16.975376681190276 2.2
      vertex 24.118033988749893 -16.902113032590307 2.2
    endloop
  endfacet
  facet normal 0.38268343236508634 -0.9238795325112882 0
    outer loop
      vertex 24.407980999479093 -16.782013048376736 18.2
      vertex 24.118033988749893 -16.902113032590307 2.2
      vertex 24.407980999479093 -16.782013048376736 2.2
    endloop
  endfacet
  facet normal 0.5224985647159539 -0.8526401643540893 0
    outer loop
      vertex 24.675570504584947 -16.618033988749893 18.2
      vertex 24.407980999479093 -16.782013048376736 2.2
      vertex 24.675570504584947 -16.618033988749893 2.2
    endloop
  endfacet
  facet normal 0.8526401643540893 -0.5224985647159539 0
    outer loop
      vertex 25.118033988749893 -16.175570504584947 18.2
      vertex 25.118033988749893 -16.175570504584947 2.2
      vertex 25.282013048376736 -15.907980999479093 2.2
    endloop
  endfacet
  facet normal 0.9238795325112873 -0.3826834323650883 0
    outer loop
      vertex 25.282013048376736 -15.907980999479093 18.2
      vertex 25.282013048376736 -15.907980999479093 2.2
      vertex 25.402113032590307 -15.618033988749895 2.2
    endloop
  endfacet
  facet normal 0.9723699203976759 -0.23344536385590833 0
    outer loop
      vertex 25.402113032590307 -15.618033988749895 18.2
      vertex 25.402113032590307 -15.618033988749895 2.2
      vertex 25.475376681190276 -15.312868930080462 2.2
    endloop
  endfacet
  facet normal 0.6494480483301787 -0.7604059656000353 0
    outer loop
      vertex 24.914213562373096 -16.414213562373096 18.2
      vertex 24.675570504584947 -16.618033988749893 2.2
      vertex 24.914213562373096 -16.414213562373096 2.2
    endloop
  endfacet
  facet normal 0.7604059656000353 -0.6494480483301787 0
    outer loop
      vertex 24.914213562373096 -16.414213562373096 18.2
      vertex 24.914213562373096 -16.414213562373096 2.2
      vertex 25.118033988749893 -16.175570504584947 2.2
    endloop
  endfacet
  facet normal 0 0 1
    outer loop
      vertex -26.400000000000002 20.75 2.2
      vertex -25.402113032590307 15.618033988749895 2.2
      vertex -25.282013048376736 15.907980999479093 2.2
    endloop
  endfacet
  facet normal 0 0 1
    outer loop
      vertex -26.400000000000002 20.75 2.2
      vertex -25.475376681190276 15.312868930080462 2.2
      vertex -25.402113032590307 15.618033988749895 2.2
    endloop
  endfacet
  facet normal 0 0 1
    outer loop
      vertex -26.400000000000002 20.75 2.2
      vertex -25.5 15 2.2
      vertex -25.475376681190276 15.312868930080462 2.2
    endloop
  endfacet
  facet normal 0 0 1
    outer loop
      vertex -26.400000000000002 20.75 2.2
      vertex -24.914213562373096 16.414213562373096 2.2
      vertex -24.675570504584947 16.618033988749893 2.2
    endloop
  endfacet
  facet normal 0 0 1
    outer loop
      vertex -26.400000000000002 20.75 2.2
      vertex -24.118033988749893 16.902113032590307 2.2
      vertex -23.812868930080462 16.975376681190276 2.2
    endloop
  endfacet
  facet normal 0 0 1
    outer loop
      vertex -26.400000000000002 20.75 2.2
      vertex -24.675570504584947 16.618033988749893 2.2
      vertex -24.407980999479093 16.782013048376736 2.2
    endloop
  endfacet
  facet normal 0 0 1
    outer loop
      vertex -26.400000000000002 20.75 2.2
      vertex -24.407980999479093 16.782013048376736 2.2
      vertex -24.118033988749893 16.902113032590307 2.2
    endloop
  endfacet
  facet normal 0 0 1
    outer loop
      vertex -26.400000000000002 20.75 2.2
      vertex -25.282013048376736 15.907980999479093 2.2
      vertex -25.118033988749893 16.175570504584947 2.2
    endloop
  endfacet
  facet normal 0 0 1
    outer loop
      vertex -26.400000000000002 20.75 2.2
      vertex -25.118033988749893 16.175570504584947 2.2
      vertex -24.914213562373096 16.414213562373096 2.2
    endloop
  endfacet
  facet normal 0 0 1
    outer loop
      vertex -26.400000000000002 20.75 2.2
      vertex -23.812868930080462 16.975376681190276 2.2
      vertex -23.5 17 2.2
    endloop
  endfacet
  facet normal 0 0 1
    outer loop
      vertex -26.400000000000002 20.75 2.2
      vertex -23.5 17 2.2
      vertex -23.187131069919538 16.975376681190276 2.2
    endloop
  endfacet
  facet normal 0 0 1
    outer loop
      vertex -26.400000000000002 20.75 2.2
      vertex -23.187131069919538 16.975376681190276 2.2
      vertex -22.881966011250107 16.902113032590307 2.2
    endloop
  endfacet
  facet normal 0 0 1
    outer loop
      vertex -26.400000000000002 20.75 2.2
      vertex -22.881966011250107 16.902113032590307 2.2
      vertex -22.592019000520907 16.782013048376736 2.2
    endloop
  endfacet
  facet normal 0 0 1
    outer loop
      vertex -26.400000000000002 20.75 2.2
      vertex -22.592019000520907 16.782013048376736 2.2
      vertex -22.324429495415053 16.618033988749893 2.2
    endloop
  endfacet
  facet normal 0 0 -1
    outer loop
      vertex -30.400000000000002 24.75 0
      vertex -16.85250625014305 20.30095875263214 0
      vertex -16.943884998559952 20.144570000469685 0
    endloop
  endfacet
  facet normal 0 0 -1
    outer loop
      vertex -30.400000000000002 24.75 0
      vertex -16.29992250353098 20.758942499756813 0
      vertex -16.466485001146793 20.669430002570152 0
    endloop
  endfacet
  facet normal 0 0 -1
    outer loop
      vertex -30.400000000000002 24.75 0
      vertex -16.11352500319481 20.832180000841618 0
      vertex -16.29992250353098 20.758942499756813 0
    endloop
  endfacet
  facet normal 0 0 -1
    outer loop
      vertex -30.400000000000002 24.75 0
      vertex -16.466485001146793 20.669430002570152 0
      vertex -16.61380624771118 20.563388749957085 0
    endloop
  endfacet
  facet normal 0 0 -1
    outer loop
      vertex -30.400000000000002 24.75 0
      vertex -16.61380624771118 20.563388749957085 0
      vertex -16.742480002343655 20.44056499749422 0
    endloop
  endfacet
  facet normal 0 0 -1
    outer loop
      vertex -30.400000000000002 24.75 0
      vertex -16.742480002343655 20.44056499749422 0
      vertex -16.85250625014305 20.30095875263214 0
    endloop
  endfacet
  facet normal 0 0 -1
    outer loop
      vertex -30.400000000000002 24.75 0
      vertex -15.907292500138283 20.889142498373985 0
      vertex -16.11352500319481 20.832180000841618 0
    endloop
  endfacet
  facet normal 0 0 -1
    outer loop
      vertex -30.400000000000002 24.75 0
      vertex -15.681225001811981 20.929829999804497 0
      vertex -15.907292500138283 20.889142498373985 0
    endloop
  endfacet
  facet normal 0 0 -1
    outer loop
      vertex -30.400000000000002 24.75 0
      vertex -15.435322500765324 20.95424249768257 0
      vertex -15.681225001811981 20.929829999804497 0
    endloop
  endfacet
  facet normal 0 0 -1
    outer loop
      vertex -30.400000000000002 24.75 0
      vertex -15.16958499699831 20.96237999945879 0
      vertex -15.435322500765324 20.95424249768257 0
    endloop
  endfacet
  facet normal 0 0 -1
    outer loop
      vertex -30.400000000000002 24.75 0
      vertex -14.879648752510548 20.953098751604557 0
      vertex -15.16958499699831 20.96237999945879 0
    endloop
  endfacet
  facet normal 0 0 -1
    outer loop
      vertex -30.400000000000002 24.75 0
      vertex -17.016616247594357 19.971398748457432 0
      vertex -17.070699997246265 19.781444996595383 0
    endloop
  endfacet
  facet normal 0 0 -1
    outer loop
      vertex -30.400000000000002 24.75 0
      vertex -16.943884998559952 20.144570000469685 0
      vertex -17.016616247594357 19.971398748457432 0
    endloop
  endfacet
  facet normal 0 0 -1
    outer loop
      vertex -30.400000000000002 24.75 0
      vertex -17.070699997246265 19.781444996595383 0
      vertex -16.842840000987053 18.022030003368855 0
    endloop
  endfacet
  facet normal 0 0 -1
    outer loop
      vertex -30.400000000000002 24.75 0
      vertex -16.862669996917248 17.886744998395443 0
      vertex -16.867627501487732 17.81477875262499 0
    endloop
  endfacet
  facet normal 0 0 -1
    outer loop
      vertex -30.400000000000002 24.75 0
      vertex -16.842840000987053 18.022030003368855 0
      vertex -16.854407496750355 17.9558287486434 0
    endloop
  endfacet
  facet normal 0 0 -1
    outer loop
      vertex -30.400000000000002 24.75 0
      vertex -16.854407496750355 17.9558287486434 0
      vertex -16.862669996917248 17.886744998395443 0
    endloop
  endfacet
  facet normal 0 0 -1
    outer loop
      vertex -30.400000000000002 24.75 0
      vertex -16.867627501487732 17.81477875262499 0
      vertex -16.869280003011227 17.739929996430874 0
    endloop
  endfacet
  facet normal 0 0 -1
    outer loop
      vertex -30.400000000000002 24.75 0
      vertex -16.869280003011227 17.739929996430874 0
      vertex -16.857116252183914 17.55323625355959 0
    endloop
  endfacet
  facet normal 0 0 -1
    outer loop
      vertex -30.400000000000002 24.75 0
      vertex -16.857116252183914 17.55323625355959 0
      vertex -16.820624999701977 17.38171499967575 0
    endloop
  endfacet
  facet normal 0 0 -1
    outer loop
      vertex -30.400000000000002 24.75 0
      vertex -16.820624999701977 17.38171499967575 0
      vertex -16.759806253015995 17.22536624968052 0
    endloop
  endfacet
  facet normal 0 0 -1
    outer loop
      vertex -30.400000000000002 24.75 0
      vertex -16.759806253015995 17.22536624968052 0
      vertex -16.674659997224808 17.084190003573895 0
    endloop
  endfacet
  facet normal 0 0 -1
    outer loop
      vertex -30.400000000000002 24.75 0
      vertex -16.674659997224808 17.084190003573895 0
      vertex -16.565186247229576 16.958186246454716 0
    endloop
  endfacet
  facet normal 0 0 -1
    outer loop
      vertex -30.400000000000002 24.75 0
      vertex -16.565186247229576 16.958186246454716 0
      vertex -16.4313850030303 16.847355000674725 0
    endloop
  endfacet
  facet normal 0 0 -1
    outer loop
      vertex -30.400000000000002 24.75 0
      vertex -11.623405002057552 20.901359997689724 0
      vertex -14.879648752510548 20.953098751604557 0
    endloop
  endfacet
  facet normal 0 0 -1
    outer loop
      vertex -30.400000000000002 24.75 0
      vertex -10.723180003464222 20.901359997689724 0
      vertex -11.623405002057552 20.901359997689724 0
    endloop
  endfacet
  facet normal 0 0 -1
    outer loop
      vertex -30.400000000000002 24.75 0
      vertex -9.572530001401901 20.901359997689724 0
      vertex -10.723180003464222 20.901359997689724 0
    endloop
  endfacet
  facet normal 0 0 -1
    outer loop
      vertex -30.400000000000002 24.75 0
      vertex -8.67230500280857 20.901359997689724 0
      vertex -9.572530001401901 20.901359997689724 0
    endloop
  endfacet
  facet normal 0 0 -1
    outer loop
      vertex -16.200984999537468 19.638030000030994 0
      vertex -16.384135000407696 18.67831499874592 0
      vertex -17.070699997246265 19.781444996595383 0
    endloop
  endfacet
  facet normal 0 0 -1
    outer loop
      vertex -16.525255002081394 18.575681246817112 0
      vertex -17.070699997246265 19.781444996595383 0
      vertex -16.480755001306534 18.61201000213623 0
    endloop
  endfacet
  facet normal 0 0 -1
    outer loop
      vertex -16.567215003073215 18.537234999239445 0
      vertex -17.070699997246265 19.781444996595383 0
      vertex -16.525255002081394 18.575681246817112 0
    endloop
  endfacet
  facet normal 0 0 -1
    outer loop
      vertex -16.433715000748634 18.64622125029564 0
      vertex -17.070699997246265 19.781444996595383 0
      vertex -16.384135000407696 18.67831499874592 0
    endloop
  endfacet
  facet normal 0 0 -1
    outer loop
      vertex -16.480755001306534 18.61201000213623 0
      vertex -17.070699997246265 19.781444996595383 0
      vertex -16.433715000748634 18.64622125029564 0
    endloop
  endfacet
  facet normal 0 0 -1
    outer loop
      vertex -16.78864625096321 18.203508749604225 0
      vertex -17.070699997246265 19.781444996595383 0
      vertex -16.764875002205372 18.258689999580383 0
    endloop
  endfacet
  facet normal 0 0 -1
    outer loop
      vertex -16.80979000031948 18.145784996449947 0
      vertex -17.070699997246265 19.781444996595383 0
      vertex -16.78864625096321 18.203508749604225 0
    endloop
  endfacet
  facet normal 0 0 -1
    outer loop
      vertex -16.82796750217676 18.08534874767065 0
      vertex -17.070699997246265 19.781444996595383 0
      vertex -16.80979000031948 18.145784996449947 0
    endloop
  endfacet
  facet normal 0 0 -1
    outer loop
      vertex -16.842840000987053 18.022030003368855 0
      vertex -17.070699997246265 19.781444996595383 0
      vertex -16.82796750217676 18.08534874767065 0
    endloop
  endfacet
  facet normal 0 0 -1
    outer loop
      vertex -16.606634996831417 18.496671251952648 0
      vertex -17.070699997246265 19.781444996595383 0
      vertex -16.567215003073215 18.537234999239445 0
    endloop
  endfacet
  facet normal 0 0 -1
    outer loop
      vertex -16.64351499825716 18.45398999750614 0
      vertex -17.070699997246265 19.781444996595383 0
      vertex -16.606634996831417 18.496671251952648 0
    endloop
  endfacet
  facet normal 0 0 -1
    outer loop
      vertex -16.677796252071857 18.40897875279188 0
      vertex -17.070699997246265 19.781444996595383 0
      vertex -16.64351499825716 18.45398999750614 0
    endloop
  endfacet
  facet normal 0 0 -1
    outer loop
      vertex -16.709449999034405 18.36142499744892 0
      vertex -17.070699997246265 19.781444996595383 0
      vertex -16.677796252071857 18.40897875279188 0
    endloop
  endfacet
  facet normal 0 0 -1
    outer loop
      vertex -16.738476246595383 18.311328746378422 0
      vertex -17.070699997246265 19.781444996595383 0
      vertex -16.709449999034405 18.36142499744892 0
    endloop
  endfacet
  facet normal 0 0 -1
    outer loop
      vertex -16.764875002205372 18.258689999580383 0
      vertex -17.070699997246265 19.781444996595383 0
      vertex -16.738476246595383 18.311328746378422 0
    endloop
  endfacet
  facet normal 0 0 -1
    outer loop
      vertex -16.200984999537468 19.638030000030994 0
      vertex -16.278339996933937 18.737645000219345 0
      vertex -16.332253746688366 18.70865750312805 0
    endloop
  endfacet
  facet normal 0 0 -1
    outer loop
      vertex -16.200984999537468 19.638030000030994 0
      vertex -16.332253746688366 18.70865750312805 0
      vertex -16.384135000407696 18.67831499874592 0
    endloop
  endfacet
  facet normal 0 0 -1
    outer loop
      vertex -16.200984999537468 19.638030000030994 0
      vertex -16.22239375114441 18.76527749747038 0
      vertex -16.278339996933937 18.737645000219345 0
    endloop
  endfacet
  facet normal 0 0 -1
    outer loop
      vertex -16.1644150018692 18.791555002331734 0
      vertex -16.200984999537468 19.638030000030994 0
      vertex -16.104403749108315 18.81647749990225 0
    endloop
  endfacet
  facet normal 0 0 -1
    outer loop
      vertex -16.200984999537468 19.638030000030994 0
      vertex -16.1644150018692 18.791555002331734 0
      vertex -16.22239375114441 18.76527749747038 0
    endloop
  endfacet
  facet normal 0 0 -1
    outer loop
      vertex -15.856195002794266 20.13392999768257 0
      vertex -15.370959997177124 19.0215749964118 0
      vertex -15.936972498893738 20.077342502772808 0
    endloop
  endfacet
  facet normal 0 0 -1
    outer loop
      vertex -16.166832499206066 19.746742501854897 0
      vertex -15.659860000014305 18.951224997639656 0
      vertex -16.200984999537468 19.638030000030994 0
    endloop
  endfacet
  facet normal 0 0 -1
    outer loop
      vertex -16.123355001211166 19.84503000229597 0
      vertex -15.523547500371933 18.985169999301434 0
      vertex -16.166832499206066 19.746742501854897 0
    endloop
  endfacet
  facet normal 0 0 -1
    outer loop
      vertex -16.008424997329712 20.010329999029636 0
      vertex -15.370959997177124 19.0215749964118 0
      vertex -16.070552498102188 19.932892501354218 0
    endloop
  endfacet
  facet normal 0 0 -1
    outer loop
      vertex -16.070552498102188 19.932892501354218 0
      vertex -15.370959997177124 19.0215749964118 0
      vertex -16.123355001211166 19.84503000229597 0
    endloop
  endfacet
  facet normal 0 0 -1
    outer loop
      vertex -15.936972498893738 20.077342502772808 0
      vertex -15.370959997177124 19.0215749964118 0
      vertex -16.008424997329712 20.010329999029636 0
    endloop
  endfacet
  facet normal 0 0 -1
    outer loop
      vertex -15.765231251716614 20.181010000407696 0
      vertex -15.370959997177124 19.0215749964118 0
      vertex -15.856195002794266 20.13392999768257 0
    endloop
  endfacet
  facet normal 0 0 -1
    outer loop
      vertex -15.663249999284744 20.219530001282692 0
      vertex -15.370959997177124 19.0215749964118 0
      vertex -15.765231251716614 20.181010000407696 0
    endloop
  endfacet
  facet normal 0 0 -1
    outer loop
      vertex -15.550251252949238 20.24949000030756 0
      vertex -15.370959997177124 19.0215749964118 0
      vertex -15.663249999284744 20.219530001282692 0
    endloop
  endfacet
  facet normal 0 0 -1
    outer loop
      vertex -15.426234997808933 20.2708899974823 0
      vertex -15.370959997177124 19.0215749964118 0
      vertex -15.550251252949238 20.24949000030756 0
    endloop
  endfacet
  facet normal 0 0 -1
    outer loop
      vertex -15.291201248764992 20.283730000257492 0
      vertex -15.194868750870228 19.058291248977184 0
      vertex -15.426234997808933 20.2708899974823 0
    endloop
  endfacet
  facet normal 0 0 -1
    outer loop
      vertex -15.145149998366833 20.288010001182556 0
      vertex -15.194868750870228 19.058291248977184 0
      vertex -15.291201248764992 20.283730000257492 0
    endloop
  endfacet
  facet normal 0 0 -1
    outer loop
      vertex -15.370959997177124 19.0215749964118 0
      vertex -15.426234997808933 20.2708899974823 0
      vertex -15.194868750870228 19.058291248977184 0
    endloop
  endfacet
  facet normal 0 0 -1
    outer loop
      vertex -15.8836600035429 18.89071500301361 0
      vertex -16.200984999537468 19.638030000030994 0
      vertex -15.779897503554821 18.91973999887705 0
    endloop
  endfacet
  facet normal 0 0 -1
    outer loop
      vertex -16.104403749108315 18.81647749990225 0
      vertex -16.200984999537468 19.638030000030994 0
      vertex -16.04236000031233 18.840044997632504 0
    endloop
  endfacet
  facet normal 0 0 -1
    outer loop
      vertex -16.04236000031233 18.840044997632504 0
      vertex -16.200984999537468 19.638030000030994 0
      vertex -15.971147499978542 18.864150002598763 0
    endloop
  endfacet
  facet normal 0 0 -1
    outer loop
      vertex -15.971147499978542 18.864150002598763 0
      vertex -16.200984999537468 19.638030000030994 0
      vertex -15.8836600035429 18.89071500301361 0
    endloop
  endfacet
  facet normal 0 0 -1
    outer loop
      vertex -15.779897503554821 18.91973999887705 0
      vertex -16.200984999537468 19.638030000030994 0
      vertex -15.659860000014305 18.951224997639656 0
    endloop
  endfacet
  facet normal 0 0 -1
    outer loop
      vertex -16.166832499206066 19.746742501854897 0
      vertex -15.523547500371933 18.985169999301434 0
      vertex -15.659860000014305 18.951224997639656 0
    endloop
  endfacet
  facet normal 0 0 -1
    outer loop
      vertex -15.523547500371933 18.985169999301434 0
      vertex -16.123355001211166 19.84503000229597 0
      vertex -15.370959997177124 19.0215749964118 0
    endloop
  endfacet
  facet normal 0 0 -1
    outer loop
      vertex -15.753289997577667 18.090884998440742 0
      vertex -15.63001000136137 17.232364997267723 0
      vertex -15.798594996333122 18.061511248350143 0
    endloop
  endfacet
  facet normal 0 0 -1
    outer loop
      vertex -15.703325003385544 18.118481248617172 0
      vertex -15.63001000136137 17.232364997267723 0
      vertex -15.753289997577667 18.090884998440742 0
    endloop
  endfacet
  facet normal 0 0 -1
    outer loop
      vertex -15.581982500851154 18.170275002717972 0
      vertex -15.63001000136137 17.232364997267723 0
      vertex -15.64869999885559 18.144299998879433 0
    endloop
  endfacet
  facet normal 0 0 -1
    outer loop
      vertex -15.64869999885559 18.144299998879433 0
      vertex -15.63001000136137 17.232364997267723 0
      vertex -15.703325003385544 18.118481248617172 0
    endloop
  endfacet
  facet normal 0 0 -1
    outer loop
      vertex -15.495769999921322 18.19837000221014 0
      vertex -15.425552502274513 17.189644999802113 0
      vertex -15.581982500851154 18.170275002717972 0
    endloop
  endfacet
  facet normal 0 0 -1
    outer loop
      vertex -15.390062503516674 18.228584997355938 0
      vertex -15.425552502274513 17.189644999802113 0
      vertex -15.495769999921322 18.19837000221014 0
    endloop
  endfacet
  facet normal 0 0 -1
    outer loop
      vertex -15.26485999673605 18.260920003056526 0
      vertex -15.175659999251366 17.175405003130436 0
      vertex -15.390062503516674 18.228584997355938 0
    endloop
  endfacet
  facet normal 0 0 -1
    outer loop
      vertex -15.993490003049374 17.688045002520084 0
      vertex -15.902620002627373 17.403245002031326 0
      vertex -15.970772497355938 17.53140500187874 0
    endloop
  endfacet
  facet normal 0 0 -1
    outer loop
      vertex -15.906549997627735 17.96272499859333 0
      vertex -15.63001000136137 17.232364997267723 0
      vertex -15.933114998042583 17.925420001149178 0
    endloop
  endfacet
  facet normal 0 0 -1
    outer loop
      vertex -15.875225000083447 17.997431248426437 0
      vertex -15.63001000136137 17.232364997267723 0
      vertex -15.906549997627735 17.96272499859333 0
    endloop
  endfacet
  facet normal 0 0 -1
    outer loop
      vertex -15.971754997968674 17.840640000998974 0
      vertex -15.63001000136137 17.232364997267723 0
      vertex -15.983829997479916 17.793164998292923 0
    endloop
  endfacet
  facet normal 0 0 -1
    outer loop
      vertex -15.954850003123283 17.884724996984005 0
      vertex -15.63001000136137 17.232364997267723 0
      vertex -15.971754997968674 17.840640000998974 0
    endloop
  endfacet
  facet normal 0 0 -1
    outer loop
      vertex -15.933114998042583 17.925420001149178 0
      vertex -15.63001000136137 17.232364997267723 0
      vertex -15.954850003123283 17.884724996984005 0
    endloop
  endfacet
  facet normal 0 0 -1
    outer loop
      vertex -15.839239999651909 18.030359998345375 0
      vertex -15.63001000136137 17.232364997267723 0
      vertex -15.875225000083447 17.997431248426437 0
    endloop
  endfacet
  facet normal 0 0 -1
    outer loop
      vertex -15.798594996333122 18.061511248350143 0
      vertex -15.63001000136137 17.232364997267723 0
      vertex -15.839239999651909 18.030359998345375 0
    endloop
  endfacet
  facet normal 0 0 -1
    outer loop
      vertex -15.99107500165701 17.742299996316433 0
      vertex -15.63001000136137 17.232364997267723 0
      vertex -15.993490003049374 17.688045002520084 0
    endloop
  endfacet
  facet normal 0 0 -1
    outer loop
      vertex -15.983829997479916 17.793164998292923 0
      vertex -15.63001000136137 17.232364997267723 0
      vertex -15.99107500165701 17.742299996316433 0
    endloop
  endfacet
  facet normal 0 0 -1
    outer loop
      vertex -15.993490003049374 17.688045002520084 0
      vertex -15.789032496511936 17.303565002977848 0
      vertex -15.902620002627373 17.403245002031326 0
    endloop
  endfacet
  facet normal 0 0 -1
    outer loop
      vertex -15.993490003049374 17.688045002520084 0
      vertex -15.63001000136137 17.232364997267723 0
      vertex -15.789032496511936 17.303565002977848 0
    endloop
  endfacet
  facet normal 0 0 -1
    outer loop
      vertex -15.581982500851154 18.170275002717972 0
      vertex -15.425552502274513 17.189644999802113 0
      vertex -15.63001000136137 17.232364997267723 0
    endloop
  endfacet
  facet normal 0 0 -1
    outer loop
      vertex -15.390062503516674 18.228584997355938 0
      vertex -15.175659999251366 17.175405003130436 0
      vertex -15.425552502274513 17.189644999802113 0
    endloop
  endfacet
  facet normal 0 0 1
    outer loop
      vertex -30.400000000000002 24.75 2.2
      vertex -30.400000000000002 -24.75 2.2
      vertex -28.000000000000004 22.35 2.2
    endloop
  endfacet
  facet normal -1 0 0
    outer loop
      vertex -30.400000000000002 24.75 2.2
      vertex -30.400000000000002 24.75 0
      vertex -30.400000000000002 -24.75 0
    endloop
  endfacet
  facet normal 0 0 1
    outer loop
      vertex -26.400000000000002 20.75 2.2
      vertex -26.400000000000002 -20.75 2.2
      vertex -25.5 15 2.2
    endloop
  endfacet
  facet normal 0 0 1
    outer loop
      vertex -25.5 15 2.2
      vertex -25.5 -15 2.2
      vertex -25.475376681190276 14.687131069919538 2.2
    endloop
  endfacet
  facet normal 0 0 1
    outer loop
      vertex -25.475376681190276 14.687131069919538 2.2
      vertex -25.475376681190276 -14.687131069919538 2.2
      vertex -25.402113032590307 14.381966011250105 2.2
    endloop
  endfacet
  facet normal 0 0 1
    outer loop
      vertex -25.402113032590307 14.381966011250105 2.2
      vertex -25.402113032590307 -14.381966011250105 2.2
      vertex -25.282013048376736 14.092019000520907 2.2
    endloop
  endfacet
  facet normal 0 0 1
    outer loop
      vertex -25.282013048376736 14.092019000520907 2.2
      vertex -25.282013048376736 -14.092019000520907 2.2
      vertex -25.118033988749893 13.824429495415053 2.2
    endloop
  endfacet
  facet normal 0 0 1
    outer loop
      vertex -25.118033988749893 13.824429495415053 2.2
      vertex -25.118033988749893 -13.824429495415053 2.2
      vertex -24.914213562373096 13.585786437626904 2.2
    endloop
  endfacet
  facet normal 0 0 1
    outer loop
      vertex -24.914213562373096 13.585786437626904 2.2
      vertex -24.914213562373096 -13.585786437626904 2.2
      vertex -24.675570504584947 13.381966011250105 2.2
    endloop
  endfacet
  facet normal 0 0 1
    outer loop
      vertex -24.675570504584947 13.381966011250105 2.2
      vertex -24.675570504584947 -13.381966011250105 2.2
      vertex -24.407980999479093 13.217986951623264 2.2
    endloop
  endfacet
  facet normal 0 0 1
    outer loop
      vertex -24.407980999479093 13.217986951623264 2.2
      vertex -24.407980999479093 -13.217986951623264 2.2
      vertex -24.118033988749893 13.097886967409693 2.2
    endloop
  endfacet
  facet normal 0 0 1
    outer loop
      vertex -24.118033988749893 13.097886967409693 2.2
      vertex -24.118033988749893 -13.097886967409693 2.2
      vertex -23.812868930080462 13.024623318809724 2.2
    endloop
  endfacet
  facet normal 0 0 1
    outer loop
      vertex -23.812868930080462 13.024623318809724 2.2
      vertex -23.812868930080462 -13.024623318809724 2.2
      vertex -23.5 13 2.2
    endloop
  endfacet
  facet normal 0 0 1
    outer loop
      vertex -23.5 13 2.2
      vertex -23.5 -13 2.2
      vertex -23.187131069919538 13.024623318809724 2.2
    endloop
  endfacet
  facet normal 0 0 1
    outer loop
      vertex -23.187131069919538 13.024623318809724 2.2
      vertex -23.187131069919538 -13.024623318809724 2.2
      vertex -22.881966011250107 13.097886967409693 2.2
    endloop
  endfacet
  facet normal 0 0 -1
    outer loop
      vertex -30.400000000000002 24.75 0
      vertex -16.4313850030303 16.847355000674725 0
      vertex -30.400000000000002 -24.75 0
    endloop
  endfacet
  facet normal 0 0 1
    outer loop
      vertex -22.881966011250107 13.097886967409693 2.2
      vertex -22.881966011250107 -13.097886967409693 2.2
      vertex -22.592019000520907 13.217986951623264 2.2
    endloop
  endfacet
  facet normal 0 0 1
    outer loop
      vertex -22.592019000520907 13.217986951623264 2.2
      vertex -22.592019000520907 -13.217986951623264 2.2
      vertex -22.324429495415053 13.381966011250105 2.2
    endloop
  endfacet
  facet normal 0 0 1
    outer loop
      vertex -22.085786437626904 13.585786437626904 2.2
      vertex -22.324429495415053 13.381966011250105 2.2
      vertex -22.324429495415053 -13.381966011250105 2.2
    endloop
  endfacet
  facet normal 0 0 -1
    outer loop
      vertex -30.400000000000002 -24.75 0
      vertex -13.720775000751019 16.990950003266335 0
      vertex -13.626636251807213 17.119706250727177 0
    endloop
  endfacet
  facet normal 0 0 -1
    outer loop
      vertex -30.400000000000002 -24.75 0
      vertex -13.626636251807213 17.119706250727177 0
      vertex -13.548349998891354 17.266604997217655 0
    endloop
  endfacet
  facet normal 0 0 -1
    outer loop
      vertex -30.400000000000002 -24.75 0
      vertex -16.4313850030303 16.847355000674725 0
      vertex -16.27435874938965 16.75271374732256 0
    endloop
  endfacet
  facet normal 0 0 -1
    outer loop
      vertex -30.400000000000002 -24.75 0
      vertex -16.27435874938965 16.75271374732256 0
      vertex -16.095210000872612 16.67527999728918 0
    endloop
  endfacet
  facet normal 0 0 -1
    outer loop
      vertex -30.400000000000002 -24.75 0
      vertex -16.095210000872612 16.67527999728918 0
      vertex -15.89393875002861 16.61505375057459 0
    endloop
  endfacet
  facet normal 0 0 -1
    outer loop
      vertex -30.400000000000002 -24.75 0
      vertex -15.89393875002861 16.61505375057459 0
      vertex -15.670544996857643 16.572034999728203 0
    endloop
  endfacet
  facet normal 0 0 -1
    outer loop
      vertex -30.400000000000002 -24.75 0
      vertex -15.670544996857643 16.572034999728203 0
      vertex -15.425028748810291 16.546223752200603 0
    endloop
  endfacet
  facet normal 0 0 -1
    outer loop
      vertex -30.400000000000002 -24.75 0
      vertex -15.425028748810291 16.546223752200603 0
      vertex -15.157389998435974 16.53762000054121 0
    endloop
  endfacet
  facet normal 0 0 -1
    outer loop
      vertex -30.400000000000002 -24.75 0
      vertex -15.157389998435974 16.53762000054121 0
      vertex -14.901947498321533 16.54457125067711 0
    endloop
  endfacet
  facet normal 0 0 -1
    outer loop
      vertex -30.400000000000002 -24.75 0
      vertex -14.901947498321533 16.54457125067711 0
      vertex -14.668629996478558 16.565425001084805 0
    endloop
  endfacet
  facet normal 0 0 -1
    outer loop
      vertex -30.400000000000002 -24.75 0
      vertex -14.668629996478558 16.565425001084805 0
      vertex -14.457437500357628 16.600181251764297 0
    endloop
  endfacet
  facet normal 0 0 -1
    outer loop
      vertex -30.400000000000002 -24.75 0
      vertex -14.101427502930164 16.711401246488094 0
      vertex -13.95661000162363 16.78786499798298 0
    endloop
  endfacet
  facet normal 0 0 -1
    outer loop
      vertex -30.400000000000002 -24.75 0
      vertex -14.457437500357628 16.600181251764297 0
      vertex -14.268370002508163 16.648840002715588 0
    endloop
  endfacet
  facet normal 0 0 -1
    outer loop
      vertex -30.400000000000002 -24.75 0
      vertex -14.268370002508163 16.648840002715588 0
      vertex -14.101427502930164 16.711401246488094 0
    endloop
  endfacet
  facet normal 0 0 -1
    outer loop
      vertex -30.400000000000002 -24.75 0
      vertex -13.95661000162363 16.78786499798298 0
      vertex -13.830766253173351 16.880336247384548 0
    endloop
  endfacet
  facet normal 0 0 -1
    outer loop
      vertex -30.400000000000002 -24.75 0
      vertex -13.830766253173351 16.880336247384548 0
      vertex -13.720775000751019 16.990950003266335 0
    endloop
  endfacet
  facet normal 0 0 -1
    outer loop
      vertex -30.400000000000002 -24.75 0
      vertex -13.548349998891354 17.266604997217655 0
      vertex -13.011835001409054 17.297444999217987 0
    endloop
  endfacet
  facet normal 0 0 -1
    outer loop
      vertex -30.400000000000002 -24.75 0
      vertex -13.011835001409054 17.297444999217987 0
      vertex -13.011835001409054 16.601700000464916 0
    endloop
  endfacet
  facet normal 0 0 -1
    outer loop
      vertex -30.400000000000002 -24.75 0
      vertex -13.011835001409054 16.601700000464916 0
      vertex -11.437430001795292 10.67264000326395 0
    endloop
  endfacet
  facet normal 0 0 -1
    outer loop
      vertex -30.400000000000002 24.75 0
      vertex -6.270700000226498 20.901359997689724 0
      vertex -8.67230500280857 20.901359997689724 0
    endloop
  endfacet
  facet normal 0 0 -1
    outer loop
      vertex -30.400000000000002 24.75 0
      vertex -5.3796550035476685 20.901359997689724 0
      vertex -6.270700000226498 20.901359997689724 0
    endloop
  endfacet
  facet normal 0 0 -1
    outer loop
      vertex -30.400000000000002 24.75 0
      vertex -4.219824999570847 20.901359997689724 0
      vertex -5.3796550035476685 20.901359997689724 0
    endloop
  endfacet
  facet normal 0 0 -1
    outer loop
      vertex -30.400000000000002 24.75 0
      vertex -3.319600000977516 20.901359997689724 0
      vertex -4.219824999570847 20.901359997689724 0
    endloop
  endfacet
  facet normal 0 0 -1
    outer loop
      vertex -30.400000000000002 24.75 0
      vertex -1.4426499977707863 20.901359997689724 0
      vertex -3.319600000977516 20.901359997689724 0
    endloop
  endfacet
  facet normal 0 0 -1
    outer loop
      vertex -14.879648752510548 20.953098751604557 0
      vertex -11.623405002057552 20.901359997689724 0
      vertex -14.61404000222683 20.925255000591278 0
    endloop
  endfacet
  facet normal 0 0 -1
    outer loop
      vertex -14.61404000222683 20.925255000591278 0
      vertex -11.623405002057552 20.901359997689724 0
      vertex -14.372758753597736 20.878848746418953 0
    endloop
  endfacet
  facet normal 0 0 -1
    outer loop
      vertex -14.372758753597736 20.878848746418953 0
      vertex -11.623405002057552 20.901359997689724 0
      vertex -14.155804999172688 20.813879996538162 0
    endloop
  endfacet
  facet normal 0 0 -1
    outer loop
      vertex -14.857032500207424 20.27207375317812 0
      vertex -14.902948752045631 19.126121252775192 0
      vertex -15.145149998366833 20.288010001182556 0
    endloop
  endfacet
  facet normal 0 0 -1
    outer loop
      vertex -15.145149998366833 20.288010001182556 0
      vertex -15.038865000009537 19.093139998614788 0
      vertex -15.194868750870228 19.058291248977184 0
    endloop
  endfacet
  facet normal 0 0 -1
    outer loop
      vertex -15.038865000009537 19.093139998614788 0
      vertex -15.145149998366833 20.288010001182556 0
      vertex -14.902948752045631 19.126121252775192 0
    endloop
  endfacet
  facet normal 0 0 -1
    outer loop
      vertex -14.787119999527931 19.157234996557236 0
      vertex -14.857032500207424 20.27207375317812 0
      vertex -14.691378749907017 19.18648125231266 0
    endloop
  endfacet
  facet normal 0 0 -1
    outer loop
      vertex -14.857032500207424 20.27207375317812 0
      vertex -14.787119999527931 19.157234996557236 0
      vertex -14.902948752045631 19.126121252775192 0
    endloop
  endfacet
  facet normal 0 0 -1
    outer loop
      vertex -14.621299996972084 20.22426500171423 0
      vertex -14.691378749907017 19.18648125231266 0
      vertex -14.857032500207424 20.27207375317812 0
    endloop
  endfacet
  facet normal 0 0 -1
    outer loop
      vertex -14.437952503561974 20.144583746790886 0
      vertex -14.202220000326633 19.714304998517036 0
      vertex -14.621299996972084 20.22426500171423 0
    endloop
  endfacet
  facet normal 0 0 -1
    outer loop
      vertex -14.306989997625351 20.03303000330925 0
      vertex -14.202220000326633 19.714304998517036 0
      vertex -14.437952503561974 20.144583746790886 0
    endloop
  endfacet
  facet normal 0 0 -1
    outer loop
      vertex -14.621299996972084 20.22426500171423 0
      vertex -14.250380001962185 19.498664997518063 0
      vertex -14.277470000088215 19.453661248087883 0
    endloop
  endfacet
  facet normal 0 0 -1
    outer loop
      vertex -14.621299996972084 20.22426500171423 0
      vertex -14.202220000326633 19.714304998517036 0
      vertex -14.205229997634888 19.65505124628544 0
    endloop
  endfacet
  facet normal 0 0 -1
    outer loop
      vertex -14.621299996972084 20.22426500171423 0
      vertex -14.205229997634888 19.65505124628544 0
      vertex -14.214259997010231 19.59935999661684 0
    endloop
  endfacet
  facet normal 0 0 -1
    outer loop
      vertex -14.621299996972084 20.22426500171423 0
      vertex -14.214259997010231 19.59935999661684 0
      vertex -14.229309998452663 19.547231249511242 0
    endloop
  endfacet
  facet normal 0 0 -1
    outer loop
      vertex -14.621299996972084 20.22426500171423 0
      vertex -14.229309998452663 19.547231249511242 0
      vertex -14.250380001962185 19.498664997518063 0
    endloop
  endfacet
  facet normal 0 0 -1
    outer loop
      vertex -14.621299996972084 20.22426500171423 0
      vertex -14.615725003182888 19.213859997689724 0
      vertex -14.691378749907017 19.18648125231266 0
    endloop
  endfacet
  facet normal 0 0 -1
    outer loop
      vertex -14.621299996972084 20.22426500171423 0
      vertex -14.494340002536774 19.27115999907255 0
      vertex -14.552573747932911 19.241407498717308 0
    endloop
  endfacet
  facet normal 0 0 -1
    outer loop
      vertex -14.621299996972084 20.22426500171423 0
      vertex -14.552573747932911 19.241407498717308 0
      vertex -14.615725003182888 19.213859997689724 0
    endloop
  endfacet
  facet normal 0 0 -1
    outer loop
      vertex -14.621299996972084 20.22426500171423 0
      vertex -14.441023752093315 19.303117498755455 0
      vertex -14.494340002536774 19.27115999907255 0
    endloop
  endfacet
  facet normal 0 0 -1
    outer loop
      vertex -14.621299996972084 20.22426500171423 0
      vertex -14.349143750965595 19.37364750355482 0
      vertex -14.392624996602535 19.337279997766018 0
    endloop
  endfacet
  facet normal 0 0 -1
    outer loop
      vertex -14.621299996972084 20.22426500171423 0
      vertex -14.277470000088215 19.453661248087883 0
      vertex -14.310580000281334 19.412220001220703 0
    endloop
  endfacet
  facet normal 0 0 -1
    outer loop
      vertex -14.621299996972084 20.22426500171423 0
      vertex -14.310580000281334 19.412220001220703 0
      vertex -14.349143750965595 19.37364750355482 0
    endloop
  endfacet
  facet normal 0 0 -1
    outer loop
      vertex -14.621299996972084 20.22426500171423 0
      vertex -14.392624996602535 19.337279997766018 0
      vertex -14.441023752093315 19.303117498755455 0
    endloop
  endfacet
  facet normal 0 0 -1
    outer loop
      vertex -14.306989997625351 20.03303000330925 0
      vertex -14.228412501513958 19.88960374891758 0
      vertex -14.202220000326633 19.714304998517036 0
    endloop
  endfacet
  facet normal 0 0 -1
    outer loop
      vertex -14.155804999172688 20.813879996538162 0
      vertex -11.623405002057552 20.901359997689724 0
      vertex -13.963178746402264 20.730348750948906 0
    endloop
  endfacet
  facet normal 0 0 -1
    outer loop
      vertex -13.963178746402264 20.730348750948906 0
      vertex -11.623405002057552 20.901359997689724 0
      vertex -13.794880002737045 20.628255002200603 0
    endloop
  endfacet
  facet normal 0 0 -1
    outer loop
      vertex -13.794880002737045 20.628255002200603 0
      vertex -11.623405002057552 20.901359997689724 0
      vertex -13.65174250304699 20.508601248264313 0
    endloop
  endfacet
  facet normal 0 0 -1
    outer loop
      vertex -13.65174250304699 20.508601248264313 0
      vertex -11.623405002057552 20.901359997689724 0
      vertex -13.534630000591278 20.372419998049736 0
    endloop
  endfacet
  facet normal 0 0 -1
    outer loop
      vertex -13.534630000591278 20.372419998049736 0
      vertex -11.623405002057552 20.901359997689724 0
      vertex -13.443542502820492 20.219711251556873 0
    endloop
  endfacet
  facet normal 0 0 -1
    outer loop
      vertex -13.443542502820492 20.219711251556873 0
      vertex -11.623405002057552 20.901359997689724 0
      vertex -13.37848000228405 20.050475001335144 0
    endloop
  endfacet
  facet normal 0 0 -1
    outer loop
      vertex -13.37848000228405 20.050475001335144 0
      vertex -11.623405002057552 20.901359997689724 0
      vertex -13.339442498981953 19.864711247384548 0
    endloop
  endfacet
  facet normal 0 0 -1
    outer loop
      vertex -13.339442498981953 19.864711247384548 0
      vertex -11.623405002057552 20.901359997689724 0
      vertex -13.32643000036478 19.662419997155666 0
    endloop
  endfacet
  facet normal 0 0 -1
    outer loop
      vertex -13.32643000036478 19.662419997155666 0
      vertex -11.623405002057552 17.297444999217987 0
      vertex -13.32871875166893 19.57465250045061 0
    endloop
  endfacet
  facet normal 0 0 -1
    outer loop
      vertex -13.32871875166893 19.57465250045061 0
      vertex -11.623405002057552 17.297444999217987 0
      vertex -13.335584998130798 19.490359999239445 0
    endloop
  endfacet
  facet normal 0 0 -1
    outer loop
      vertex -13.335584998130798 19.490359999239445 0
      vertex -11.623405002057552 17.297444999217987 0
      vertex -13.347028747200966 19.409542500972748 0
    endloop
  endfacet
  facet normal 0 0 -1
    outer loop
      vertex -13.347028747200966 19.409542500972748 0
      vertex -11.623405002057552 17.297444999217987 0
      vertex -13.363049998879433 19.33219999819994 0
    endloop
  endfacet
  facet normal 0 0 -1
    outer loop
      vertex -13.363049998879433 19.33219999819994 0
      vertex -11.623405002057552 17.297444999217987 0
      vertex -13.383648753166199 19.2583324983716 0
    endloop
  endfacet
  facet normal 0 0 -1
    outer loop
      vertex -13.383648753166199 19.2583324983716 0
      vertex -11.623405002057552 17.297444999217987 0
      vertex -13.408825002610683 19.187940001487732 0
    endloop
  endfacet
  facet normal 0 0 -1
    outer loop
      vertex -11.623405002057552 17.297444999217987 0
      vertex -13.32643000036478 19.662419997155666 0
      vertex -11.623405002057552 20.901359997689724 0
    endloop
  endfacet
  facet normal 0 0 1
    outer loop
      vertex -30.400000000000002 24.75 2.2
      vertex -28.000000000000004 22.35 2.2
      vertex 30.400000000000002 24.75 2.2
    endloop
  endfacet
  facet normal 0 1 0
    outer loop
      vertex -30.400000000000002 24.75 2.2
      vertex 30.400000000000002 24.75 0
      vertex -30.400000000000002 24.75 0
    endloop
  endfacet
  facet normal 0 0 -1
    outer loop
      vertex -30.400000000000002 24.75 0
      vertex -0.5424249991774559 20.901359997689724 0
      vertex -1.4426499977707863 20.901359997689724 0
    endloop
  endfacet
  facet normal 0 0 -1
    outer loop
      vertex -30.400000000000002 24.75 0
      vertex 1.970102496445179 20.94580875337124 0
      vertex -0.5424249991774559 20.901359997689724 0
    endloop
  endfacet
  facet normal 0 0 -1
    outer loop
      vertex -30.400000000000002 24.75 0
      vertex 2.295634999871254 20.96237999945879 0
      vertex 1.970102496445179 20.94580875337124 0
    endloop
  endfacet
  facet normal 0 0 -1
    outer loop
      vertex -30.400000000000002 24.75 0
      vertex 2.510776251554489 20.954878747463226 0
      vertex 2.295634999871254 20.96237999945879 0
    endloop
  endfacet
  facet normal 0 0 -1
    outer loop
      vertex -30.400000000000002 24.75 0
      vertex 2.716760002076626 20.932374998927116 0
      vertex 2.510776251554489 20.954878747463226 0
    endloop
  endfacet
  facet normal 0 0 -1
    outer loop
      vertex -8.67230500280857 20.901359997689724 0
      vertex -6.652165003120899 19.802775003015995 0
      vertex -8.29083999991417 19.802775003015995 0
    endloop
  endfacet
  facet normal 0 0 -1
    outer loop
      vertex -10.723180003464222 20.901359997689724 0
      vertex -9.572530001401901 20.901359997689724 0
      vertex -8.004009999334812 16.601700000464916 0
    endloop
  endfacet
  facet normal 0 0 -1
    outer loop
      vertex -6.853584997355938 19.12534499913454 0
      vertex -7.940947502851486 18.692528747022152 0
      vertex -8.089464999735355 19.12534499913454 0
    endloop
  endfacet
  facet normal 0 0 -1
    outer loop
      vertex -15.12016250193119 18.295374996960163 0
      vertex -15.052458748221397 17.179305002093315 0
      vertex -15.26485999673605 18.260920003056526 0
    endloop
  endfacet
  facet normal 0 0 -1
    outer loop
      vertex -14.955969996750355 18.33195000141859 0
      vertex -14.413933746516705 17.49049499630928 0
      vertex -15.12016250193119 18.295374996960163 0
    endloop
  endfacet
  facet normal 0 0 -1
    outer loop
      vertex -14.424621246755123 18.45820874720812 0
      vertex -14.312109999358654 17.7338550016284 0
      vertex -14.582154996693134 18.417225003242493 0
    endloop
  endfacet
  facet normal 0 0 -1
    outer loop
      vertex -14.759271249175072 18.375138752162457 0
      vertex -14.338333748281002 17.645104996860027 0
      vertex -14.955969996750355 18.33195000141859 0
    endloop
  endfacet
  facet normal 0 0 -1
    outer loop
      vertex -14.582154996693134 18.417225003242493 0
      vertex -14.312109999358654 17.7338550016284 0
      vertex -14.759271249175072 18.375138752162457 0
    endloop
  endfacet
  facet normal 0 0 -1
    outer loop
      vertex -14.37227500230074 17.563984997570515 0
      vertex -14.955969996750355 18.33195000141859 0
      vertex -14.338333748281002 17.645104996860027 0
    endloop
  endfacet
  facet normal 0 0 -1
    outer loop
      vertex -14.955969996750355 18.33195000141859 0
      vertex -14.37227500230074 17.563984997570515 0
      vertex -14.413933746516705 17.49049499630928 0
    endloop
  endfacet
  facet normal 0 0 -1
    outer loop
      vertex -14.338333748281002 17.645104996860027 0
      vertex -14.759271249175072 18.375138752162457 0
      vertex -14.312109999358654 17.7338550016284 0
    endloop
  endfacet
  facet normal 0 0 -1
    outer loop
      vertex -15.175659999251366 17.175405003130436 0
      vertex -15.26485999673605 18.260920003056526 0
      vertex -15.052458748221397 17.179305002093315 0
    endloop
  endfacet
  facet normal 0 0 -1
    outer loop
      vertex -15.12016250193119 18.295374996960163 0
      vertex -14.939175002276897 17.191004998981953 0
      vertex -15.052458748221397 17.179305002093315 0
    endloop
  endfacet
  facet normal 0 0 -1
    outer loop
      vertex -14.939175002276897 17.191004998981953 0
      vertex -15.12016250193119 18.295374996960163 0
      vertex -14.835808746516705 17.21050500124693 0
    endloop
  endfacet
  facet normal 0 0 -1
    outer loop
      vertex -14.74236000329256 17.237805001437664 0
      vertex -15.12016250193119 18.295374996960163 0
      vertex -14.658828750252724 17.272904999554157 0
    endloop
  endfacet
  facet normal 0 0 -1
    outer loop
      vertex -14.658828750252724 17.272904999554157 0
      vertex -15.12016250193119 18.295374996960163 0
      vertex -14.585215002298355 17.31580500304699 0
    endloop
  endfacet
  facet normal 0 0 -1
    outer loop
      vertex -14.585215002298355 17.31580500304699 0
      vertex -15.12016250193119 18.295374996960163 0
      vertex -14.520403750240803 17.366405002772808 0
    endloop
  endfacet
  facet normal 0 0 -1
    outer loop
      vertex -14.835808746516705 17.21050500124693 0
      vertex -15.12016250193119 18.295374996960163 0
      vertex -14.74236000329256 17.237805001437664 0
    endloop
  endfacet
  facet normal 0 0 -1
    outer loop
      vertex -14.520403750240803 17.366405002772808 0
      vertex -15.12016250193119 18.295374996960163 0
      vertex -14.46331000328064 17.424635000526905 0
    endloop
  endfacet
  facet normal 0 0 -1
    outer loop
      vertex -14.46331000328064 17.424635000526905 0
      vertex -15.12016250193119 18.295374996960163 0
      vertex -14.413933746516705 17.49049499630928 0
    endloop
  endfacet
  facet normal 0 0 -1
    outer loop
      vertex -14.424621246755123 18.45820874720812 0
      vertex -13.439335003495216 17.614830002188683 0
      vertex -14.312109999358654 17.7338550016284 0
    endloop
  endfacet
  facet normal 0 0 -1
    outer loop
      vertex -14.286669999361038 18.498089998960495 0
      vertex -13.011835001409054 17.297444999217987 0
      vertex -14.424621246755123 18.45820874720812 0
    endloop
  endfacet
  facet normal 0 0 -1
    outer loop
      vertex -14.168301247060299 18.53686875104904 0
      vertex -13.011835001409054 17.297444999217987 0
      vertex -14.286669999361038 18.498089998960495 0
    endloop
  endfacet
  facet normal 0 0 -1
    outer loop
      vertex -13.90387500077486 18.65286500006914 0
      vertex -13.011835001409054 17.297444999217987 0
      vertex -13.983599998056889 18.61268749833107 0
    endloop
  endfacet
  facet normal 0 0 -1
    outer loop
      vertex -13.83033999800682 18.695077501237392 0
      vertex -13.011835001409054 17.297444999217987 0
      vertex -13.90387500077486 18.65286500006914 0
    endloop
  endfacet
  facet normal 0 0 -1
    outer loop
      vertex -13.701839998364449 18.785607501864433 0
      vertex -13.011835001409054 17.297444999217987 0
      vertex -13.76299499720335 18.739325001835823 0
    endloop
  endfacet
  facet normal 0 0 -1
    outer loop
      vertex -13.646875001490116 18.833925001323223 0
      vertex -13.011835001409054 17.297444999217987 0
      vertex -13.701839998364449 18.785607501864433 0
    endloop
  endfacet
  facet normal 0 0 -1
    outer loop
      vertex -13.76299499720335 18.739325001835823 0
      vertex -13.011835001409054 17.297444999217987 0
      vertex -13.83033999800682 18.695077501237392 0
    endloop
  endfacet
  facet normal 0 0 -1
    outer loop
      vertex -14.069514997303486 18.57454500347376 0
      vertex -13.011835001409054 17.297444999217987 0
      vertex -14.168301247060299 18.53686875104904 0
    endloop
  endfacet
  facet normal 0 0 -1
    outer loop
      vertex -13.983599998056889 18.61268749833107 0
      vertex -13.011835001409054 17.297444999217987 0
      vertex -14.069514997303486 18.57454500347376 0
    endloop
  endfacet
  facet normal 0 0 -1
    outer loop
      vertex -14.424621246755123 18.45820874720812 0
      vertex -13.011835001409054 17.297444999217987 0
      vertex -13.439335003495216 17.614830002188683 0
    endloop
  endfacet
  facet normal 0 0 -1
    outer loop
      vertex -13.439335003495216 17.614830002188683 0
      vertex -13.011835001409054 17.297444999217987 0
      vertex -13.485916249454021 17.43164625018835 0
    endloop
  endfacet
  facet normal 0 0 -1
    outer loop
      vertex -13.485916249454021 17.43164625018835 0
      vertex -13.011835001409054 17.297444999217987 0
      vertex -13.548349998891354 17.266604997217655 0
    endloop
  endfacet
  facet normal 0 0 -1
    outer loop
      vertex -13.438325002789497 19.120881251990795 0
      vertex -11.623405002057552 17.297444999217987 0
      vertex -13.47189500182867 19.057044997811317 0
    endloop
  endfacet
  facet normal 0 0 -1
    outer loop
      vertex -13.509534999728203 18.99643124639988 0
      vertex -11.623405002057552 17.297444999217987 0
      vertex -13.551244996488094 18.93903999775648 0
    endloop
  endfacet
  facet normal 0 0 -1
    outer loop
      vertex -13.551244996488094 18.93903999775648 0
      vertex -11.623405002057552 17.297444999217987 0
      vertex -13.597024999558926 18.884871251881123 0
    endloop
  endfacet
  facet normal 0 0 -1
    outer loop
      vertex -13.47189500182867 19.057044997811317 0
      vertex -11.623405002057552 17.297444999217987 0
      vertex -13.509534999728203 18.99643124639988 0
    endloop
  endfacet
  facet normal 0 0 -1
    outer loop
      vertex -13.597024999558926 18.884871251881123 0
      vertex -11.623405002057552 17.297444999217987 0
      vertex -13.646875001490116 18.833925001323223 0
    endloop
  endfacet
  facet normal 0 0 -1
    outer loop
      vertex -13.408825002610683 19.187940001487732 0
      vertex -11.623405002057552 17.297444999217987 0
      vertex -13.438325002789497 19.120881251990795 0
    endloop
  endfacet
  facet normal 0 0 -1
    outer loop
      vertex -11.623405002057552 17.297444999217987 0
      vertex -13.011835001409054 17.297444999217987 0
      vertex -13.646875001490116 18.833925001323223 0
    endloop
  endfacet
  facet normal 0 0 -1
    outer loop
      vertex -10.723180003464222 20.901359997689724 0
      vertex -9.331644997000694 17.297444999217987 0
      vertex -10.723180003464222 17.297444999217987 0
    endloop
  endfacet
  facet normal 0 0 -1
    outer loop
      vertex -10.723180003464222 20.901359997689724 0
      vertex -8.004009999334812 16.601700000464916 0
      vertex -9.331644997000694 17.297444999217987 0
    endloop
  endfacet
  facet normal 0 0 -1
    outer loop
      vertex -7.816844999790192 18.32989999651909 0
      vertex -7.940947502851486 18.692528747022152 0
      vertex -7.277754999697208 17.889464996755123 0
    endloop
  endfacet
  facet normal 0 0 -1
    outer loop
      vertex -7.717157498002052 18.03745874762535 0
      vertex -7.816844999790192 18.32989999651909 0
      vertex -7.277754999697208 17.889464996755123 0
    endloop
  endfacet
  facet normal 0 0 -1
    outer loop
      vertex -9.331644997000694 17.297444999217987 0
      vertex -8.004009999334812 16.601700000464916 0
      vertex -9.331644997000694 16.601700000464916 0
    endloop
  endfacet
  facet normal 0 0 -1
    outer loop
      vertex -9.331644997000694 16.601700000464916 0
      vertex -11.437430001795292 10.67264000326395 0
      vertex -13.011835001409054 16.601700000464916 0
    endloop
  endfacet
  facet normal 0 0 -1
    outer loop
      vertex -9.331644997000694 16.601700000464916 0
      vertex -8.004009999334812 16.601700000464916 0
      vertex -11.437430001795292 10.67264000326395 0
    endloop
  endfacet
  facet normal 0 0 -1
    outer loop
      vertex -6.9420550018548965 16.601700000464916 0
      vertex -11.437430001795292 10.67264000326395 0
      vertex -8.004009999334812 16.601700000464916 0
    endloop
  endfacet
  facet normal 0 0 -1
    outer loop
      vertex -6.9420550018548965 16.601700000464916 0
      vertex -5.608254998922348 16.601700000464916 0
      vertex -11.437430001795292 10.67264000326395 0
    endloop
  endfacet
  facet normal 0 0 -1
    outer loop
      vertex -30.400000000000002 24.75 0
      vertex 5.155249997973442 20.901359997689724 0
      vertex 2.716760002076626 20.932374998927116 0
    endloop
  endfacet
  facet normal 0 0 -1
    outer loop
      vertex -8.67230500280857 20.901359997689724 0
      vertex -6.270700000226498 20.901359997689724 0
      vertex -6.652165003120899 19.802775003015995 0
    endloop
  endfacet
  facet normal 0 0 -1
    outer loop
      vertex -6.853584997355938 19.12534499913454 0
      vertex -7.277754999697208 17.889464996755123 0
      vertex -7.940947502851486 18.692528747022152 0
    endloop
  endfacet
  facet normal 0 0 -1
    outer loop
      vertex -4.219824999570847 17.297444999217987 0
      vertex -5.3796550035476685 20.901359997689724 0
      vertex -4.219824999570847 20.901359997689724 0
    endloop
  endfacet
  facet normal 0 0 -1
    outer loop
      vertex -3.319600000977516 20.901359997689724 0
      vertex -1.4426499977707863 20.901359997689724 0
      vertex -1.4426499977707863 16.601700000464916 0
    endloop
  endfacet
  facet normal 0 0 -1
    outer loop
      vertex 0.1959950029850006 19.37439499795437 0
      vertex -0.5424249991774559 20.901359997689724 0
      vertex 0.27588874846696854 19.659000001847744 0
    endloop
  endfacet
  facet normal 0 0 -1
    outer loop
      vertex -0.5424249991774559 20.901359997689724 0
      vertex 0.1959950029850006 19.37439499795437 0
      vertex 0.14805874973535538 19.06528999656439 0
    endloop
  endfacet
  facet normal 0 0 -1
    outer loop
      vertex -0.5424249991774559 20.901359997689724 0
      vertex 0.14805874973535538 19.06528999656439 0
      vertex 0.13208000361919403 18.731684997677803 0
    endloop
  endfacet
  facet normal 0 0 -1
    outer loop
      vertex -0.5424249991774559 20.901359997689724 0
      vertex 0.13208000361919403 18.731684997677803 0
      vertex 0.14801625162363052 18.399494998157024 0
    endloop
  endfacet
  facet normal 0 0 -1
    outer loop
      vertex -0.5424249991774559 20.901359997689724 0
      vertex 0.14801625162363052 18.399494998157024 0
      vertex 0.1958250030875206 18.09256500005722 0
    endloop
  endfacet
  facet normal 0 0 -1
    outer loop
      vertex -7.641884997487068 17.81520500034094 0
      vertex -7.717157498002052 18.03745874762535 0
      vertex -7.277754999697208 17.889464996755123 0
    endloop
  endfacet
  facet normal 0 0 -1
    outer loop
      vertex -7.591027498245239 17.66313874721527 0
      vertex -7.641884997487068 17.81520500034094 0
      vertex -7.408930003643036 17.474474996328354 0
    endloop
  endfacet
  facet normal 0 0 -1
    outer loop
      vertex -7.641884997487068 17.81520500034094 0
      vertex -7.277754999697208 17.889464996755123 0
      vertex -7.408930003643036 17.474474996328354 0
    endloop
  endfacet
  facet normal 0 0 -1
    outer loop
      vertex -7.5645850002765656 17.58126000314951 0
      vertex -7.591027498245239 17.66313874721527 0
      vertex -7.408930003643036 17.474474996328354 0
    endloop
  endfacet
  facet normal 0 0 -1
    outer loop
      vertex -7.550687499344349 17.5353212505579 0
      vertex -7.5645850002765656 17.58126000314951 0
      vertex -7.408930003643036 17.474474996328354 0
    endloop
  endfacet
  facet normal 0 0 -1
    outer loop
      vertex -7.537464998662472 17.49107500165701 0
      vertex -7.550687499344349 17.5353212505579 0
      vertex -7.408930003643036 17.474474996328354 0
    endloop
  endfacet
  facet normal 0 0 -1
    outer loop
      vertex -7.524917498230934 17.448521248996258 0
      vertex -7.537464998662472 17.49107500165701 0
      vertex -7.408930003643036 17.474474996328354 0
    endloop
  endfacet
  facet normal 0 0 -1
    outer loop
      vertex -7.513044998049736 17.407660000026226 0
      vertex -7.524917498230934 17.448521248996258 0
      vertex -7.408930003643036 17.474474996328354 0
    endloop
  endfacet
  facet normal 0 0 -1
    outer loop
      vertex -7.501847498118877 17.368491247296333 0
      vertex -7.513044998049736 17.407660000026226 0
      vertex -7.408930003643036 17.474474996328354 0
    endloop
  endfacet
  facet normal 0 0 -1
    outer loop
      vertex -7.491324998438358 17.33101499825716 0
      vertex -7.501847498118877 17.368491247296333 0
      vertex -7.408930003643036 17.474474996328354 0
    endloop
  endfacet
  facet normal 0 0 -1
    outer loop
      vertex -7.473054997622967 17.263875000178814 0
      vertex -7.491324998438358 17.33101499825716 0
      vertex -7.408930003643036 17.474474996328354 0
    endloop
  endfacet
  facet normal 0 0 -1
    outer loop
      vertex -5.3796550035476685 20.901359997689724 0
      vertex -5.608254998922348 17.297444999217987 0
      vertex -6.9420550018548965 16.601700000464916 0
    endloop
  endfacet
  facet normal 0 0 -1
    outer loop
      vertex -5.608254998922348 16.601700000464916 0
      vertex -6.9420550018548965 16.601700000464916 0
      vertex -5.608254998922348 17.297444999217987 0
    endloop
  endfacet
  facet normal 0 0 -1
    outer loop
      vertex -5.3796550035476685 20.901359997689724 0
      vertex -4.219824999570847 17.297444999217987 0
      vertex -5.608254998922348 17.297444999217987 0
    endloop
  endfacet
  facet normal 0 0 -1
    outer loop
      vertex -1.928065001964569 16.601700000464916 0
      vertex -11.437430001795292 10.67264000326395 0
      vertex -5.608254998922348 16.601700000464916 0
    endloop
  endfacet
  facet normal 0 0 -1
    outer loop
      vertex -1.928065001964569 16.601700000464916 0
      vertex -1.4426499977707863 16.601700000464916 0
      vertex -11.437430001795292 10.67264000326395 0
    endloop
  endfacet
  facet normal 0 0 -1
    outer loop
      vertex -0.5424249991774559 16.601700000464916 0
      vertex -11.437430001795292 10.67264000326395 0
      vertex -1.4426499977707863 16.601700000464916 0
    endloop
  endfacet
  facet normal 0 0 -1
    outer loop
      vertex -3.319600000977516 20.901359997689724 0
      vertex -1.928065001964569 17.297444999217987 0
      vertex -3.319600000977516 17.297444999217987 0
    endloop
  endfacet
  facet normal 0 0 -1
    outer loop
      vertex -3.319600000977516 20.901359997689724 0
      vertex -1.4426499977707863 16.601700000464916 0
      vertex -1.928065001964569 17.297444999217987 0
    endloop
  endfacet
  facet normal 0 0 -1
    outer loop
      vertex -0.5424249991774559 20.901359997689724 0
      vertex 0.1958250030875206 18.09256500005722 0
      vertex -0.5424249991774559 16.601700000464916 0
    endloop
  endfacet
  facet normal 0 0 -1
    outer loop
      vertex 0.27550625056028366 17.81089500337839 0
      vertex -0.5424249991774559 16.601700000464916 0
      vertex 0.1958250030875206 18.09256500005722 0
    endloop
  endfacet
  facet normal 0 0 -1
    outer loop
      vertex -1.928065001964569 17.297444999217987 0
      vertex -1.4426499977707863 16.601700000464916 0
      vertex -1.928065001964569 16.601700000464916 0
    endloop
  endfacet
  facet normal 0 0 -1
    outer loop
      vertex -0.5424249991774559 16.601700000464916 0
      vertex 3.2724300026893616 10.67264000326395 0
      vertex -11.437430001795292 10.67264000326395 0
    endloop
  endfacet
  facet normal 0 0 1
    outer loop
      vertex -26.400000000000002 20.75 2.2
      vertex -22.324429495415053 16.618033988749893 2.2
      vertex 25.48686868686869 -20.75 2.2
    endloop
  endfacet
  facet normal 0 0 -1
    outer loop
      vertex -10.035198889672756 5.396379999816418 0
      vertex -11.25857000052929 -4.663779996335506 0
      vertex -10.443580001592636 5.980700001120567 0
    endloop
  endfacet
  facet normal 0 0 -1
    outer loop
      vertex -10.035198889672756 5.396379999816418 0
      vertex -9.588268890976906 4.817046664655209 0
      vertex -11.25857000052929 -4.663779996335506 0
    endloop
  endfacet
  facet normal 0 0 -1
    outer loop
      vertex -9.102789998054504 4.242700003087521 0
      vertex -11.25857000052929 -4.663779996335506 0
      vertex -9.588268890976906 4.817046664655209 0
    endloop
  endfacet
  facet normal 0 0 -1
    outer loop
      vertex -8.576281107962132 3.666636109352112 0
      vertex -11.25857000052929 -4.663779996335506 0
      vertex -9.102789998054504 4.242700003087521 0
    endloop
  endfacet
  facet normal 0 0 -1
    outer loop
      vertex -8.006261110305786 3.0822977796196938 0
      vertex -11.25857000052929 -4.663779996335506 0
      vertex -8.576281107962132 3.666636109352112 0
    endloop
  endfacet
  facet normal 0 0 -1
    outer loop
      vertex -11.25857000052929 -4.663779996335506 0
      vertex -8.006261110305786 3.0822977796196938 0
      vertex -7.392729997634888 2.4896849989891052 0
    endloop
  endfacet
  facet normal 0 0 -1
    outer loop
      vertex -6.484569996595383 7.226340003311634 0
      vertex 3.2724300026893616 7.226340003311634 0
      vertex -6.333087779581547 6.906405001878738 0
    endloop
  endfacet
  facet normal 0 0 -1
    outer loop
      vertex -6.333087779581547 6.906405001878738 0
      vertex 3.2724300026893616 7.226340003311634 0
      vertex -6.157161109149456 6.593106664717197 0
    endloop
  endfacet
  facet normal 0 0 -1
    outer loop
      vertex -6.157161109149456 6.593106664717197 0
      vertex 3.2724300026893616 7.226340003311634 0
      vertex -5.956790000200272 6.286444999277592 0
    endloop
  endfacet
  facet normal 0 0 -1
    outer loop
      vertex -5.956790000200272 6.286444999277592 0
      vertex 3.2724300026893616 7.226340003311634 0
      vertex -5.731974445283413 5.986419998109341 0
    endloop
  endfacet
  facet normal 0 0 -1
    outer loop
      vertex -5.731974445283413 5.986419998109341 0
      vertex 3.2724300026893616 7.226340003311634 0
      vertex -5.48271444439888 5.693031668663025 0
    endloop
  endfacet
  facet normal 0 0 1
    outer loop
      vertex -22.324429495415053 16.618033988749893 2.2
      vertex -22.085786437626904 16.414213562373096 2.2
      vertex 25.48686868686869 -20.75 2.2
    endloop
  endfacet
  facet normal 0 0 1
    outer loop
      vertex -22.085786437626904 16.414213562373096 2.2
      vertex -21.881966011250107 16.175570504584947 2.2
      vertex 25.48686868686869 -20.75 2.2
    endloop
  endfacet
  facet normal 0 0 1
    outer loop
      vertex -21.881966011250107 16.175570504584947 2.2
      vertex -21.717986951623264 15.907980999479093 2.2
      vertex 25.48686868686869 -20.75 2.2
    endloop
  endfacet
  facet normal 0 0 1
    outer loop
      vertex -21.717986951623264 15.907980999479093 2.2
      vertex -21.597886967409693 15.618033988749895 2.2
      vertex 25.48686868686869 -20.75 2.2
    endloop
  endfacet
  facet normal 0 0 1
    outer loop
      vertex -21.597886967409693 15.618033988749895 2.2
      vertex -21.524623318809724 15.312868930080462 2.2
      vertex 25.48686868686869 -20.75 2.2
    endloop
  endfacet
  facet normal 0 0 1
    outer loop
      vertex -21.524623318809724 15.312868930080462 2.2
      vertex -21.5 15 2.2
      vertex 25.48686868686869 -20.75 2.2
    endloop
  endfacet
  facet normal 0 0 1
    outer loop
      vertex -21.5 15 2.2
      vertex -21.524623318809724 14.687131069919538 2.2
      vertex 25.48686868686869 -20.75 2.2
    endloop
  endfacet
  facet normal 0 0 1
    outer loop
      vertex -21.524623318809724 14.687131069919538 2.2
      vertex -21.597886967409693 14.381966011250105 2.2
      vertex 25.48686868686869 -20.75 2.2
    endloop
  endfacet
  facet normal 0 0 1
    outer loop
      vertex -21.597886967409693 14.381966011250105 2.2
      vertex -21.717986951623264 14.092019000520907 2.2
      vertex 25.48686868686869 -20.75 2.2
    endloop
  endfacet
  facet normal 0 0 1
    outer loop
      vertex -21.717986951623264 14.092019000520907 2.2
      vertex -21.881966011250107 13.824429495415053 2.2
      vertex 25.48686868686869 -20.75 2.2
    endloop
  endfacet
  facet normal 0 0 1
    outer loop
      vertex -21.881966011250107 13.824429495415053 2.2
      vertex -22.085786437626904 13.585786437626904 2.2
      vertex 25.48686868686869 -20.75 2.2
    endloop
  endfacet
  facet normal 0 0 1
    outer loop
      vertex -26.400000000000002 20.75 2.2
      vertex 13.036934978214587 -3.5306966048793074 2.2
      vertex 13.146830451114539 -3.0729490168751576 2.2
    endloop
  endfacet
  facet normal 0 0 1
    outer loop
      vertex -26.400000000000002 20.75 2.2
      vertex 13 -4 2.2
      vertex 13.036934978214587 -3.5306966048793074 2.2
    endloop
  endfacet
  facet normal 0 0 1
    outer loop
      vertex -26.400000000000002 20.75 2.2
      vertex 13.036934978214587 -4.469303395120693 2.2
      vertex 13 -4 2.2
    endloop
  endfacet
  facet normal 0 0 1
    outer loop
      vertex -26.400000000000002 20.75 2.2
      vertex 13.146830451114539 -4.927050983124842 2.2
      vertex 13.036934978214587 -4.469303395120693 2.2
    endloop
  endfacet
  facet normal 0 0 -1
    outer loop
      vertex -5.48271444439888 5.693031668663025 0
      vertex 3.2724300026893616 7.226340003311634 0
      vertex -5.209009997546673 5.406280003488064 0
    endloop
  endfacet
  facet normal 0 0 -1
    outer loop
      vertex 3.2724300026893616 7.226340003311634 0
      vertex -4.917839996516705 5.123262219130993 0
      vertex -5.209009997546673 5.406280003488064 0
    endloop
  endfacet
  facet normal 0 0 -1
    outer loop
      vertex 3.2724300026893616 7.226340003311634 0
      vertex -4.616329997777939 4.841075554490089 0
      vertex -4.917839996516705 5.123262219130993 0
    endloop
  endfacet
  facet normal 0 0 -1
    outer loop
      vertex 3.2724300026893616 7.226340003311634 0
      vertex -4.304480001330376 4.559720002114773 0
      vertex -4.616329997777939 4.841075554490089 0
    endloop
  endfacet
  facet normal 0 0 -1
    outer loop
      vertex 3.2724300026893616 7.226340003311634 0
      vertex -3.9822899997234344 4.279195554554462 0
      vertex -4.304480001330376 4.559720002114773 0
    endloop
  endfacet
  facet normal 0 0 -1
    outer loop
      vertex 3.2724300026893616 7.226340003311634 0
      vertex -3.6497600004076958 3.999502219259739 0
      vertex -3.9822899997234344 4.279195554554462 0
    endloop
  endfacet
  facet normal 0 0 -1
    outer loop
      vertex 3.2724300026893616 7.226340003311634 0
      vertex -3.3068900033831596 3.720640003681183 0
      vertex -3.6497600004076958 3.999502219259739 0
    endloop
  endfacet
  facet normal 0 0 -1
    outer loop
      vertex 3.2724300026893616 7.226340003311634 0
      vertex -2.9569127783179283 3.4408794417977333 0
      vertex -3.3068900033831596 3.720640003681183 0
    endloop
  endfacet
  facet normal 0 0 -1
    outer loop
      vertex 3.2724300026893616 7.226340003311634 0
      vertex -2.6032077744603157 3.1586377769708633 0
      vertex -2.9569127783179283 3.4408794417977333 0
    endloop
  endfacet
  facet normal 0 0 -1
    outer loop
      vertex 3.2724300026893616 7.226340003311634 0
      vertex -2.2457749992609024 2.8739150017499924 0
      vertex -2.6032077744603157 3.1586377769708633 0
    endloop
  endfacet
  facet normal 0 0 -1
    outer loop
      vertex -2.2457749992609024 2.8739150017499924 0
      vertex 3.2724300026893616 7.226340003311634 0
      vertex -1.8846144452691078 2.58671110868454 0
    endloop
  endfacet
  facet normal 0 0 -1
    outer loop
      vertex -1.8846144452691078 2.58671110868454 0
      vertex 3.2724300026893616 7.226340003311634 0
      vertex -1.519726112484932 2.297026112675667 0
    endloop
  endfacet
  facet normal 0 0 1
    outer loop
      vertex -24.914213562373096 13.585786437626904 2.2
      vertex -25.118033988749893 -13.824429495415053 2.2
      vertex -24.914213562373096 -13.585786437626904 2.2
    endloop
  endfacet
  facet normal 0 0 1
    outer loop
      vertex -24.675570504584947 13.381966011250105 2.2
      vertex -24.914213562373096 -13.585786437626904 2.2
      vertex -24.675570504584947 -13.381966011250105 2.2
    endloop
  endfacet
  facet normal 0 0 1
    outer loop
      vertex -25.402113032590307 14.381966011250105 2.2
      vertex -25.475376681190276 -14.687131069919538 2.2
      vertex -25.402113032590307 -14.381966011250105 2.2
    endloop
  endfacet
  facet normal 0 0 1
    outer loop
      vertex -25.475376681190276 14.687131069919538 2.2
      vertex -25.5 -15 2.2
      vertex -25.475376681190276 -14.687131069919538 2.2
    endloop
  endfacet
  facet normal 0 0 1
    outer loop
      vertex -25.282013048376736 14.092019000520907 2.2
      vertex -25.402113032590307 -14.381966011250105 2.2
      vertex -25.282013048376736 -14.092019000520907 2.2
    endloop
  endfacet
  facet normal 0 0 1
    outer loop
      vertex -25.118033988749893 13.824429495415053 2.2
      vertex -25.282013048376736 -14.092019000520907 2.2
      vertex -25.118033988749893 -13.824429495415053 2.2
    endloop
  endfacet
  facet normal 0 0 1
    outer loop
      vertex -24.407980999479093 13.217986951623264 2.2
      vertex -24.675570504584947 -13.381966011250105 2.2
      vertex -24.407980999479093 -13.217986951623264 2.2
    endloop
  endfacet
  facet normal 0 0 1
    outer loop
      vertex -24.118033988749893 13.097886967409693 2.2
      vertex -24.407980999479093 -13.217986951623264 2.2
      vertex -24.118033988749893 -13.097886967409693 2.2
    endloop
  endfacet
  facet normal 0 0 1
    outer loop
      vertex -23.812868930080462 13.024623318809724 2.2
      vertex -24.118033988749893 -13.097886967409693 2.2
      vertex -23.812868930080462 -13.024623318809724 2.2
    endloop
  endfacet
  facet normal 0 0 1
    outer loop
      vertex -23.5 13 2.2
      vertex -23.812868930080462 -13.024623318809724 2.2
      vertex -23.5 -13 2.2
    endloop
  endfacet
  facet normal 0 0 1
    outer loop
      vertex -23.187131069919538 13.024623318809724 2.2
      vertex -23.5 -13 2.2
      vertex -23.187131069919538 -13.024623318809724 2.2
    endloop
  endfacet
  facet normal 0 0 1
    outer loop
      vertex -22.881966011250107 13.097886967409693 2.2
      vertex -23.187131069919538 -13.024623318809724 2.2
      vertex -22.881966011250107 -13.097886967409693 2.2
    endloop
  endfacet
  facet normal 0 0 1
    outer loop
      vertex -28.000000000000004 22.35 2.2
      vertex -30.400000000000002 -24.75 2.2
      vertex -28.000000000000004 -22.35 2.2
    endloop
  endfacet
  facet normal -1 0 0
    outer loop
      vertex -30.400000000000002 24.75 2.2
      vertex -30.400000000000002 -24.75 0
      vertex -30.400000000000002 -24.75 2.2
    endloop
  endfacet
  facet normal 0 0 1
    outer loop
      vertex -25.5 15 2.2
      vertex -26.400000000000002 -20.75 2.2
      vertex -25.5 -15 2.2
    endloop
  endfacet
  facet normal 0 0 1
    outer loop
      vertex -22.592019000520907 13.217986951623264 2.2
      vertex -22.881966011250107 -13.097886967409693 2.2
      vertex -22.592019000520907 -13.217986951623264 2.2
    endloop
  endfacet
  facet normal 0 0 1
    outer loop
      vertex -22.324429495415053 13.381966011250105 2.2
      vertex -22.592019000520907 -13.217986951623264 2.2
      vertex -22.324429495415053 -13.381966011250105 2.2
    endloop
  endfacet
  facet normal 0 0 1
    outer loop
      vertex -22.085786437626904 13.585786437626904 2.2
      vertex -22.324429495415053 -13.381966011250105 2.2
      vertex -22.085786437626904 -13.585786437626904 2.2
    endloop
  endfacet
  facet normal 0 0 -1
    outer loop
      vertex -30.400000000000002 -24.75 0
      vertex -11.437430001795292 10.67264000326395 0
      vertex -11.437430001795292 7.763580001890659 0
    endloop
  endfacet
  facet normal 0 0 -1
    outer loop
      vertex -30.400000000000002 -24.75 0
      vertex -11.437430001795292 7.763580001890659 0
      vertex -11.144695557653904 7.164300002157688 0
    endloop
  endfacet
  facet normal 0 0 -1
    outer loop
      vertex -30.400000000000002 -24.75 0
      vertex -11.144695557653904 7.164300002157688 0
      vertex -10.813412219285965 6.5700066685676575 0
    endloop
  endfacet
  facet normal 0 0 -1
    outer loop
      vertex -30.400000000000002 -24.75 0
      vertex -10.813412219285965 6.5700066685676575 0
      vertex -10.443580001592636 5.980700001120567 0
    endloop
  endfacet
  facet normal 0 0 -1
    outer loop
      vertex -30.400000000000002 -24.75 0
      vertex -10.443580001592636 5.980700001120567 0
      vertex -11.25857000052929 -4.663779996335506 0
    endloop
  endfacet
  facet normal 0 0 -1
    outer loop
      vertex -30.400000000000002 -24.75 0
      vertex -11.25857000052929 -4.663779996335506 0
      vertex -11.098367221653461 -5.5999777764081955 0
    endloop
  endfacet
  facet normal 0 0 -1
    outer loop
      vertex -30.400000000000002 -24.75 0
      vertex -11.098367221653461 -5.5999777764081955 0
      vertex -10.856532223522663 -6.459077775478363 0
    endloop
  endfacet
  facet normal 0 0 1
    outer loop
      vertex -25.5 -15 2.2
      vertex -26.400000000000002 -20.75 2.2
      vertex -25.475376681190276 -15.312868930080462 2.2
    endloop
  endfacet
  facet normal 0 0 1
    outer loop
      vertex -25.475376681190276 -15.312868930080462 2.2
      vertex -26.400000000000002 -20.75 2.2
      vertex -25.402113032590307 -15.618033988749895 2.2
    endloop
  endfacet
  facet normal 0 0 1
    outer loop
      vertex -25.402113032590307 -15.618033988749895 2.2
      vertex -26.400000000000002 -20.75 2.2
      vertex -25.282013048376736 -15.907980999479093 2.2
    endloop
  endfacet
  facet normal 0 0 1
    outer loop
      vertex -25.282013048376736 -15.907980999479093 2.2
      vertex -26.400000000000002 -20.75 2.2
      vertex -25.118033988749893 -16.175570504584947 2.2
    endloop
  endfacet
  facet normal 0 0 1
    outer loop
      vertex -25.118033988749893 -16.175570504584947 2.2
      vertex -26.400000000000002 -20.75 2.2
      vertex -24.914213562373096 -16.414213562373096 2.2
    endloop
  endfacet
  facet normal 0 0 1
    outer loop
      vertex -24.914213562373096 -16.414213562373096 2.2
      vertex -26.400000000000002 -20.75 2.2
      vertex -24.675570504584947 -16.618033988749893 2.2
    endloop
  endfacet
  facet normal 0 0 1
    outer loop
      vertex -24.675570504584947 -16.618033988749893 2.2
      vertex -26.400000000000002 -20.75 2.2
      vertex -24.407980999479093 -16.782013048376736 2.2
    endloop
  endfacet
  facet normal 0 0 1
    outer loop
      vertex -24.407980999479093 -16.782013048376736 2.2
      vertex -26.400000000000002 -20.75 2.2
      vertex -24.118033988749893 -16.902113032590307 2.2
    endloop
  endfacet
  facet normal 0 0 1
    outer loop
      vertex -24.118033988749893 -16.902113032590307 2.2
      vertex -26.400000000000002 -20.75 2.2
      vertex -23.812868930080462 -16.975376681190276 2.2
    endloop
  endfacet
  facet normal 0 0 1
    outer loop
      vertex -23.812868930080462 -16.975376681190276 2.2
      vertex -26.400000000000002 -20.75 2.2
      vertex -23.5 -17 2.2
    endloop
  endfacet
  facet normal 0 0 -1
    outer loop
      vertex -30.400000000000002 -24.75 0
      vertex -10.856532223522663 -6.459077775478363 0
      vertex -10.533064998686314 -7.24108000099659 0
    endloop
  endfacet
  facet normal 0 0 -1
    outer loop
      vertex -30.400000000000002 -24.75 0
      vertex -10.533064998686314 -7.24108000099659 0
      vertex -10.127965554594994 -7.945984445512295 0
    endloop
  endfacet
  facet normal 0 0 -1
    outer loop
      vertex -30.400000000000002 -24.75 0
      vertex -10.127965554594994 -7.945984445512295 0
      vertex -9.641233891248703 -8.573791109025478 0
    endloop
  endfacet
  facet normal 0 0 -1
    outer loop
      vertex -30.400000000000002 -24.75 0
      vertex -9.641233891248703 -8.573791109025478 0
      vertex -9.072870001196861 -9.124499998986721 0
    endloop
  endfacet
  facet normal 0 0 -1
    outer loop
      vertex -30.400000000000002 -24.75 0
      vertex -9.072870001196861 -9.124499998986721 0
      vertex -8.427017219364643 -9.594047218561172 0
    endloop
  endfacet
  facet normal 0 0 -1
    outer loop
      vertex -30.400000000000002 -24.75 0
      vertex -8.427017219364643 -9.594047218561172 0
      vertex -7.707818888127804 -9.978222221136093 0
    endloop
  endfacet
  facet normal 0 0 -1
    outer loop
      vertex -11.25857000052929 -4.663779996335506 0
      vertex -7.392729997634888 2.4896849989891052 0
      vertex -6.735687777400017 1.8887977749109268 0
    endloop
  endfacet
  facet normal 0 0 -1
    outer loop
      vertex -11.25857000052929 -4.663779996335506 0
      vertex -6.735687777400017 1.8887977749109268 0
      vertex -6.035134442150593 1.2796361148357391 0
    endloop
  endfacet
  facet normal 0 0 -1
    outer loop
      vertex -7.036550000309944 -4.4250800013542175 0
      vertex -11.25857000052929 -4.663779996335506 0
      vertex -5.291069999337196 0.6621999964118004 0
    endloop
  endfacet
  facet normal 0 0 -1
    outer loop
      vertex -11.25857000052929 -4.663779996335506 0
      vertex -6.035134442150593 1.2796361148357391 0
      vertex -5.291069999337196 0.6621999964118004 0
    endloop
  endfacet
  facet normal 0 0 -1
    outer loop
      vertex -7.036550000309944 -4.4250800013542175 0
      vertex -5.291069999337196 0.6621999964118004 0
      vertex -4.591708332300186 0.08282388746738434 0
    endloop
  endfacet
  facet normal 0 0 -1
    outer loop
      vertex -7.036550000309944 -4.4250800013542175 0
      vertex -4.591708332300186 0.08282388746738434 0
      vertex -3.965716667473316 -0.46173111349344254 0
    endloop
  endfacet
  facet normal 0 0 -1
    outer loop
      vertex -7.036550000309944 -4.4250800013542175 0
      vertex -3.965716667473316 -0.46173111349344254 0
      vertex -3.413094997406006 -0.9714649990200996 0
    endloop
  endfacet
  facet normal 0 0 -1
    outer loop
      vertex -7.036550000309944 -4.4250800013542175 0
      vertex -3.413094997406006 -0.9714649990200996 0
      vertex -2.9338433369994164 -1.4463777765631676 0
    endloop
  endfacet
  facet normal 0 0 -1
    outer loop
      vertex -7.036550000309944 -4.4250800013542175 0
      vertex -2.9338433369994164 -1.4463777765631676 0
      vertex -2.527961663901806 -1.8864694461226463 0
    endloop
  endfacet
  facet normal 0 0 -1
    outer loop
      vertex -2.1954500004649162 -2.2917400002479553 0
      vertex -7.036550000309944 -4.4250800013542175 0
      vertex -2.527961663901806 -1.8864694461226463 0
    endloop
  endfacet
  facet normal 0 0 -1
    outer loop
      vertex -2.1954500004649162 -2.2917400002479553 0
      vertex -6.953005000948906 -4.887367218732834 0
      vertex -7.036550000309944 -4.4250800013542175 0
    endloop
  endfacet
  facet normal 0 0 -1
    outer loop
      vertex -2.1954500004649162 -2.2917400002479553 0
      vertex -6.841703332960606 -5.309455558657646 0
      vertex -6.953005000948906 -4.887367218732834 0
    endloop
  endfacet
  facet normal 0 0 -1
    outer loop
      vertex -6.841703332960606 -5.309455558657646 0
      vertex -1.5296749994158745 -3.4441550001502037 0
      vertex -6.702644996345043 -5.691344998776913 0
    endloop
  endfacet
  facet normal 0 0 -1
    outer loop
      vertex -6.702644996345043 -5.691344998776913 0
      vertex -1.3077500015497208 -4.574239999055862 0
      vertex -6.535829998552799 -6.033035553991795 0
    endloop
  endfacet
  facet normal 0 0 -1
    outer loop
      vertex -6.535829998552799 -6.033035553991795 0
      vertex -1.3077500015497208 -4.574239999055862 0
      vertex -6.341258332133293 -6.334527224302292 0
    endloop
  endfacet
  facet normal 0 0 -1
    outer loop
      vertex -6.341258332133293 -6.334527224302292 0
      vertex -1.3077500015497208 -4.574239999055862 0
      vertex -6.118929997086525 -6.595820002257824 0
    endloop
  endfacet
  facet normal 0 0 -1
    outer loop
      vertex -6.118929997086525 -6.595820002257824 0
      vertex -1.3077500015497208 -4.574239999055862 0
      vertex -5.8651111125946045 -6.816913887858391 0
    endloop
  endfacet
  facet normal 0 0 -1
    outer loop
      vertex -5.8651111125946045 -6.816913887858391 0
      vertex -1.3077500015497208 -4.574239999055862 0
      vertex -5.5760677754879 -6.997808888554573 0
    endloop
  endfacet
  facet normal 0 0 -1
    outer loop
      vertex -6.841703332960606 -5.309455558657646 0
      vertex -2.1954500004649162 -2.2917400002479553 0
      vertex -1.9242083355784416 -2.678359441459179 0
    endloop
  endfacet
  facet normal 0 0 -1
    outer loop
      vertex -6.841703332960606 -5.309455558657646 0
      vertex -1.9242083355784416 -2.678359441459179 0
      vertex -1.7022833302617073 -3.062497779726982 0
    endloop
  endfacet
  facet normal 0 0 -1
    outer loop
      vertex -6.841703332960606 -5.309455558657646 0
      vertex -1.7022833302617073 -3.062497779726982 0
      vertex -1.5296749994158745 -3.4441550001502037 0
    endloop
  endfacet
  facet normal 0 0 -1
    outer loop
      vertex -6.702644996345043 -5.691344998776913 0
      vertex -1.5296749994158745 -3.4441550001502037 0
      vertex -1.4063833355903625 -3.8233311101794243 0
    endloop
  endfacet
  facet normal 0 0 -1
    outer loop
      vertex -6.702644996345043 -5.691344998776913 0
      vertex -1.4063833355903625 -3.8233311101794243 0
      vertex -1.332408331334591 -4.200026109814644 0
    endloop
  endfacet
  facet normal 0 0 -1
    outer loop
      vertex -6.702644996345043 -5.691344998776913 0
      vertex -1.332408331334591 -4.200026109814644 0
      vertex -1.3077500015497208 -4.574239999055862 0
    endloop
  endfacet
  facet normal 0 0 -1
    outer loop
      vertex -4.067649997770786 -7.319399997591972 0
      vertex -1.3077500015497208 -4.574239999055862 0
      vertex -1.3844138905405998 -5.41303888708353 0
    endloop
  endfacet
  facet normal 0 0 1
    outer loop
      vertex -22.085786437626904 13.585786437626904 2.2
      vertex -22.085786437626904 -13.585786437626904 2.2
      vertex 25.48686868686869 -20.75 2.2
    endloop
  endfacet
  facet normal 0 0 -1
    outer loop
      vertex -5.5760677754879 -6.997808888554573 0
      vertex -1.3077500015497208 -4.574239999055862 0
      vertex -5.251800000667572 -7.13850499689579 0
    endloop
  endfacet
  facet normal 0 0 -1
    outer loop
      vertex -5.251800000667572 -7.13850499689579 0
      vertex -1.3077500015497208 -4.574239999055862 0
      vertex -4.892307780683041 -7.2390022203326225 0
    endloop
  endfacet
  facet normal 0 0 -1
    outer loop
      vertex -4.892307780683041 -7.2390022203326225 0
      vertex -1.3077500015497208 -4.574239999055862 0
      vertex -4.497591108083725 -7.29930055886507 0
    endloop
  endfacet
  facet normal 0 0 -1
    outer loop
      vertex -4.497591108083725 -7.29930055886507 0
      vertex -1.3077500015497208 -4.574239999055862 0
      vertex -4.067649997770786 -7.319399997591972 0
    endloop
  endfacet
  facet normal 0 0 -1
    outer loop
      vertex -4.067649997770786 -7.319399997591972 0
      vertex -1.3844138905405998 -5.41303888708353 0
      vertex -3.2243472188711166 -7.243145555257797 0
    endloop
  endfacet
  facet normal 0 0 -1
    outer loop
      vertex -3.2243472188711166 -7.243145555257797 0
      vertex -1.614405557513237 -6.099328890442848 0
      vertex -2.5343722254037857 -7.014382220804691 0
    endloop
  endfacet
  facet normal 0 0 -1
    outer loop
      vertex -1.614405557513237 -6.099328890442848 0
      vertex -3.2243472188711166 -7.243145555257797 0
      vertex -1.3844138905405998 -5.41303888708353 0
    endloop
  endfacet
  facet normal 0 0 -1
    outer loop
      vertex -1.9977250024676323 -6.633110001683235 0
      vertex -2.5343722254037857 -7.014382220804691 0
      vertex -1.614405557513237 -6.099328890442848 0
    endloop
  endfacet
  facet normal 0 0 -1
    outer loop
      vertex -30.400000000000002 -24.75 0
      vertex -7.707818888127804 -9.978222221136093 0
      vertex -6.915275000035763 -10.277024999260902 0
    endloop
  endfacet
  facet normal 0 0 1
    outer loop
      vertex -23.5 -17 2.2
      vertex -26.400000000000002 -20.75 2.2
      vertex 25.48686868686869 -20.75 2.2
    endloop
  endfacet
  facet normal 0 0 1
    outer loop
      vertex -30.400000000000002 -24.75 2.2
      vertex 28.000000000000004 -22.35 2.2
      vertex -28.000000000000004 -22.35 2.2
    endloop
  endfacet
  facet normal 0 -1 0
    outer loop
      vertex -30.400000000000002 -24.75 2.2
      vertex -30.400000000000002 -24.75 0
      vertex 30.400000000000002 -24.75 2.2
    endloop
  endfacet
  facet normal 0 0 1
    outer loop
      vertex -22.085786437626904 -13.585786437626904 2.2
      vertex -21.881966011250107 -13.824429495415053 2.2
      vertex 25.48686868686869 -20.75 2.2
    endloop
  endfacet
  facet normal 0 0 1
    outer loop
      vertex -21.881966011250107 -13.824429495415053 2.2
      vertex -21.717986951623264 -14.092019000520907 2.2
      vertex 25.48686868686869 -20.75 2.2
    endloop
  endfacet
  facet normal 0 0 1
    outer loop
      vertex -21.717986951623264 -14.092019000520907 2.2
      vertex -21.597886967409693 -14.381966011250105 2.2
      vertex 25.48686868686869 -20.75 2.2
    endloop
  endfacet
  facet normal 0 0 1
    outer loop
      vertex -21.597886967409693 -14.381966011250105 2.2
      vertex -21.524623318809724 -14.687131069919538 2.2
      vertex 25.48686868686869 -20.75 2.2
    endloop
  endfacet
  facet normal 0 0 1
    outer loop
      vertex -21.524623318809724 -14.687131069919538 2.2
      vertex -21.5 -15 2.2
      vertex 25.48686868686869 -20.75 2.2
    endloop
  endfacet
  facet normal 0 0 1
    outer loop
      vertex -22.881966011250107 -16.902113032590307 2.2
      vertex 25.48686868686869 -20.75 2.2
      vertex -22.592019000520907 -16.782013048376736 2.2
    endloop
  endfacet
  facet normal 0 0 1
    outer loop
      vertex -23.5 -17 2.2
      vertex 25.48686868686869 -20.75 2.2
      vertex -23.187131069919538 -16.975376681190276 2.2
    endloop
  endfacet
  facet normal 0 0 1
    outer loop
      vertex -23.187131069919538 -16.975376681190276 2.2
      vertex 25.48686868686869 -20.75 2.2
      vertex -22.881966011250107 -16.902113032590307 2.2
    endloop
  endfacet
  facet normal 0 0 1
    outer loop
      vertex -21.5 -15 2.2
      vertex -21.524623318809724 -15.312868930080462 2.2
      vertex 25.48686868686869 -20.75 2.2
    endloop
  endfacet
  facet normal 0 0 1
    outer loop
      vertex -21.524623318809724 -15.312868930080462 2.2
      vertex -21.597886967409693 -15.618033988749895 2.2
      vertex 25.48686868686869 -20.75 2.2
    endloop
  endfacet
  facet normal 0 0 1
    outer loop
      vertex -21.597886967409693 -15.618033988749895 2.2
      vertex -21.717986951623264 -15.907980999479093 2.2
      vertex 25.48686868686869 -20.75 2.2
    endloop
  endfacet
  facet normal 0 0 1
    outer loop
      vertex -21.881966011250107 -16.175570504584947 2.2
      vertex -22.085786437626904 -16.414213562373096 2.2
      vertex 25.48686868686869 -20.75 2.2
    endloop
  endfacet
  facet normal 0 0 1
    outer loop
      vertex -21.881966011250107 -16.175570504584947 2.2
      vertex 25.48686868686869 -20.75 2.2
      vertex -21.717986951623264 -15.907980999479093 2.2
    endloop
  endfacet
  facet normal 0 0 1
    outer loop
      vertex -22.592019000520907 -16.782013048376736 2.2
      vertex 25.48686868686869 -20.75 2.2
      vertex -22.324429495415053 -16.618033988749893 2.2
    endloop
  endfacet
  facet normal 0 0 1
    outer loop
      vertex -22.324429495415053 -16.618033988749893 2.2
      vertex 25.48686868686869 -20.75 2.2
      vertex -22.085786437626904 -16.414213562373096 2.2
    endloop
  endfacet
  facet normal 0 0 -1
    outer loop
      vertex -30.400000000000002 -24.75 0
      vertex -6.915275000035763 -10.277024999260902 0
      vertex 30.400000000000002 -24.75 0
    endloop
  endfacet
  facet normal 0 0 -1
    outer loop
      vertex -30.400000000000002 24.75 0
      vertex 30.400000000000002 24.75 0
      vertex 5.155249997973442 20.901359997689724 0
    endloop
  endfacet
  facet normal 0 0 -1
    outer loop
      vertex 0.7073149979114532 20.36581499874592 0
      vertex -0.5424249991774559 20.901359997689724 0
      vertex 0.9112225025892258 20.548098750412464 0
    endloop
  endfacet
  facet normal 0 0 -1
    outer loop
      vertex 0.5315487533807755 20.15471000224352 0
      vertex -0.5424249991774559 20.901359997689724 0
      vertex 0.7073149979114532 20.36581499874592 0
    endloop
  endfacet
  facet normal 0 0 -1
    outer loop
      vertex 0.38774000108242035 19.919105000793934 0
      vertex -0.5424249991774559 20.901359997689724 0
      vertex 0.5315487533807755 20.15471000224352 0
    endloop
  endfacet
  facet normal 0 0 -1
    outer loop
      vertex 0.27588874846696854 19.659000001847744 0
      vertex -0.5424249991774559 20.901359997689724 0
      vertex 0.38774000108242035 19.919105000793934 0
    endloop
  endfacet
  facet normal 0 0 -1
    outer loop
      vertex -0.5424249991774559 20.901359997689724 0
      vertex 1.139454998075962 20.697240002453327 0
      vertex 0.9112225025892258 20.548098750412464 0
    endloop
  endfacet
  facet normal 0 0 -1
    outer loop
      vertex -0.5424249991774559 20.901359997689724 0
      vertex 1.3920124992728233 20.813238747417927 0
      vertex 1.139454998075962 20.697240002453327 0
    endloop
  endfacet
  facet normal 0 0 -1
    outer loop
      vertex -0.5424249991774559 20.901359997689724 0
      vertex 1.668894998729229 20.896095000207424 0
      vertex 1.3920124992728233 20.813238747417927 0
    endloop
  endfacet
  facet normal 0 0 -1
    outer loop
      vertex -0.5424249991774559 20.901359997689724 0
      vertex 1.970102496445179 20.94580875337124 0
      vertex 1.668894998729229 20.896095000207424 0
    endloop
  endfacet
  facet normal 0 0 -1
    outer loop
      vertex 1.047791250050068 18.95932999998331 0
      vertex 1.0758899971842766 19.170275002717972 0
      vertex 3.5559500008821487 18.731684997677803 0
    endloop
  endfacet
  facet normal 0 0 -1
    outer loop
      vertex 1.0384249985218048 18.731684997677803 0
      vertex 1.047791250050068 18.95932999998331 0
      vertex 3.546795003116131 18.508120000362396 0
    endloop
  endfacet
  facet normal 0 0 -1
    outer loop
      vertex 1.047578752040863 18.506334997713566 0
      vertex 1.0384249985218048 18.731684997677803 0
      vertex 3.546795003116131 18.508120000362396 0
    endloop
  endfacet
  facet normal 0 0 -1
    outer loop
      vertex 2.716760002076626 20.932374998927116 0
      vertex 5.155249997973442 20.901359997689724 0
      vertex 2.913586251437664 20.89486874639988 0
    endloop
  endfacet
  facet normal 0 0 -1
    outer loop
      vertex 2.913586251437664 20.89486874639988 0
      vertex 5.155249997973442 20.901359997689724 0
      vertex 3.1012549996376038 20.842359997332096 0
    endloop
  endfacet
  facet normal 0 0 -1
    outer loop
      vertex 1.6276950016617775 20.0733800008893 0
      vertex 1.7742087468504906 20.15259374678135 0
      vertex 3.5468375012278557 18.965551249682903 0
    endloop
  endfacet
  facet normal 0 0 -1
    outer loop
      vertex 1.1882850006222725 19.542065002024174 0
      vertex 1.2725812494754791 19.702909998595715 0
      vertex 3.5468375012278557 18.965551249682903 0
    endloop
  endfacet
  facet normal 0 0 -1
    outer loop
      vertex 1.2725812494754791 19.702909998595715 0
      vertex 1.375610001385212 19.84705500304699 0
      vertex 3.5468375012278557 18.965551249682903 0
    endloop
  endfacet
  facet normal 0 0 -1
    outer loop
      vertex 1.4948287531733513 19.971533752977848 0
      vertex 1.6276950016617775 20.0733800008893 0
      vertex 3.5468375012278557 18.965551249682903 0
    endloop
  endfacet
  facet normal 0 0 -1
    outer loop
      vertex 1.375610001385212 19.84705500304699 0
      vertex 1.4948287531733513 19.971533752977848 0
      vertex 3.5468375012278557 18.965551249682903 0
    endloop
  endfacet
  facet normal 0 0 -1
    outer loop
      vertex 1.7742087468504906 20.15259374678135 0
      vertex 1.9343700036406517 20.209174998104572 0
      vertex 3.5468375012278557 18.965551249682903 0
    endloop
  endfacet
  facet normal 0 0 -1
    outer loop
      vertex 1.9343700036406517 20.209174998104572 0
      vertex 2.108178749680519 20.24312374740839 0
      vertex 3.5468375012278557 18.965551249682903 0
    endloop
  endfacet
  facet normal 0 0 -1
    outer loop
      vertex 2.108178749680519 20.24312374740839 0
      vertex 2.295634999871254 20.254440002143383 0
      vertex 3.5468375012278557 18.965551249682903 0
    endloop
  endfacet
  facet normal 0 0 -1
    outer loop
      vertex 2.295634999871254 20.254440002143383 0
      vertex 2.489368751645088 20.243419997394085 0
      vertex 3.5195000022649765 19.180940002202988 0
    endloop
  endfacet
  facet normal 0 0 -1
    outer loop
      vertex 1.1227212473750114 19.364519998431206 0
      vertex 1.1882850006222725 19.542065002024174 0
      vertex 3.5468375012278557 18.965551249682903 0
    endloop
  endfacet
  facet normal 0 0 -1
    outer loop
      vertex 1.0758899971842766 19.170275002717972 0
      vertex 1.1227212473750114 19.364519998431206 0
      vertex 3.5468375012278557 18.965551249682903 0
    endloop
  endfacet
  facet normal 0 0 -1
    outer loop
      vertex 3.5468375012278557 18.965551249682903 0
      vertex 3.5559500008821487 18.731684997677803 0
      vertex 1.0758899971842766 19.170275002717972 0
    endloop
  endfacet
  facet normal 0 0 -1
    outer loop
      vertex 3.5559500008821487 18.731684997677803 0
      vertex 3.546795003116131 18.508120000362396 0
      vertex 1.047791250050068 18.95932999998331 0
    endloop
  endfacet
  facet normal 0 0 -1
    outer loop
      vertex 2.489368751645088 20.243419997394085 0
      vertex 2.6677599996328354 20.210359998047352 0
      vertex 3.4739374965429306 19.377851247787476 0
    endloop
  endfacet
  facet normal 0 0 -1
    outer loop
      vertex 2.6677599996328354 20.210359998047352 0
      vertex 2.830808751285076 20.155259996652603 0
      vertex 3.4739374965429306 19.377851247787476 0
    endloop
  endfacet
  facet normal 0 0 -1
    outer loop
      vertex 2.97851499915123 20.07812000066042 0
      vertex 3.110878750681877 19.97894000262022 0
      vertex 3.2278999984264374 19.857720002532005 0
    endloop
  endfacet
  facet normal 0 0 -1
    outer loop
      vertex 2.830808751285076 20.155259996652603 0
      vertex 2.97851499915123 20.07812000066042 0
      vertex 3.4739374965429306 19.377851247787476 0
    endloop
  endfacet
  facet normal 0 0 -1
    outer loop
      vertex 3.2278999984264374 19.857720002532005 0
      vertex 3.3281375020742416 19.716241247951984 0
      vertex 2.97851499915123 20.07812000066042 0
    endloop
  endfacet
  facet normal 0 0 -1
    outer loop
      vertex 3.3281375020742416 19.716241247951984 0
      vertex 3.410149998962879 19.55628500133753 0
      vertex 2.97851499915123 20.07812000066042 0
    endloop
  endfacet
  facet normal 0 0 -1
    outer loop
      vertex 3.4739374965429306 19.377851247787476 0
      vertex 3.5195000022649765 19.180940002202988 0
      vertex 2.489368751645088 20.243419997394085 0
    endloop
  endfacet
  facet normal 0 0 -1
    outer loop
      vertex 3.410149998962879 19.55628500133753 0
      vertex 3.4739374965429306 19.377851247787476 0
      vertex 2.97851499915123 20.07812000066042 0
    endloop
  endfacet
  facet normal 0 0 -1
    outer loop
      vertex 3.5195000022649765 19.180940002202988 0
      vertex 3.5468375012278557 18.965551249682903 0
      vertex 2.295634999871254 20.254440002143383 0
    endloop
  endfacet
  facet normal 0 0 1
    outer loop
      vertex -26.400000000000002 20.75 2.2
      vertex 22.324429495415053 16.618033988749893 2.2
      vertex 26.400000000000002 20.75 2.2
    endloop
  endfacet
  facet normal 0 0 -1
    outer loop
      vertex 3.1012549996376038 20.842359997332096 0
      vertex 5.155249997973442 20.901359997689724 0
      vertex 3.279766246676445 20.774848751723766 0
    endloop
  endfacet
  facet normal 0 0 -1
    outer loop
      vertex 3.279766246676445 20.774848751723766 0
      vertex 5.155249997973442 20.901359997689724 0
      vertex 3.4491200000047684 20.69233500212431 0
    endloop
  endfacet
  facet normal 0 0 -1
    outer loop
      vertex 3.4491200000047684 20.69233500212431 0
      vertex 5.155249997973442 20.901359997689724 0
      vertex 3.607551246881485 20.595652498304844 0
    endloop
  endfacet
  facet normal 0 0 -1
    outer loop
      vertex 3.607551246881485 20.595652498304844 0
      vertex 5.155249997973442 20.901359997689724 0
      vertex 3.7532650008797646 20.485665000975132 0
    endloop
  endfacet
  facet normal 0 0 -1
    outer loop
      vertex 3.7532650008797646 20.485665000975132 0
      vertex 5.155249997973442 20.901359997689724 0
      vertex 3.886261247098446 20.362372502684593 0
    endloop
  endfacet
  facet normal 0 0 -1
    outer loop
      vertex 3.886261247098446 20.362372502684593 0
      vertex 5.155249997973442 20.901359997689724 0
      vertex 4.00654000043869 20.225775003433228 0
    endloop
  endfacet
  facet normal 0 0 -1
    outer loop
      vertex 4.00654000043869 20.225775003433228 0
      vertex 5.155249997973442 20.901359997689724 0
      vertex 4.114101253449917 20.075872503221035 0
    endloop
  endfacet
  facet normal 0 0 -1
    outer loop
      vertex 4.114101253449917 20.075872503221035 0
      vertex 5.155249997973442 20.901359997689724 0
      vertex 4.208944998681545 19.912665002048016 0
    endloop
  endfacet
  facet normal 0 0 -1
    outer loop
      vertex 4.208944998681545 19.912665002048016 0
      vertex 5.155249997973442 20.901359997689724 0
      vertex 4.290069997310638 19.738297499716282 0
    endloop
  endfacet
  facet normal 0 0 -1
    outer loop
      vertex 4.290069997310638 19.738297499716282 0
      vertex 5.155249997973442 20.901359997689724 0
      vertex 4.356444999575615 19.55494499951601 0
    endloop
  endfacet
  facet normal 0 0 -1
    outer loop
      vertex 4.356444999575615 19.55494499951601 0
      vertex 5.155249997973442 20.901359997689724 0
      vertex 4.408069998025894 19.3626075014472 0
    endloop
  endfacet
  facet normal 0 0 -1
    outer loop
      vertex 4.408069998025894 19.3626075014472 0
      vertex 5.155249997973442 20.901359997689724 0
      vertex 4.444945000112057 19.161284998059273 0
    endloop
  endfacet
  facet normal 0 0 -1
    outer loop
      vertex 4.444945000112057 19.161284998059273 0
      vertex 5.155249997973442 20.901359997689724 0
      vertex 4.467069998383522 18.950977496802807 0
    endloop
  endfacet
  facet normal 0 0 -1
    outer loop
      vertex 5.155249997973442 16.601700000464916 0
      vertex 4.467069998383522 18.950977496802807 0
      vertex 5.155249997973442 20.901359997689724 0
    endloop
  endfacet
  facet normal 0 0 -1
    outer loop
      vertex 5.954764999449253 20.901359997689724 0
      vertex 7.773484997451305 20.901359997689724 0
      vertex 5.954764999449253 18.365520000457764 0
    endloop
  endfacet
  facet normal 0 0 -1
    outer loop
      vertex 5.954764999449253 18.365520000457764 0
      vertex 7.773484997451305 20.901359997689724 0
      vertex 5.9532399997115135 18.262613750994205 0
    endloop
  endfacet
  facet normal 0 0 -1
    outer loop
      vertex 5.9532399997115135 18.262613750994205 0
      vertex 7.773484997451305 20.901359997689724 0
      vertex 5.948665000498295 18.14919500052929 0
    endloop
  endfacet
  facet normal 0 0 -1
    outer loop
      vertex 5.948665000498295 18.14919500052929 0
      vertex 7.773484997451305 20.901359997689724 0
      vertex 5.941040001809597 18.025263749063015 0
    endloop
  endfacet
  facet normal 0 0 -1
    outer loop
      vertex 7.773484997451305 20.901359997689724 0
      vertex 5.93036500364542 17.890819996595383 0
      vertex 5.941040001809597 18.025263749063015 0
    endloop
  endfacet
  facet normal 0 0 -1
    outer loop
      vertex 7.773484997451305 20.901359997689724 0
      vertex 5.916639998555183 17.745863750576973 0
      vertex 5.93036500364542 17.890819996595383 0
    endloop
  endfacet
  facet normal 0 0 -1
    outer loop
      vertex 7.773484997451305 20.901359997689724 0
      vertex 5.899865001440048 17.590395003557205 0
      vertex 5.916639998555183 17.745863750576973 0
    endloop
  endfacet
  facet normal 0 0 -1
    outer loop
      vertex 6.183634996414185 16.601700000464916 0
      vertex 8.08474999666214 19.940114997327328 0
      vertex 8.067974999547005 19.78880500048399 0
    endloop
  endfacet
  facet normal 0 0 -1
    outer loop
      vertex 6.183634996414185 16.601700000464916 0
      vertex 8.067974999547005 19.78880500048399 0
      vertex 8.054250001907349 19.64207500219345 0
    endloop
  endfacet
  facet normal 0 0 -1
    outer loop
      vertex 6.183634996414185 16.601700000464916 0
      vertex 8.054250001907349 19.64207500219345 0
      vertex 8.043574996292591 19.49992500245571 0
    endloop
  endfacet
  facet normal 0 0 -1
    outer loop
      vertex 0.3870600014925003 17.554485000669956 0
      vertex -0.5424249991774559 16.601700000464916 0
      vertex 0.27550625056028366 17.81089500337839 0
    endloop
  endfacet
  facet normal 0 0 -1
    outer loop
      vertex 0.5304862484335899 17.323334999382496 0
      vertex -0.5424249991774559 16.601700000464916 0
      vertex 0.3870600014925003 17.554485000669956 0
    endloop
  endfacet
  facet normal 0 0 -1
    outer loop
      vertex 1.0750399976968765 18.298194997012615 0
      vertex 1.047578752040863 18.506334997713566 0
      vertex 3.5193300023674965 18.301255002617836 0
    endloop
  endfacet
  facet normal 0 0 -1
    outer loop
      vertex 0.7057849988341331 17.11744499951601 0
      vertex -0.5424249991774559 16.601700000464916 0
      vertex 0.5304862484335899 17.323334999382496 0
    endloop
  endfacet
  facet normal 0 0 -1
    outer loop
      vertex 0.9094799980521202 16.940276250243187 0
      vertex -0.5424249991774559 16.601700000464916 0
      vertex 0.7057849988341331 17.11744499951601 0
    endloop
  endfacet
  facet normal 0 0 -1
    outer loop
      vertex -0.5424249991774559 16.601700000464916 0
      vertex 0.9094799980521202 16.940276250243187 0
      vertex 1.138094998896122 16.795319996774197 0
    endloop
  endfacet
  facet normal 0 0 -1
    outer loop
      vertex -0.5424249991774559 16.601700000464916 0
      vertex 1.138094998896122 16.795319996774197 0
      vertex 1.3916300013661385 16.68257624655962 0
    endloop
  endfacet
  facet normal 0 0 -1
    outer loop
      vertex -0.5424249991774559 16.601700000464916 0
      vertex 1.3916300013661385 16.68257624655962 0
      vertex 1.670084998011589 16.602044999599457 0
    endloop
  endfacet
  facet normal 0 0 -1
    outer loop
      vertex 1.1208087503910065 18.10726500302553 0
      vertex 1.0750399976968765 18.298194997012615 0
      vertex 3.5193300023674965 18.301255002617836 0
    endloop
  endfacet
  facet normal 0 0 -1
    outer loop
      vertex 1.1848850026726723 17.933545000851154 0
      vertex 1.1208087503910065 18.10726500302553 0
      vertex 3.5193300023674965 18.301255002617836 0
    endloop
  endfacet
  facet normal 0 0 -1
    outer loop
      vertex 1.2672687470912933 17.777034997940063 0
      vertex 1.1848850026726723 17.933545000851154 0
      vertex 3.5193300023674965 18.301255002617836 0
    endloop
  endfacet
  facet normal 0 0 -1
    outer loop
      vertex 1.3679599985480309 17.63773500174284 0
      vertex 1.2672687470912933 17.777034997940063 0
      vertex 3.5193300023674965 18.301255002617836 0
    endloop
  endfacet
  facet normal 0 0 -1
    outer loop
      vertex 1.4854487478733063 17.51791749894619 0
      vertex 1.3679599985480309 17.63773500174284 0
      vertex 3.5193300023674965 18.301255002617836 0
    endloop
  endfacet
  facet normal 0 0 -1
    outer loop
      vertex 1.047578752040863 18.506334997713566 0
      vertex 3.546795003116131 18.508120000362396 0
      vertex 3.5193300023674965 18.301255002617836 0
    endloop
  endfacet
  facet normal 0 0 -1
    outer loop
      vertex 3.5193300023674965 18.301255002617836 0
      vertex 3.4735549986362457 18.11108999699354 0
      vertex 1.4854487478733063 17.51791749894619 0
    endloop
  endfacet
  facet normal 0 0 -1
    outer loop
      vertex 3.4735549986362457 18.11108999699354 0
      vertex 3.409469999372959 17.937624998390675 0
      vertex 1.4854487478733063 17.51791749894619 0
    endloop
  endfacet
  facet normal 0 0 -1
    outer loop
      vertex 1.4854487478733063 17.51791749894619 0
      vertex 3.409469999372959 17.937624998390675 0
      vertex 1.6181949973106384 17.419885002076626 0
    endloop
  endfacet
  facet normal 0 0 -1
    outer loop
      vertex 1.7661987468600273 17.343637503683567 0
      vertex 1.6181949973106384 17.419885002076626 0
      vertex 3.409469999372959 17.937624998390675 0
    endloop
  endfacet
  facet normal 0 0 -1
    outer loop
      vertex 1.929459996521473 17.289174996316433 0
      vertex 1.7661987468600273 17.343637503683567 0
      vertex 3.409469999372959 17.937624998390675 0
    endloop
  endfacet
  facet normal 0 0 -1
    outer loop
      vertex 2.1079787462949753 17.256497502326965 0
      vertex 1.929459996521473 17.289174996316433 0
      vertex 3.409469999372959 17.937624998390675 0
    endloop
  endfacet
  facet normal 0 0 -1
    outer loop
      vertex 2.301755003631115 17.245604999363422 0
      vertex 2.1079787462949753 17.256497502326965 0
      vertex 3.409469999372959 17.937624998390675 0
    endloop
  endfacet
  facet normal 0 0 -1
    outer loop
      vertex 2.4927262514829636 17.256582498550415 0
      vertex 2.301755003631115 17.245604999363422 0
      vertex 3.327074997127056 17.780859999358654 0
    endloop
  endfacet
  facet normal 0 0 -1
    outer loop
      vertex 2.6689499989151955 17.289515003561974 0
      vertex 2.4927262514829636 17.256582498550415 0
      vertex 3.2263699993491173 17.64079499989748 0
    endloop
  endfacet
  facet normal 0 0 -1
    outer loop
      vertex 3.409469999372959 17.937624998390675 0
      vertex 3.327074997127056 17.780859999358654 0
      vertex 2.301755003631115 17.245604999363422 0
    endloop
  endfacet
  facet normal 0 0 -1
    outer loop
      vertex 3.327074997127056 17.780859999358654 0
      vertex 3.2263699993491173 17.64079499989748 0
      vertex 2.4927262514829636 17.256582498550415 0
    endloop
  endfacet
  facet normal 0 0 -1
    outer loop
      vertex 3.2263699993491173 17.64079499989748 0
      vertex 3.109136253595352 17.52004250138998 0
      vertex 2.6689499989151955 17.289515003561974 0
    endloop
  endfacet
  facet normal 0 0 -1
    outer loop
      vertex 3.109136253595352 17.52004250138998 0
      vertex 2.9771549999713898 17.421245001256466 0
      vertex 2.8304262533783913 17.344402499496937 0
    endloop
  endfacet
  facet normal 0 0 -1
    outer loop
      vertex 2.8304262533783913 17.344402499496937 0
      vertex 2.6689499989151955 17.289515003561974 0
      vertex 3.109136253595352 17.52004250138998 0
    endloop
  endfacet
  facet normal 0 0 -1
    outer loop
      vertex -0.5424249991774559 16.601700000464916 0
      vertex 1.670084998011589 16.602044999599457 0
      vertex 3.2724300026893616 10.67264000326395 0
    endloop
  endfacet
  facet normal 0 0 -1
    outer loop
      vertex 3.2724300026893616 10.67264000326395 0
      vertex 1.670084998011589 16.602044999599457 0
      vertex 1.9734599962830544 16.553726248443127 0
    endloop
  endfacet
  facet normal 0 0 -1
    outer loop
      vertex 3.2724300026893616 10.67264000326395 0
      vertex 1.9734599962830544 16.553726248443127 0
      vertex 2.301755003631115 16.53762000054121 0
    endloop
  endfacet
  facet normal 0 0 -1
    outer loop
      vertex 3.2724300026893616 10.67264000326395 0
      vertex 2.301755003631115 16.53762000054121 0
      vertex 2.6300912499427795 16.553894996643066 0
    endloop
  endfacet
  facet normal 0 0 -1
    outer loop
      vertex 3.2724300026893616 10.67264000326395 0
      vertex 3.212251253426075 16.68409500271082 0
      vertex 3.4660750031471252 16.798019997775555 0
    endloop
  endfacet
  facet normal 0 0 -1
    outer loop
      vertex 3.2724300026893616 10.67264000326395 0
      vertex 2.6300912499427795 16.553894996643066 0
      vertex 2.9335900023579597 16.602719999849796 0
    endloop
  endfacet
  facet normal 0 0 -1
    outer loop
      vertex 3.2724300026893616 10.67264000326395 0
      vertex 2.9335900023579597 16.602719999849796 0
      vertex 3.212251253426075 16.68409500271082 0
    endloop
  endfacet
  facet normal 0 0 1
    outer loop
      vertex -26.400000000000002 20.75 2.2
      vertex 21.597886967409693 15.618033988749895 2.2
      vertex 21.717986951623264 15.907980999479093 2.2
    endloop
  endfacet
  facet normal 0 0 1
    outer loop
      vertex -26.400000000000002 20.75 2.2
      vertex 21.524623318809724 15.312868930080462 2.2
      vertex 21.597886967409693 15.618033988749895 2.2
    endloop
  endfacet
  facet normal 0 0 1
    outer loop
      vertex -26.400000000000002 20.75 2.2
      vertex 21.5 15 2.2
      vertex 21.524623318809724 15.312868930080462 2.2
    endloop
  endfacet
  facet normal 0 0 1
    outer loop
      vertex -26.400000000000002 20.75 2.2
      vertex 21.524623318809724 14.687131069919538 2.2
      vertex 21.5 15 2.2
    endloop
  endfacet
  facet normal 0 0 1
    outer loop
      vertex -26.400000000000002 20.75 2.2
      vertex 22.085786437626904 16.414213562373096 2.2
      vertex 22.324429495415053 16.618033988749893 2.2
    endloop
  endfacet
  facet normal 0 0 1
    outer loop
      vertex -26.400000000000002 20.75 2.2
      vertex 21.717986951623264 15.907980999479093 2.2
      vertex 21.881966011250107 16.175570504584947 2.2
    endloop
  endfacet
  facet normal 0 0 1
    outer loop
      vertex -26.400000000000002 20.75 2.2
      vertex 21.881966011250107 16.175570504584947 2.2
      vertex 22.085786437626904 16.414213562373096 2.2
    endloop
  endfacet
  facet normal 0 0 -1
    outer loop
      vertex 4.467069998383522 18.950977496802807 0
      vertex 5.155249997973442 16.601700000464916 0
      vertex 4.474445000290871 18.731684997677803 0
    endloop
  endfacet
  facet normal 0 0 -1
    outer loop
      vertex 4.474445000290871 18.731684997677803 0
      vertex 5.155249997973442 16.601700000464916 0
      vertex 4.458466246724129 18.403051249682903 0
    endloop
  endfacet
  facet normal 0 0 -1
    outer loop
      vertex 4.458466246724129 18.403051249682903 0
      vertex 5.155249997973442 16.601700000464916 0
      vertex 4.410530000925064 18.098659999668598 0
    endloop
  endfacet
  facet normal 0 0 -1
    outer loop
      vertex 4.410530000925064 18.098659999668598 0
      vertex 5.155249997973442 16.601700000464916 0
      vertex 4.330636247992516 17.818511247634888 0
    endloop
  endfacet
  facet normal 0 0 -1
    outer loop
      vertex 4.074976250529289 17.330941252410412 0
      vertex 5.155249997973442 16.601700000464916 0
      vertex 3.899209998548031 17.123520001769066 0
    endloop
  endfacet
  facet normal 0 0 -1
    outer loop
      vertex 4.218785002827644 17.562605001032352 0
      vertex 5.155249997973442 16.601700000464916 0
      vertex 4.074976250529289 17.330941252410412 0
    endloop
  endfacet
  facet normal 0 0 -1
    outer loop
      vertex 4.330636247992516 17.818511247634888 0
      vertex 5.155249997973442 16.601700000464916 0
      vertex 4.218785002827644 17.562605001032352 0
    endloop
  endfacet
  facet normal 0 0 -1
    outer loop
      vertex 3.899209998548031 17.123520001769066 0
      vertex 5.155249997973442 16.601700000464916 0
      vertex 3.6950612515211105 16.944494999945164 0
    endloop
  endfacet
  facet normal 0 0 -1
    outer loop
      vertex 3.6950612515211105 16.944494999945164 0
      vertex 5.155249997973442 16.601700000464916 0
      vertex 3.4660750031471252 16.798019997775555 0
    endloop
  endfacet
  facet normal 0 0 -1
    outer loop
      vertex 6.183634996414185 16.601700000464916 0
      vertex 8.043574996292591 19.49992500245571 0
      vertex 8.035949997603893 19.36235500127077 0
    endloop
  endfacet
  facet normal 0 0 -1
    outer loop
      vertex 6.183634996414185 16.601700000464916 0
      vertex 8.035949997603893 19.36235500127077 0
      vertex 8.031374998390675 19.22936499863863 0
    endloop
  endfacet
  facet normal 0 0 -1
    outer loop
      vertex 6.183634996414185 16.601700000464916 0
      vertex 8.031374998390675 19.22936499863863 0
      vertex 8.029849998652935 19.10095500200987 0
    endloop
  endfacet
  facet normal 0 0 -1
    outer loop
      vertex 6.183634996414185 16.601700000464916 0
      vertex 8.029849998652935 19.10095500200987 0
      vertex 8.029849998652935 16.601700000464916 0
    endloop
  endfacet
  facet normal 0 0 -1
    outer loop
      vertex 3.2724300026893616 10.67264000326395 0
      vertex 3.4660750031471252 16.798019997775555 0
      vertex 5.155249997973442 16.601700000464916 0
    endloop
  endfacet
  facet normal 0 0 -1
    outer loop
      vertex 3.2724300026893616 10.67264000326395 0
      vertex 5.155249997973442 16.601700000464916 0
      vertex 6.183634996414185 16.601700000464916 0
    endloop
  endfacet
  facet normal 0 0 -1
    outer loop
      vertex 3.2724300026893616 10.67264000326395 0
      vertex 6.183634996414185 16.601700000464916 0
      vertex 8.029849998652935 16.601700000464916 0
    endloop
  endfacet
  facet normal 0 0 -1
    outer loop
      vertex 8.829365000128746 16.601700000464916 0
      vertex 3.2724300026893616 10.67264000326395 0
      vertex 8.029849998652935 16.601700000464916 0
    endloop
  endfacet
  facet normal 0 1 0
    outer loop
      vertex -30.400000000000002 24.75 2.2
      vertex 30.400000000000002 24.75 2.2
      vertex 30.400000000000002 24.75 0
    endloop
  endfacet
  facet normal 0 0 1
    outer loop
      vertex -28.000000000000004 22.35 2.2
      vertex 28.000000000000004 22.35 2.2
      vertex 30.400000000000002 24.75 2.2
    endloop
  endfacet
  facet normal 0 0 -1
    outer loop
      vertex 30.400000000000002 24.75 0
      vertex 5.954764999449253 20.901359997689724 0
      vertex 5.155249997973442 20.901359997689724 0
    endloop
  endfacet
  facet normal 0 0 -1
    outer loop
      vertex 30.400000000000002 24.75 0
      vertex 7.773484997451305 20.901359997689724 0
      vertex 5.954764999449253 20.901359997689724 0
    endloop
  endfacet
  facet normal 0 0 -1
    outer loop
      vertex 30.400000000000002 24.75 0
      vertex 3.2724300026893616 7.226340003311634 0
      vertex 8.829365000128746 16.601700000464916 0
    endloop
  endfacet
  facet normal 0 0 1
    outer loop
      vertex -26.400000000000002 20.75 2.2
      vertex 13.878679656440358 -1.8786796564403572 2.2
      vertex 21.524623318809724 14.687131069919538 2.2
    endloop
  endfacet
  facet normal 0 0 -1
    outer loop
      vertex 8.829365000128746 16.601700000464916 0
      vertex 3.2724300026893616 7.226340003311634 0
      vertex 3.2724300026893616 10.67264000326395 0
    endloop
  endfacet
  facet normal 0 0 1
    outer loop
      vertex -26.400000000000002 20.75 2.2
      vertex 13.572949016875157 -2.236644243122581 2.2
      vertex 13.878679656440358 -1.8786796564403572 2.2
    endloop
  endfacet
  facet normal 0 0 1
    outer loop
      vertex -26.400000000000002 20.75 2.2
      vertex 13.326980427434897 -2.6380285007813598 2.2
      vertex 13.572949016875157 -2.236644243122581 2.2
    endloop
  endfacet
  facet normal 0 0 1
    outer loop
      vertex -26.400000000000002 20.75 2.2
      vertex 13.146830451114539 -3.0729490168751576 2.2
      vertex 13.326980427434897 -2.6380285007813598 2.2
    endloop
  endfacet
  facet normal 0 0 1
    outer loop
      vertex -26.400000000000002 20.75 2.2
      vertex 13.326980427434897 -5.36197149921864 2.2
      vertex 13.146830451114539 -4.927050983124842 2.2
    endloop
  endfacet
  facet normal 0 0 1
    outer loop
      vertex -26.400000000000002 20.75 2.2
      vertex 13.572949016875157 -5.763355756877419 2.2
      vertex 13.326980427434897 -5.36197149921864 2.2
    endloop
  endfacet
  facet normal 0 0 -1
    outer loop
      vertex -1.519726112484932 2.297026112675667 0
      vertex 3.2724300026893616 7.226340003311634 0
      vertex -1.1511100009083748 2.004859998822212 0
    endloop
  endfacet
  facet normal 0 0 -1
    outer loop
      vertex -1.1511100009083748 2.004859998822212 0
      vertex 3.2724300026893616 7.226340003311634 0
      vertex -0.7862216681241989 1.7079333364963531 0
    endloop
  endfacet
  facet normal 0 0 -1
    outer loop
      vertex -0.7862216681241989 1.7079333364963531 0
      vertex 3.2724300026893616 7.226340003311634 0
      vertex -0.4325166642665863 1.4039666652679443 0
    endloop
  endfacet
  facet normal 0 0 -1
    outer loop
      vertex -0.4325166642665863 1.4039666652679443 0
      vertex 3.2724300026893616 7.226340003311634 0
      vertex -0.08999499678611755 1.092960000038147 0
    endloop
  endfacet
  facet normal 0 0 1
    outer loop
      vertex -26.400000000000002 20.75 2.2
      vertex 13.878679656440358 -6.121320343559643 2.2
      vertex 13.572949016875157 -5.763355756877419 2.2
    endloop
  endfacet
  facet normal 0 0 1
    outer loop
      vertex -26.400000000000002 20.75 2.2
      vertex 14.23664424312258 -6.427050983124842 2.2
      vertex 13.878679656440358 -6.121320343559643 2.2
    endloop
  endfacet
  facet normal 0 0 -1
    outer loop
      vertex -0.08999499678611755 1.092960000038147 0
      vertex 3.2724300026893616 7.226340003311634 0
      vertex 0.24134333431720734 0.7749133333563805 0
    endloop
  endfacet
  facet normal 0 0 -1
    outer loop
      vertex 0.24134333431720734 0.7749133333563805 0
      vertex 15.072949016875159 -1.1468304511145395 0
      vertex 0.561498336493969 0.4498266652226448 0
    endloop
  endfacet
  facet normal 0 0 -1
    outer loop
      vertex 30.400000000000002 24.75 0
      vertex 0.24134333431720734 0.7749133333563805 0
      vertex 3.2724300026893616 7.226340003311634 0
    endloop
  endfacet
  facet normal 0 0 -1
    outer loop
      vertex 30.400000000000002 24.75 0
      vertex 8.829365000128746 20.901359997689724 0
      vertex 7.773484997451305 20.901359997689724 0
    endloop
  endfacet
  facet normal 0 0 -1
    outer loop
      vertex 30.400000000000002 24.75 0
      vertex 8.829365000128746 16.601700000464916 0
      vertex 8.829365000128746 20.901359997689724 0
    endloop
  endfacet
  facet normal 0 0 1
    outer loop
      vertex 26.400000000000002 20.75 2.2
      vertex 22.881966011250107 16.902113032590307 2.2
      vertex 23.187131069919538 16.975376681190276 2.2
    endloop
  endfacet
  facet normal 0 0 1
    outer loop
      vertex 22.324429495415053 16.618033988749893 2.2
      vertex 22.592019000520907 16.782013048376736 2.2
      vertex 26.400000000000002 20.75 2.2
    endloop
  endfacet
  facet normal 0 0 1
    outer loop
      vertex 22.592019000520907 16.782013048376736 2.2
      vertex 22.881966011250107 16.902113032590307 2.2
      vertex 26.400000000000002 20.75 2.2
    endloop
  endfacet
  facet normal 0 0 1
    outer loop
      vertex 26.400000000000002 20.75 2.2
      vertex 23.187131069919538 16.975376681190276 2.2
      vertex 23.5 17 2.2
    endloop
  endfacet
  facet normal 0 0 1
    outer loop
      vertex 26.400000000000002 20.75 2.2
      vertex 23.5 17 2.2
      vertex 23.812868930080462 16.975376681190276 2.2
    endloop
  endfacet
  facet normal 0 0 1
    outer loop
      vertex 26.400000000000002 20.75 2.2
      vertex 23.812868930080462 16.975376681190276 2.2
      vertex 24.118033988749893 16.902113032590307 2.2
    endloop
  endfacet
  facet normal 0 0 1
    outer loop
      vertex 26.400000000000002 20.75 2.2
      vertex 24.118033988749893 16.902113032590307 2.2
      vertex 24.407980999479093 16.782013048376736 2.2
    endloop
  endfacet
  facet normal 0 0 1
    outer loop
      vertex 26.400000000000002 20.75 2.2
      vertex 24.407980999479093 16.782013048376736 2.2
      vertex 24.675570504584947 16.618033988749893 2.2
    endloop
  endfacet
  facet normal 0 0 1
    outer loop
      vertex 26.400000000000002 20.75 2.2
      vertex 24.675570504584947 16.618033988749893 2.2
      vertex 24.914213562373096 16.414213562373096 2.2
    endloop
  endfacet
  facet normal 0 0 1
    outer loop
      vertex 26.400000000000002 20.75 2.2
      vertex 24.914213562373096 16.414213562373096 2.2
      vertex 25.118033988749893 16.175570504584947 2.2
    endloop
  endfacet
  facet normal 0 0 1
    outer loop
      vertex 26.400000000000002 20.75 2.2
      vertex 25.118033988749893 16.175570504584947 2.2
      vertex 25.282013048376736 15.907980999479093 2.2
    endloop
  endfacet
  facet normal 0 0 1
    outer loop
      vertex 26.400000000000002 20.75 2.2
      vertex 25.282013048376736 15.907980999479093 2.2
      vertex 25.402113032590307 15.618033988749895 2.2
    endloop
  endfacet
  facet normal 0 0 1
    outer loop
      vertex 26.400000000000002 20.75 2.2
      vertex 25.402113032590307 15.618033988749895 2.2
      vertex 25.475376681190276 15.312868930080462 2.2
    endloop
  endfacet
  facet normal 0 0 1
    outer loop
      vertex 26.400000000000002 20.75 2.2
      vertex 25.475376681190276 15.312868930080462 2.2
      vertex 25.5 15 2.2
    endloop
  endfacet
  facet normal 0 0 -1
    outer loop
      vertex 30.400000000000002 24.75 0
      vertex 16 -1 0
      vertex 0.24134333431720734 0.7749133333563805 0
    endloop
  endfacet
  facet normal 0 0 -1
    outer loop
      vertex 30.400000000000002 24.75 0
      vertex 16.469303395120694 -1.0369349782145867 0
      vertex 16 -1 0
    endloop
  endfacet
  facet normal 0 0 -1
    outer loop
      vertex 30.400000000000002 24.75 0
      vertex 16.927050983124843 -1.1468304511145395 0
      vertex 16.469303395120694 -1.0369349782145867 0
    endloop
  endfacet
  facet normal 0 0 -1
    outer loop
      vertex 30.400000000000002 24.75 0
      vertex 17.36197149921864 -1.3269804274348962 0
      vertex 16.927050983124843 -1.1468304511145395 0
    endloop
  endfacet
  facet normal 0 0 -1
    outer loop
      vertex 30.400000000000002 24.75 0
      vertex 17.76335575687742 -1.5729490168751576 0
      vertex 17.36197149921864 -1.3269804274348962 0
    endloop
  endfacet
  facet normal 0 0 -1
    outer loop
      vertex 30.400000000000002 24.75 0
      vertex 18.121320343559642 -1.8786796564403572 0
      vertex 17.76335575687742 -1.5729490168751576 0
    endloop
  endfacet
  facet normal 0 0 -1
    outer loop
      vertex 30.400000000000002 24.75 0
      vertex 18.427050983124843 -2.236644243122581 0
      vertex 18.121320343559642 -1.8786796564403572 0
    endloop
  endfacet
  facet normal 0 0 -1
    outer loop
      vertex 30.400000000000002 24.75 0
      vertex 18.673019572565103 -2.6380285007813598 0
      vertex 18.427050983124843 -2.236644243122581 0
    endloop
  endfacet
  facet normal 0 0 -1
    outer loop
      vertex 30.400000000000002 24.75 0
      vertex 18.85316954888546 -3.0729490168751576 0
      vertex 18.673019572565103 -2.6380285007813598 0
    endloop
  endfacet
  facet normal 0 0 1
    outer loop
      vertex 21.524623318809724 14.687131069919538 2.2
      vertex 14.23664424312258 -1.5729490168751576 2.2
      vertex 14.63802850078136 -1.3269804274348962 2.2
    endloop
  endfacet
  facet normal 0 0 1
    outer loop
      vertex 21.524623318809724 14.687131069919538 2.2
      vertex 14.63802850078136 -1.3269804274348962 2.2
      vertex 15.072949016875159 -1.1468304511145395 2.2
    endloop
  endfacet
  facet normal 0 0 1
    outer loop
      vertex 21.524623318809724 14.687131069919538 2.2
      vertex 13.878679656440358 -1.8786796564403572 2.2
      vertex 14.23664424312258 -1.5729490168751576 2.2
    endloop
  endfacet
  facet normal 0 0 1
    outer loop
      vertex 21.524623318809724 14.687131069919538 2.2
      vertex 15.072949016875159 -1.1468304511145395 2.2
      vertex 15.530696604879306 -1.0369349782145867 2.2
    endloop
  endfacet
  facet normal 0 0 1
    outer loop
      vertex 21.524623318809724 14.687131069919538 2.2
      vertex 15.530696604879306 -1.0369349782145867 2.2
      vertex 16 -1 2.2
    endloop
  endfacet
  facet normal 0 0 1
    outer loop
      vertex 21.524623318809724 14.687131069919538 2.2
      vertex 16 -1 2.2
      vertex 16.469303395120694 -1.0369349782145867 2.2
    endloop
  endfacet
  facet normal 0 0 1
    outer loop
      vertex 21.524623318809724 14.687131069919538 2.2
      vertex 16.469303395120694 -1.0369349782145867 2.2
      vertex 16.927050983124843 -1.1468304511145395 2.2
    endloop
  endfacet
  facet normal 0 0 1
    outer loop
      vertex 21.524623318809724 14.687131069919538 2.2
      vertex 16.927050983124843 -1.1468304511145395 2.2
      vertex 17.36197149921864 -1.3269804274348962 2.2
    endloop
  endfacet
  facet normal 0 0 1
    outer loop
      vertex 21.524623318809724 14.687131069919538 2.2
      vertex 17.36197149921864 -1.3269804274348962 2.2
      vertex 17.76335575687742 -1.5729490168751576 2.2
    endloop
  endfacet
  facet normal 0 0 1
    outer loop
      vertex 21.524623318809724 14.687131069919538 2.2
      vertex 17.76335575687742 -1.5729490168751576 2.2
      vertex 18.121320343559642 -1.8786796564403572 2.2
    endloop
  endfacet
  facet normal 0 0 1
    outer loop
      vertex 21.524623318809724 14.687131069919538 2.2
      vertex 18.121320343559642 -1.8786796564403572 2.2
      vertex 18.427050983124843 -2.236644243122581 2.2
    endloop
  endfacet
  facet normal 0 0 1
    outer loop
      vertex 21.524623318809724 14.687131069919538 2.2
      vertex 18.427050983124843 -2.236644243122581 2.2
      vertex 18.673019572565103 -2.6380285007813598 2.2
    endloop
  endfacet
  facet normal 0 0 1
    outer loop
      vertex 21.524623318809724 14.687131069919538 2.2
      vertex 21.524623318809724 -14.687131069919538 2.2
      vertex 21.597886967409693 14.381966011250105 2.2
    endloop
  endfacet
  facet normal 0 0 1
    outer loop
      vertex 21.597886967409693 14.381966011250105 2.2
      vertex 21.597886967409693 -14.381966011250105 2.2
      vertex 21.717986951623264 14.092019000520907 2.2
    endloop
  endfacet
  facet normal 0 0 1
    outer loop
      vertex 21.717986951623264 14.092019000520907 2.2
      vertex 21.717986951623264 -14.092019000520907 2.2
      vertex 21.881966011250107 13.824429495415053 2.2
    endloop
  endfacet
  facet normal 0 0 1
    outer loop
      vertex 21.881966011250107 13.824429495415053 2.2
      vertex 21.881966011250107 -13.824429495415053 2.2
      vertex 22.085786437626904 13.585786437626904 2.2
    endloop
  endfacet
  facet normal 0 0 1
    outer loop
      vertex 22.085786437626904 13.585786437626904 2.2
      vertex 22.085786437626904 -13.585786437626904 2.2
      vertex 22.324429495415053 13.381966011250105 2.2
    endloop
  endfacet
  facet normal 0 0 1
    outer loop
      vertex 22.324429495415053 13.381966011250105 2.2
      vertex 22.324429495415053 -13.381966011250105 2.2
      vertex 22.592019000520907 13.217986951623264 2.2
    endloop
  endfacet
  facet normal 0 0 1
    outer loop
      vertex 22.592019000520907 13.217986951623264 2.2
      vertex 22.592019000520907 -13.217986951623264 2.2
      vertex 22.881966011250107 13.097886967409693 2.2
    endloop
  endfacet
  facet normal 0 0 -1
    outer loop
      vertex 30.400000000000002 24.75 0
      vertex 18.963065021785415 -3.5306966048793074 0
      vertex 18.85316954888546 -3.0729490168751576 0
    endloop
  endfacet
  facet normal 0 0 -1
    outer loop
      vertex 30.400000000000002 24.75 0
      vertex 19 -4 0
      vertex 18.963065021785415 -3.5306966048793074 0
    endloop
  endfacet
  facet normal 0 0 1
    outer loop
      vertex 21.524623318809724 14.687131069919538 2.2
      vertex 18.673019572565103 -2.6380285007813598 2.2
      vertex 18.85316954888546 -3.0729490168751576 2.2
    endloop
  endfacet
  facet normal 0 0 1
    outer loop
      vertex 21.524623318809724 14.687131069919538 2.2
      vertex 18.85316954888546 -3.0729490168751576 2.2
      vertex 18.963065021785415 -3.5306966048793074 2.2
    endloop
  endfacet
  facet normal 0 0 1
    outer loop
      vertex 26.400000000000002 20.75 2.2
      vertex 25.5 15 2.2
      vertex 25.5 -15 2.2
    endloop
  endfacet
  facet normal 0 0 1
    outer loop
      vertex 28.000000000000004 22.35 2.2
      vertex 28.000000000000004 -22.35 2.2
      vertex 30.400000000000002 24.75 2.2
    endloop
  endfacet
  facet normal 1 0 0
    outer loop
      vertex 30.400000000000002 24.75 2.2
      vertex 30.400000000000002 -24.75 2.2
      vertex 30.400000000000002 24.75 0
    endloop
  endfacet
  facet normal 0 0 1
    outer loop
      vertex 22.881966011250107 13.097886967409693 2.2
      vertex 22.881966011250107 -13.097886967409693 2.2
      vertex 23.187131069919538 13.024623318809724 2.2
    endloop
  endfacet
  facet normal 0 0 1
    outer loop
      vertex 23.187131069919538 13.024623318809724 2.2
      vertex 23.187131069919538 -13.024623318809724 2.2
      vertex 23.5 13 2.2
    endloop
  endfacet
  facet normal 0 0 1
    outer loop
      vertex 23.5 13 2.2
      vertex 23.5 -13 2.2
      vertex 23.812868930080462 13.024623318809724 2.2
    endloop
  endfacet
  facet normal 0 0 1
    outer loop
      vertex 23.812868930080462 13.024623318809724 2.2
      vertex 23.812868930080462 -13.024623318809724 2.2
      vertex 24.118033988749893 13.097886967409693 2.2
    endloop
  endfacet
  facet normal 0 0 1
    outer loop
      vertex 24.407980999479093 13.217986951623264 2.2
      vertex 24.118033988749893 13.097886967409693 2.2
      vertex 24.118033988749893 -13.097886967409693 2.2
    endloop
  endfacet
  facet normal 0 0 1
    outer loop
      vertex 24.407980999479093 13.217986951623264 2.2
      vertex 24.407980999479093 -13.217986951623264 2.2
      vertex 24.675570504584947 13.381966011250105 2.2
    endloop
  endfacet
  facet normal 0 0 1
    outer loop
      vertex 25.282013048376736 14.092019000520907 2.2
      vertex 25.118033988749893 13.824429495415053 2.2
      vertex 25.118033988749893 -13.824429495415053 2.2
    endloop
  endfacet
  facet normal 0 0 1
    outer loop
      vertex 25.402113032590307 14.381966011250105 2.2
      vertex 25.282013048376736 14.092019000520907 2.2
      vertex 25.282013048376736 -14.092019000520907 2.2
    endloop
  endfacet
  facet normal 0 0 1
    outer loop
      vertex 25.5 15 2.2
      vertex 25.475376681190276 14.687131069919538 2.2
      vertex 25.475376681190276 -14.687131069919538 2.2
    endloop
  endfacet
  facet normal 0 0 1
    outer loop
      vertex 25.402113032590307 14.381966011250105 2.2
      vertex 25.402113032590307 -14.381966011250105 2.2
      vertex 25.475376681190276 14.687131069919538 2.2
    endloop
  endfacet
  facet normal 0 0 1
    outer loop
      vertex 24.675570504584947 13.381966011250105 2.2
      vertex 24.675570504584947 -13.381966011250105 2.2
      vertex 24.914213562373096 13.585786437626904 2.2
    endloop
  endfacet
  facet normal 0 0 1
    outer loop
      vertex 24.914213562373096 13.585786437626904 2.2
      vertex 24.914213562373096 -13.585786437626904 2.2
      vertex 25.118033988749893 13.824429495415053 2.2
    endloop
  endfacet
  facet normal 0 0 1
    outer loop
      vertex -26.400000000000002 20.75 2.2
      vertex 21.524623318809724 -14.687131069919538 2.2
      vertex 14.23664424312258 -6.427050983124842 2.2
    endloop
  endfacet
  facet normal 0 0 1
    outer loop
      vertex -26.400000000000002 20.75 2.2
      vertex 21.5 -15 2.2
      vertex 21.524623318809724 -14.687131069919538 2.2
    endloop
  endfacet
  facet normal 0 0 -1
    outer loop
      vertex 0.561498336493969 0.4498266652226448 0
      vertex 15.072949016875159 -1.1468304511145395 0
      vertex 0.8704700022935867 0.1177000030875206 0
    endloop
  endfacet
  facet normal 0 0 -1
    outer loop
      vertex 14.63802850078136 -1.3269804274348962 0
      vertex 1.1647261083126068 -0.2231961116194725 0
      vertex 0.8704700022935867 0.1177000030875206 0
    endloop
  endfacet
  facet normal 0 0 -1
    outer loop
      vertex 1.1647261083126068 -0.2231961116194725 0
      vertex 14.23664424312258 -1.5729490168751576 0
      vertex 1.4407344460487366 -0.574444442987442 0
    endloop
  endfacet
  facet normal 0 0 -1
    outer loop
      vertex 14.23664424312258 -1.5729490168751576 0
      vertex 1.6984950006008148 -0.9360449984669685 0
      vertex 1.4407344460487366 -0.574444442987442 0
    endloop
  endfacet
  facet normal 0 0 -1
    outer loop
      vertex 1.6984950006008148 -0.9360449984669685 0
      vertex 13.878679656440358 -1.8786796564403572 0
      vertex 1.9380077794194221 -1.307997778058052 0
    endloop
  endfacet
  facet normal 0 0 -1
    outer loop
      vertex 13.572949016875157 -2.236644243122581 0
      vertex 2.159272775053978 -1.690302774310112 0
      vertex 1.9380077794194221 -1.307997778058052 0
    endloop
  endfacet
  facet normal 0 0 -1
    outer loop
      vertex 2.159272775053978 -1.690302774310112 0
      vertex 13.572949016875157 -2.236644243122581 0
      vertex 2.3622900024056435 -2.0829600021243095 0
    endloop
  endfacet
  facet normal 0 0 -1
    outer loop
      vertex 13.326980427434897 -2.6380285007813598 0
      vertex 2.540092781186104 -2.4886644408106804 0
      vertex 2.3622900024056435 -2.0829600021243095 0
    endloop
  endfacet
  facet normal 0 0 -1
    outer loop
      vertex 13.146830451114539 -3.0729490168751576 0
      vertex 2.685567781329155 -2.910111114382744 0
      vertex 2.540092781186104 -2.4886644408106804 0
    endloop
  endfacet
  facet normal 0 0 1
    outer loop
      vertex -26.400000000000002 20.75 2.2
      vertex 21.524623318809724 -15.312868930080462 2.2
      vertex 21.5 -15 2.2
    endloop
  endfacet
  facet normal 0 0 1
    outer loop
      vertex -26.400000000000002 20.75 2.2
      vertex 21.597886967409693 -15.618033988749895 2.2
      vertex 21.524623318809724 -15.312868930080462 2.2
    endloop
  endfacet
  facet normal 0 0 1
    outer loop
      vertex -26.400000000000002 20.75 2.2
      vertex 21.717986951623264 -15.907980999479093 2.2
      vertex 21.597886967409693 -15.618033988749895 2.2
    endloop
  endfacet
  facet normal 0 0 1
    outer loop
      vertex -26.400000000000002 20.75 2.2
      vertex 21.881966011250107 -16.175570504584947 2.2
      vertex 21.717986951623264 -15.907980999479093 2.2
    endloop
  endfacet
  facet normal 0 0 1
    outer loop
      vertex -26.400000000000002 20.75 2.2
      vertex 25.48686868686869 -20.75 2.2
      vertex 21.881966011250107 -16.175570504584947 2.2
    endloop
  endfacet
  facet normal 0 0 -1
    outer loop
      vertex 2.685567781329155 -2.910111114382744 0
      vertex 13.146830451114539 -3.0729490168751576 0
      vertex 2.798715002834797 -3.347300000488758 0
    endloop
  endfacet
  facet normal 0 0 -1
    outer loop
      vertex 2.798715002834797 -3.347300000488758 0
      vertex 13.036934978214587 -3.5306966048793074 0
      vertex 2.8795344457030296 -3.8002311140298843 0
    endloop
  endfacet
  facet normal 0 0 -1
    outer loop
      vertex 13 -4 0
      vertex 2.928026109933853 -4.268904447555542 0
      vertex 2.8795344457030296 -3.8002311140298843 0
    endloop
  endfacet
  facet normal 0 0 -1
    outer loop
      vertex 2.928026109933853 -4.268904447555542 0
      vertex 13 -4 0
      vertex 2.944190002977848 -4.753320001065731 0
    endloop
  endfacet
  facet normal 0 0 -1
    outer loop
      vertex 2.944190002977848 -4.753320001065731 0
      vertex 13.036934978214587 -4.469303395120693 0
      vertex 2.8936327770352364 -5.653431668877602 0
    endloop
  endfacet
  facet normal 0 0 -1
    outer loop
      vertex 2.8936327770352364 -5.653431668877602 0
      vertex 13.146830451114539 -4.927050983124842 0
      vertex 2.7419611141085625 -6.483913332223892 0
    endloop
  endfacet
  facet normal 0 0 -1
    outer loop
      vertex -0.264974445104599 -9.971573330461979 0
      vertex 16 -7 0
      vertex -1.0913249999284744 -10.273285001516342 0
    endloop
  endfacet
  facet normal 0 0 -1
    outer loop
      vertex 0.4735105559229851 -9.583658330142498 0
      vertex 16 -7 0
      vertex -0.264974445104599 -9.971573330461979 0
    endloop
  endfacet
  facet normal 0 0 -1
    outer loop
      vertex 13.572949016875157 -5.763355756877419 0
      vertex 2.489174999296665 -7.244764998555183 0
      vertex 2.7419611141085625 -6.483913332223892 0
    endloop
  endfacet
  facet normal 0 0 -1
    outer loop
      vertex 13.878679656440358 -6.121320343559643 0
      vertex 2.1352744475007057 -7.935986667871475 0
      vertex 2.489174999296665 -7.244764998555183 0
    endloop
  endfacet
  facet normal 0 0 -1
    outer loop
      vertex 2.1352744475007057 -7.935986667871475 0
      vertex 14.63802850078136 -6.673019572565104 0
      vertex 1.6802594438195229 -8.557578332722187 0
    endloop
  endfacet
  facet normal 0 0 -1
    outer loop
      vertex 1.6802594438195229 -8.557578332722187 0
      vertex 15.530696604879306 -6.963065021785413 0
      vertex 1.1241300031542778 -9.1095400005579 0
    endloop
  endfacet
  facet normal 0 0 -1
    outer loop
      vertex 1.1241300031542778 -9.1095400005579 0
      vertex 16 -7 0
      vertex 0.4735105559229851 -9.583658330142498 0
    endloop
  endfacet
  facet normal 0 0 -1
    outer loop
      vertex 0.24134333431720734 0.7749133333563805 0
      vertex 15.530696604879306 -1.0369349782145867 0
      vertex 15.072949016875159 -1.1468304511145395 0
    endloop
  endfacet
  facet normal 0 0 -1
    outer loop
      vertex 14.23664424312258 -1.5729490168751576 0
      vertex 13.878679656440358 -1.8786796564403572 0
      vertex 1.6984950006008148 -0.9360449984669685 0
    endloop
  endfacet
  facet normal 0 0 -1
    outer loop
      vertex 0.8704700022935867 0.1177000030875206 0
      vertex 15.072949016875159 -1.1468304511145395 0
      vertex 14.63802850078136 -1.3269804274348962 0
    endloop
  endfacet
  facet normal 0 0 -1
    outer loop
      vertex 14.63802850078136 -1.3269804274348962 0
      vertex 14.23664424312258 -1.5729490168751576 0
      vertex 1.1647261083126068 -0.2231961116194725 0
    endloop
  endfacet
  facet normal 0 0 -1
    outer loop
      vertex 0.24134333431720734 0.7749133333563805 0
      vertex 16 -1 0
      vertex 15.530696604879306 -1.0369349782145867 0
    endloop
  endfacet
  facet normal 0 0 -1
    outer loop
      vertex 13.572949016875157 -2.236644243122581 0
      vertex 1.9380077794194221 -1.307997778058052 0
      vertex 13.878679656440358 -1.8786796564403572 0
    endloop
  endfacet
  facet normal 0 0 -1
    outer loop
      vertex 13.326980427434897 -2.6380285007813598 0
      vertex 2.3622900024056435 -2.0829600021243095 0
      vertex 13.572949016875157 -2.236644243122581 0
    endloop
  endfacet
  facet normal 0 0 -1
    outer loop
      vertex 13.146830451114539 -3.0729490168751576 0
      vertex 2.540092781186104 -2.4886644408106804 0
      vertex 13.326980427434897 -2.6380285007813598 0
    endloop
  endfacet
  facet normal 0 0 -1
    outer loop
      vertex 13.036934978214587 -3.5306966048793074 0
      vertex 2.798715002834797 -3.347300000488758 0
      vertex 13.146830451114539 -3.0729490168751576 0
    endloop
  endfacet
  facet normal 0 0 -1
    outer loop
      vertex 13 -4 0
      vertex 2.8795344457030296 -3.8002311140298843 0
      vertex 13.036934978214587 -3.5306966048793074 0
    endloop
  endfacet
  facet normal 0 0 -1
    outer loop
      vertex 13.036934978214587 -4.469303395120693 0
      vertex 2.944190002977848 -4.753320001065731 0
      vertex 13 -4 0
    endloop
  endfacet
  facet normal 0 0 -1
    outer loop
      vertex 13.146830451114539 -4.927050983124842 0
      vertex 2.8936327770352364 -5.653431668877602 0
      vertex 13.036934978214587 -4.469303395120693 0
    endloop
  endfacet
  facet normal 0 0 -1
    outer loop
      vertex 13.326980427434897 -5.36197149921864 0
      vertex 2.7419611141085625 -6.483913332223892 0
      vertex 13.146830451114539 -4.927050983124842 0
    endloop
  endfacet
  facet normal 0 0 -1
    outer loop
      vertex 13.572949016875157 -5.763355756877419 0
      vertex 2.7419611141085625 -6.483913332223892 0
      vertex 13.326980427434897 -5.36197149921864 0
    endloop
  endfacet
  facet normal 0 0 -1
    outer loop
      vertex 13.878679656440358 -6.121320343559643 0
      vertex 2.489174999296665 -7.244764998555183 0
      vertex 13.572949016875157 -5.763355756877419 0
    endloop
  endfacet
  facet normal 0 0 -1
    outer loop
      vertex 13.878679656440358 -6.121320343559643 0
      vertex 14.23664424312258 -6.427050983124842 0
      vertex 2.1352744475007057 -7.935986667871475 0
    endloop
  endfacet
  facet normal 0 0 -1
    outer loop
      vertex 14.23664424312258 -6.427050983124842 0
      vertex 14.63802850078136 -6.673019572565104 0
      vertex 2.1352744475007057 -7.935986667871475 0
    endloop
  endfacet
  facet normal 0 0 -1
    outer loop
      vertex 14.63802850078136 -6.673019572565104 0
      vertex 15.072949016875159 -6.853169548885461 0
      vertex 1.6802594438195229 -8.557578332722187 0
    endloop
  endfacet
  facet normal 0 0 -1
    outer loop
      vertex 15.072949016875159 -6.853169548885461 0
      vertex 15.530696604879306 -6.963065021785413 0
      vertex 1.6802594438195229 -8.557578332722187 0
    endloop
  endfacet
  facet normal 0 0 -1
    outer loop
      vertex 1.1241300031542778 -9.1095400005579 0
      vertex 15.530696604879306 -6.963065021785413 0
      vertex 16 -7 0
    endloop
  endfacet
  facet normal 0 0 -1
    outer loop
      vertex 30.400000000000002 -24.75 0
      vertex -6.915275000035763 -10.277024999260902 0
      vertex -6.04938555508852 -10.4904555529356 0
    endloop
  endfacet
  facet normal 0 0 -1
    outer loop
      vertex 30.400000000000002 -24.75 0
      vertex -6.04938555508852 -10.4904555529356 0
      vertex -5.110150553286076 -10.618513889610767 0
    endloop
  endfacet
  facet normal 0 0 -1
    outer loop
      vertex 30.400000000000002 -24.75 0
      vertex -5.110150553286076 -10.618513889610767 0
      vertex -4.09757000207901 -10.661200001835823 0
    endloop
  endfacet
  facet normal 0 0 -1
    outer loop
      vertex 30.400000000000002 -24.75 0
      vertex -4.09757000207901 -10.661200001835823 0
      vertex -3.00762277841568 -10.618098333477974 0
    endloop
  endfacet
  facet normal 0 0 -1
    outer loop
      vertex 30.400000000000002 -24.75 0
      vertex -3.00762277841568 -10.618098333477974 0
      vertex -2.005541108548641 -10.488793335855007 0
    endloop
  endfacet
  facet normal 0 0 -1
    outer loop
      vertex 30.400000000000002 -24.75 0
      vertex -2.005541108548641 -10.488793335855007 0
      vertex -1.0913249999284744 -10.273285001516342 0
    endloop
  endfacet
  facet normal 0 0 -1
    outer loop
      vertex 30.400000000000002 -24.75 0
      vertex -1.0913249999284744 -10.273285001516342 0
      vertex 16 -7 0
    endloop
  endfacet
  facet normal 0 0 1
    outer loop
      vertex -30.400000000000002 -24.75 2.2
      vertex 30.400000000000002 -24.75 2.2
      vertex 28.000000000000004 -22.35 2.2
    endloop
  endfacet
  facet normal 0 -1 0
    outer loop
      vertex -30.400000000000002 -24.75 0
      vertex 30.400000000000002 -24.75 0
      vertex 30.400000000000002 -24.75 2.2
    endloop
  endfacet
  facet normal 0 0 1
    outer loop
      vertex 21.524623318809724 14.687131069919538 2.2
      vertex 18.963065021785415 -3.5306966048793074 2.2
      vertex 21.524623318809724 -14.687131069919538 2.2
    endloop
  endfacet
  facet normal 0 0 1
    outer loop
      vertex 22.085786437626904 13.585786437626904 2.2
      vertex 21.881966011250107 -13.824429495415053 2.2
      vertex 22.085786437626904 -13.585786437626904 2.2
    endloop
  endfacet
  facet normal 0 0 1
    outer loop
      vertex 22.324429495415053 13.381966011250105 2.2
      vertex 22.085786437626904 -13.585786437626904 2.2
      vertex 22.324429495415053 -13.381966011250105 2.2
    endloop
  endfacet
  facet normal 0 0 1
    outer loop
      vertex 22.592019000520907 13.217986951623264 2.2
      vertex 22.324429495415053 -13.381966011250105 2.2
      vertex 22.592019000520907 -13.217986951623264 2.2
    endloop
  endfacet
  facet normal 0 0 1
    outer loop
      vertex 22.881966011250107 13.097886967409693 2.2
      vertex 22.592019000520907 -13.217986951623264 2.2
      vertex 22.881966011250107 -13.097886967409693 2.2
    endloop
  endfacet
  facet normal 0 0 1
    outer loop
      vertex 21.597886967409693 14.381966011250105 2.2
      vertex 21.524623318809724 -14.687131069919538 2.2
      vertex 21.597886967409693 -14.381966011250105 2.2
    endloop
  endfacet
  facet normal 0 0 1
    outer loop
      vertex 21.717986951623264 14.092019000520907 2.2
      vertex 21.597886967409693 -14.381966011250105 2.2
      vertex 21.717986951623264 -14.092019000520907 2.2
    endloop
  endfacet
  facet normal 0 0 1
    outer loop
      vertex 21.881966011250107 13.824429495415053 2.2
      vertex 21.717986951623264 -14.092019000520907 2.2
      vertex 21.881966011250107 -13.824429495415053 2.2
    endloop
  endfacet
  facet normal 0 0 1
    outer loop
      vertex 21.524623318809724 -14.687131069919538 2.2
      vertex 14.63802850078136 -6.673019572565104 2.2
      vertex 14.23664424312258 -6.427050983124842 2.2
    endloop
  endfacet
  facet normal 0 0 1
    outer loop
      vertex 21.524623318809724 -14.687131069919538 2.2
      vertex 17.76335575687742 -6.427050983124842 2.2
      vertex 17.36197149921864 -6.673019572565104 2.2
    endloop
  endfacet
  facet normal 0 0 1
    outer loop
      vertex 21.524623318809724 -14.687131069919538 2.2
      vertex 15.072949016875159 -6.853169548885461 2.2
      vertex 14.63802850078136 -6.673019572565104 2.2
    endloop
  endfacet
  facet normal 0 0 1
    outer loop
      vertex 21.524623318809724 -14.687131069919538 2.2
      vertex 15.530696604879306 -6.963065021785413 2.2
      vertex 15.072949016875159 -6.853169548885461 2.2
    endloop
  endfacet
  facet normal 0 0 1
    outer loop
      vertex 21.524623318809724 -14.687131069919538 2.2
      vertex 16 -7 2.2
      vertex 15.530696604879306 -6.963065021785413 2.2
    endloop
  endfacet
  facet normal 0 0 1
    outer loop
      vertex 21.524623318809724 -14.687131069919538 2.2
      vertex 16.469303395120694 -6.963065021785413 2.2
      vertex 16 -7 2.2
    endloop
  endfacet
  facet normal 0 0 1
    outer loop
      vertex 21.524623318809724 -14.687131069919538 2.2
      vertex 16.927050983124843 -6.853169548885461 2.2
      vertex 16.469303395120694 -6.963065021785413 2.2
    endloop
  endfacet
  facet normal 0 0 1
    outer loop
      vertex 21.524623318809724 -14.687131069919538 2.2
      vertex 17.36197149921864 -6.673019572565104 2.2
      vertex 16.927050983124843 -6.853169548885461 2.2
    endloop
  endfacet
  facet normal 0 0 1
    outer loop
      vertex 21.524623318809724 -14.687131069919538 2.2
      vertex 18.963065021785415 -3.5306966048793074 2.2
      vertex 19 -4 2.2
    endloop
  endfacet
  facet normal 0 0 1
    outer loop
      vertex 21.524623318809724 -14.687131069919538 2.2
      vertex 19 -4 2.2
      vertex 18.963065021785415 -4.469303395120693 2.2
    endloop
  endfacet
  facet normal 0 0 1
    outer loop
      vertex 21.524623318809724 -14.687131069919538 2.2
      vertex 18.963065021785415 -4.469303395120693 2.2
      vertex 18.85316954888546 -4.927050983124842 2.2
    endloop
  endfacet
  facet normal 0 0 1
    outer loop
      vertex 21.524623318809724 -14.687131069919538 2.2
      vertex 18.85316954888546 -4.927050983124842 2.2
      vertex 18.673019572565103 -5.36197149921864 2.2
    endloop
  endfacet
  facet normal 0 0 1
    outer loop
      vertex 21.524623318809724 -14.687131069919538 2.2
      vertex 18.427050983124843 -5.763355756877419 2.2
      vertex 18.121320343559642 -6.121320343559643 2.2
    endloop
  endfacet
  facet normal 0 0 1
    outer loop
      vertex 21.524623318809724 -14.687131069919538 2.2
      vertex 18.121320343559642 -6.121320343559643 2.2
      vertex 17.76335575687742 -6.427050983124842 2.2
    endloop
  endfacet
  facet normal 0 0 1
    outer loop
      vertex 21.524623318809724 -14.687131069919538 2.2
      vertex 18.673019572565103 -5.36197149921864 2.2
      vertex 18.427050983124843 -5.763355756877419 2.2
    endloop
  endfacet
  facet normal 0 0 -1
    outer loop
      vertex 30.400000000000002 -24.75 0
      vertex 18.963065021785415 -4.469303395120693 0
      vertex 19 -4 0
    endloop
  endfacet
  facet normal 0 0 -1
    outer loop
      vertex 30.400000000000002 -24.75 0
      vertex 18.85316954888546 -4.927050983124842 0
      vertex 18.963065021785415 -4.469303395120693 0
    endloop
  endfacet
  facet normal 0 0 -1
    outer loop
      vertex 30.400000000000002 -24.75 0
      vertex 18.121320343559642 -6.121320343559643 0
      vertex 18.427050983124843 -5.763355756877419 0
    endloop
  endfacet
  facet normal 0 0 -1
    outer loop
      vertex 30.400000000000002 -24.75 0
      vertex 18.427050983124843 -5.763355756877419 0
      vertex 18.673019572565103 -5.36197149921864 0
    endloop
  endfacet
  facet normal 0 0 -1
    outer loop
      vertex 30.400000000000002 -24.75 0
      vertex 18.673019572565103 -5.36197149921864 0
      vertex 18.85316954888546 -4.927050983124842 0
    endloop
  endfacet
  facet normal 0 0 1
    outer loop
      vertex 23.187131069919538 13.024623318809724 2.2
      vertex 22.881966011250107 -13.097886967409693 2.2
      vertex 23.187131069919538 -13.024623318809724 2.2
    endloop
  endfacet
  facet normal 0 0 1
    outer loop
      vertex 23.5 13 2.2
      vertex 23.187131069919538 -13.024623318809724 2.2
      vertex 23.5 -13 2.2
    endloop
  endfacet
  facet normal 0 0 1
    outer loop
      vertex 23.812868930080462 13.024623318809724 2.2
      vertex 23.5 -13 2.2
      vertex 23.812868930080462 -13.024623318809724 2.2
    endloop
  endfacet
  facet normal 0 0 1
    outer loop
      vertex 24.118033988749893 13.097886967409693 2.2
      vertex 23.812868930080462 -13.024623318809724 2.2
      vertex 24.118033988749893 -13.097886967409693 2.2
    endloop
  endfacet
  facet normal 0 0 1
    outer loop
      vertex 24.407980999479093 13.217986951623264 2.2
      vertex 24.118033988749893 -13.097886967409693 2.2
      vertex 24.407980999479093 -13.217986951623264 2.2
    endloop
  endfacet
  facet normal 0 0 1
    outer loop
      vertex 24.675570504584947 13.381966011250105 2.2
      vertex 24.407980999479093 -13.217986951623264 2.2
      vertex 24.675570504584947 -13.381966011250105 2.2
    endloop
  endfacet
  facet normal 0 0 1
    outer loop
      vertex 24.914213562373096 13.585786437626904 2.2
      vertex 24.675570504584947 -13.381966011250105 2.2
      vertex 24.914213562373096 -13.585786437626904 2.2
    endloop
  endfacet
  facet normal 0 0 1
    outer loop
      vertex 25.118033988749893 13.824429495415053 2.2
      vertex 24.914213562373096 -13.585786437626904 2.2
      vertex 25.118033988749893 -13.824429495415053 2.2
    endloop
  endfacet
  facet normal 0 0 1
    outer loop
      vertex 25.282013048376736 14.092019000520907 2.2
      vertex 25.118033988749893 -13.824429495415053 2.2
      vertex 25.282013048376736 -14.092019000520907 2.2
    endloop
  endfacet
  facet normal 0 0 1
    outer loop
      vertex 25.402113032590307 14.381966011250105 2.2
      vertex 25.282013048376736 -14.092019000520907 2.2
      vertex 25.402113032590307 -14.381966011250105 2.2
    endloop
  endfacet
  facet normal 0 0 1
    outer loop
      vertex 25.475376681190276 14.687131069919538 2.2
      vertex 25.402113032590307 -14.381966011250105 2.2
      vertex 25.475376681190276 -14.687131069919538 2.2
    endloop
  endfacet
  facet normal 0 0 1
    outer loop
      vertex 25.5 15 2.2
      vertex 25.475376681190276 -14.687131069919538 2.2
      vertex 25.5 -15 2.2
    endloop
  endfacet
  facet normal 0 0 1
    outer loop
      vertex 26.400000000000002 20.75 2.2
      vertex 25.5 -15 2.2
      vertex 25.48686868686869 -20.75 2.2
    endloop
  endfacet
  facet normal 0 0 -1
    outer loop
      vertex 30.400000000000002 24.75 0
      vertex 30.400000000000002 -24.75 0
      vertex 19 -4 0
    endloop
  endfacet
  facet normal 0 0 1
    outer loop
      vertex 26.400000000000002 20.75 2.2
      vertex 25.48686868686869 -20.75 2.2
      vertex 26.400000000000002 -20.75 2.2
    endloop
  endfacet
  facet normal 0 0 1
    outer loop
      vertex 30.400000000000002 24.75 2.2
      vertex 28.000000000000004 -22.35 2.2
      vertex 30.400000000000002 -24.75 2.2
    endloop
  endfacet
  facet normal 1 0 0
    outer loop
      vertex 30.400000000000002 24.75 0
      vertex 30.400000000000002 -24.75 2.2
      vertex 30.400000000000002 -24.75 0
    endloop
  endfacet
  facet normal 0 0 -1
    outer loop
      vertex 30.400000000000002 -24.75 0
      vertex 16 -7 0
      vertex 16.469303395120694 -6.963065021785413 0
    endloop
  endfacet
  facet normal 0 0 -1
    outer loop
      vertex 30.400000000000002 -24.75 0
      vertex 16.469303395120694 -6.963065021785413 0
      vertex 16.927050983124843 -6.853169548885461 0
    endloop
  endfacet
  facet normal 0 0 -1
    outer loop
      vertex 30.400000000000002 -24.75 0
      vertex 16.927050983124843 -6.853169548885461 0
      vertex 17.36197149921864 -6.673019572565104 0
    endloop
  endfacet
  facet normal 0 0 -1
    outer loop
      vertex 30.400000000000002 -24.75 0
      vertex 17.36197149921864 -6.673019572565104 0
      vertex 17.76335575687742 -6.427050983124842 0
    endloop
  endfacet
  facet normal 0 0 -1
    outer loop
      vertex 30.400000000000002 -24.75 0
      vertex 17.76335575687742 -6.427050983124842 0
      vertex 18.121320343559642 -6.121320343559643 0
    endloop
  endfacet
  facet normal 0 0 1
    outer loop
      vertex 21.881966011250107 -16.175570504584947 2.2
      vertex 25.48686868686869 -20.75 2.2
      vertex 22.085786437626904 -16.414213562373096 2.2
    endloop
  endfacet
  facet normal 0 0 1
    outer loop
      vertex 22.085786437626904 -16.414213562373096 2.2
      vertex 25.48686868686869 -20.75 2.2
      vertex 22.324429495415053 -16.618033988749893 2.2
    endloop
  endfacet
  facet normal 0 0 1
    outer loop
      vertex 22.324429495415053 -16.618033988749893 2.2
      vertex 25.48686868686869 -20.75 2.2
      vertex 22.592019000520907 -16.782013048376736 2.2
    endloop
  endfacet
  facet normal 0 0 1
    outer loop
      vertex 22.592019000520907 -16.782013048376736 2.2
      vertex 25.48686868686869 -20.75 2.2
      vertex 22.881966011250107 -16.902113032590307 2.2
    endloop
  endfacet
  facet normal 0 0 1
    outer loop
      vertex 22.881966011250107 -16.902113032590307 2.2
      vertex 25.48686868686869 -20.75 2.2
      vertex 23.187131069919538 -16.975376681190276 2.2
    endloop
  endfacet
  facet normal 0 0 1
    outer loop
      vertex 23.187131069919538 -16.975376681190276 2.2
      vertex 25.48686868686869 -20.75 2.2
      vertex 23.5 -17 2.2
    endloop
  endfacet
  facet normal 0 0 1
    outer loop
      vertex 24.118033988749893 -16.902113032590307 2.2
      vertex 25.48686868686869 -20.75 2.2
      vertex 24.407980999479093 -16.782013048376736 2.2
    endloop
  endfacet
  facet normal 0 0 1
    outer loop
      vertex 23.5 -17 2.2
      vertex 25.48686868686869 -20.75 2.2
      vertex 23.812868930080462 -16.975376681190276 2.2
    endloop
  endfacet
  facet normal 0 0 1
    outer loop
      vertex 23.812868930080462 -16.975376681190276 2.2
      vertex 25.48686868686869 -20.75 2.2
      vertex 24.118033988749893 -16.902113032590307 2.2
    endloop
  endfacet
  facet normal 0 0 1
    outer loop
      vertex 25.118033988749893 -16.175570504584947 2.2
      vertex 24.914213562373096 -16.414213562373096 2.2
      vertex 25.48686868686869 -20.75 2.2
    endloop
  endfacet
  facet normal 0 0 1
    outer loop
      vertex 25.5 -15 2.2
      vertex 25.475376681190276 -15.312868930080462 2.2
      vertex 25.48686868686869 -20.75 2.2
    endloop
  endfacet
  facet normal 0 0 1
    outer loop
      vertex 25.475376681190276 -15.312868930080462 2.2
      vertex 25.402113032590307 -15.618033988749895 2.2
      vertex 25.48686868686869 -20.75 2.2
    endloop
  endfacet
  facet normal 0 0 1
    outer loop
      vertex 25.402113032590307 -15.618033988749895 2.2
      vertex 25.282013048376736 -15.907980999479093 2.2
      vertex 25.48686868686869 -20.75 2.2
    endloop
  endfacet
  facet normal 0 0 1
    outer loop
      vertex 25.118033988749893 -16.175570504584947 2.2
      vertex 25.48686868686869 -20.75 2.2
      vertex 25.282013048376736 -15.907980999479093 2.2
    endloop
  endfacet
  facet normal 0 0 1
    outer loop
      vertex 24.675570504584947 -16.618033988749893 2.2
      vertex 24.407980999479093 -16.782013048376736 2.2
      vertex 25.48686868686869 -20.75 2.2
    endloop
  endfacet
  facet normal 0 0 1
    outer loop
      vertex 24.675570504584947 -16.618033988749893 2.2
      vertex 25.48686868686869 -20.75 2.2
      vertex 24.914213562373096 -16.414213562373096 2.2
    endloop
  endfacet
  facet normal 0.9238795325112862 -0.3826834323650916 -2.2147541274093355e-18
    outer loop
      vertex 13.326980427434897 -2.6380285007813598 2.2
      vertex 13.146830451114539 -3.0729490168751576 2.2
      vertex 13.146830451114539 -3.0729490168751576 0
    endloop
  endfacet
  facet normal 0.5224985647159484 -0.8526401643540925 0
    outer loop
      vertex 14.23664424312258 -1.5729490168751576 2.2
      vertex 14.23664424312258 -1.5729490168751576 0
      vertex 14.63802850078136 -1.3269804274348962 2.2
    endloop
  endfacet
  facet normal 0.38268343236508845 -0.9238795325112873 0
    outer loop
      vertex 14.63802850078136 -1.3269804274348962 2.2
      vertex 14.63802850078136 -1.3269804274348962 0
      vertex 15.072949016875159 -1.1468304511145395 2.2
    endloop
  endfacet
  facet normal 0.7604059656000297 -0.6494480483301852 5.5308238696487786e-18
    outer loop
      vertex 13.878679656440358 -1.8786796564403572 2.2
      vertex 13.572949016875157 -2.236644243122581 2.2
      vertex 13.572949016875157 -2.236644243122581 0
    endloop
  endfacet
  facet normal 0.6494480483301848 -0.7604059656000298 0
    outer loop
      vertex 13.878679656440358 -1.8786796564403572 2.2
      vertex 13.878679656440358 -1.8786796564403572 0
      vertex 14.23664424312258 -1.5729490168751576 2.2
    endloop
  endfacet
  facet normal 0.8526401643540936 -0.5224985647159462 3.840679955226885e-18
    outer loop
      vertex 13.572949016875157 -2.236644243122581 2.2
      vertex 13.326980427434897 -2.6380285007813598 2.2
      vertex 13.326980427434897 -2.6380285007813598 0
    endloop
  endfacet
  facet normal 0.9238795325112862 -0.3826834323650916 0
    outer loop
      vertex 13.326980427434897 -2.6380285007813598 2.2
      vertex 13.146830451114539 -3.0729490168751576 0
      vertex 13.326980427434897 -2.6380285007813598 0
    endloop
  endfacet
  facet normal 0.5224985647159484 -0.8526401643540925 0
    outer loop
      vertex 14.63802850078136 -1.3269804274348962 2.2
      vertex 14.23664424312258 -1.5729490168751576 0
      vertex 14.63802850078136 -1.3269804274348962 0
    endloop
  endfacet
  facet normal 0.38268343236508845 -0.9238795325112873 0
    outer loop
      vertex 15.072949016875159 -1.1468304511145395 2.2
      vertex 14.63802850078136 -1.3269804274348962 0
      vertex 15.072949016875159 -1.1468304511145395 0
    endloop
  endfacet
  facet normal 0.6494480483301848 -0.7604059656000298 0
    outer loop
      vertex 14.23664424312258 -1.5729490168751576 2.2
      vertex 13.878679656440358 -1.8786796564403572 0
      vertex 14.23664424312258 -1.5729490168751576 0
    endloop
  endfacet
  facet normal 0.7604059656000297 -0.6494480483301852 0
    outer loop
      vertex 13.878679656440358 -1.8786796564403572 2.2
      vertex 13.572949016875157 -2.236644243122581 0
      vertex 13.878679656440358 -1.8786796564403572 0
    endloop
  endfacet
  facet normal 0.8526401643540936 -0.5224985647159462 0
    outer loop
      vertex 13.572949016875157 -2.236644243122581 2.2
      vertex 13.326980427434897 -2.6380285007813598 0
      vertex 13.572949016875157 -2.236644243122581 0
    endloop
  endfacet
  facet normal 0.9723699203976769 -0.23344536385590434 2.867974938965759e-18
    outer loop
      vertex 13.146830451114539 -3.0729490168751576 2.2
      vertex 13.036934978214587 -3.5306966048793074 2.2
      vertex 13.036934978214587 -3.5306966048793074 0
    endloop
  endfacet
  facet normal 0.9969173337331281 -0.07845909572784562 -6.579240918255496e-19
    outer loop
      vertex 13.036934978214587 -3.5306966048793074 2.2
      vertex 13 -4 2.2
      vertex 13 -4 0
    endloop
  endfacet
  facet normal 0.9969173337331281 0.07845909572784562 6.579240918255496e-19
    outer loop
      vertex 13 -4 2.2
      vertex 13.036934978214587 -4.469303395120693 2.2
      vertex 13.036934978214587 -4.469303395120693 0
    endloop
  endfacet
  facet normal 0.9723699203976769 0.23344536385590434 -2.867974938965759e-18
    outer loop
      vertex 13.036934978214587 -4.469303395120693 2.2
      vertex 13.146830451114539 -4.927050983124842 2.2
      vertex 13.146830451114539 -4.927050983124842 0
    endloop
  endfacet
  facet normal 0.9238795325112862 0.3826834323650916 2.2147541274093355e-18
    outer loop
      vertex 13.146830451114539 -4.927050983124842 2.2
      vertex 13.326980427434897 -5.36197149921864 2.2
      vertex 13.326980427434897 -5.36197149921864 0
    endloop
  endfacet
  facet normal 0.8526401643540936 0.5224985647159462 -3.840679955226885e-18
    outer loop
      vertex 13.326980427434897 -5.36197149921864 2.2
      vertex 13.572949016875157 -5.763355756877419 2.2
      vertex 13.572949016875157 -5.763355756877419 0
    endloop
  endfacet
  facet normal 0.7604059656000297 0.6494480483301852 -5.5308238696487786e-18
    outer loop
      vertex 13.572949016875157 -5.763355756877419 2.2
      vertex 13.878679656440358 -6.121320343559643 2.2
      vertex 13.878679656440358 -6.121320343559643 0
    endloop
  endfacet
  facet normal 0.9723699203976769 -0.23344536385590434 0
    outer loop
      vertex 13.146830451114539 -3.0729490168751576 2.2
      vertex 13.036934978214587 -3.5306966048793074 0
      vertex 13.146830451114539 -3.0729490168751576 0
    endloop
  endfacet
  facet normal 0.9969173337331281 -0.07845909572784562 0
    outer loop
      vertex 13.036934978214587 -3.5306966048793074 2.2
      vertex 13 -4 0
      vertex 13.036934978214587 -3.5306966048793074 0
    endloop
  endfacet
  facet normal 0.9969173337331281 0.07845909572784562 0
    outer loop
      vertex 13 -4 2.2
      vertex 13.036934978214587 -4.469303395120693 0
      vertex 13 -4 0
    endloop
  endfacet
  facet normal 0.9723699203976769 0.23344536385590434 0
    outer loop
      vertex 13.036934978214587 -4.469303395120693 2.2
      vertex 13.146830451114539 -4.927050983124842 0
      vertex 13.036934978214587 -4.469303395120693 0
    endloop
  endfacet
  facet normal 0.9238795325112862 0.3826834323650916 0
    outer loop
      vertex 13.146830451114539 -4.927050983124842 2.2
      vertex 13.326980427434897 -5.36197149921864 0
      vertex 13.146830451114539 -4.927050983124842 0
    endloop
  endfacet
  facet normal 0.8526401643540936 0.5224985647159462 0
    outer loop
      vertex 13.326980427434897 -5.36197149921864 2.2
      vertex 13.572949016875157 -5.763355756877419 0
      vertex 13.326980427434897 -5.36197149921864 0
    endloop
  endfacet
  facet normal 0.7604059656000297 0.6494480483301852 0
    outer loop
      vertex 13.572949016875157 -5.763355756877419 2.2
      vertex 13.878679656440358 -6.121320343559643 0
      vertex 13.572949016875157 -5.763355756877419 0
    endloop
  endfacet
  facet normal 0.6494480483301848 0.7604059656000298 0
    outer loop
      vertex 14.23664424312258 -6.427050983124842 2.2
      vertex 14.23664424312258 -6.427050983124842 0
      vertex 13.878679656440358 -6.121320343559643 2.2
    endloop
  endfacet
  facet normal 0.5224985647159484 0.8526401643540925 0
    outer loop
      vertex 14.63802850078136 -6.673019572565104 2.2
      vertex 14.63802850078136 -6.673019572565104 0
      vertex 14.23664424312258 -6.427050983124842 2.2
    endloop
  endfacet
  facet normal 0.3826834323650892 0.9238795325112868 0
    outer loop
      vertex 15.072949016875159 -6.853169548885461 2.2
      vertex 15.072949016875159 -6.853169548885461 0
      vertex 14.63802850078136 -6.673019572565104 2.2
    endloop
  endfacet
  facet normal 0.6494480483301848 0.7604059656000298 0
    outer loop
      vertex 13.878679656440358 -6.121320343559643 2.2
      vertex 14.23664424312258 -6.427050983124842 0
      vertex 13.878679656440358 -6.121320343559643 0
    endloop
  endfacet
  facet normal 0.5224985647159484 0.8526401643540925 0
    outer loop
      vertex 14.23664424312258 -6.427050983124842 2.2
      vertex 14.63802850078136 -6.673019572565104 0
      vertex 14.23664424312258 -6.427050983124842 0
    endloop
  endfacet
  facet normal 0.3826834323650892 0.9238795325112868 0
    outer loop
      vertex 14.63802850078136 -6.673019572565104 2.2
      vertex 15.072949016875159 -6.853169548885461 0
      vertex 14.63802850078136 -6.673019572565104 0
    endloop
  endfacet
  facet normal 0.23344536385590697 -0.9723699203976761 0
    outer loop
      vertex 15.072949016875159 -1.1468304511145395 2.2
      vertex 15.072949016875159 -1.1468304511145395 0
      vertex 15.530696604879306 -1.0369349782145867 2.2
    endloop
  endfacet
  facet normal 0.07845909572784451 -0.9969173337331281 0
    outer loop
      vertex 15.530696604879306 -1.0369349782145867 2.2
      vertex 15.530696604879306 -1.0369349782145867 0
      vertex 16 -1 2.2
    endloop
  endfacet
  facet normal -0.07845909572784451 -0.9969173337331281 0
    outer loop
      vertex 16 -1 2.2
      vertex 16 -1 0
      vertex 16.469303395120694 -1.0369349782145867 2.2
    endloop
  endfacet
  facet normal -0.2334453638559061 -0.9723699203976764 0
    outer loop
      vertex 16.469303395120694 -1.0369349782145867 2.2
      vertex 16.469303395120694 -1.0369349782145867 0
      vertex 16.927050983124843 -1.1468304511145395 2.2
    endloop
  endfacet
  facet normal -0.3826834323650897 -0.9238795325112867 0
    outer loop
      vertex 16.927050983124843 -1.1468304511145395 2.2
      vertex 16.927050983124843 -1.1468304511145395 0
      vertex 17.36197149921864 -1.3269804274348962 2.2
    endloop
  endfacet
  facet normal -0.5224985647159484 -0.8526401643540925 0
    outer loop
      vertex 17.36197149921864 -1.3269804274348962 2.2
      vertex 17.36197149921864 -1.3269804274348962 0
      vertex 17.76335575687742 -1.5729490168751576 2.2
    endloop
  endfacet
  facet normal -0.6494480483301848 -0.7604059656000298 0
    outer loop
      vertex 17.76335575687742 -1.5729490168751576 2.2
      vertex 17.76335575687742 -1.5729490168751576 0
      vertex 18.121320343559642 -1.8786796564403572 2.2
    endloop
  endfacet
  facet normal -0.7604059656000297 -0.6494480483301852 0
    outer loop
      vertex 18.121320343559642 -1.8786796564403572 2.2
      vertex 18.121320343559642 -1.8786796564403572 0
      vertex 18.427050983124843 -2.236644243122581 2.2
    endloop
  endfacet
  facet normal -0.8526401643540936 -0.5224985647159462 -3.840679955226885e-18
    outer loop
      vertex 18.673019572565103 -2.6380285007813598 2.2
      vertex 18.427050983124843 -2.236644243122581 2.2
      vertex 18.427050983124843 -2.236644243122581 0
    endloop
  endfacet
  facet normal -0.9238795325112862 -0.3826834323650916 2.2147541274093355e-18
    outer loop
      vertex 18.85316954888546 -3.0729490168751576 2.2
      vertex 18.673019572565103 -2.6380285007813598 2.2
      vertex 18.673019572565103 -2.6380285007813598 0
    endloop
  endfacet
  facet normal 0.23344536385590697 -0.9723699203976761 0
    outer loop
      vertex 15.530696604879306 -1.0369349782145867 2.2
      vertex 15.072949016875159 -1.1468304511145395 0
      vertex 15.530696604879306 -1.0369349782145867 0
    endloop
  endfacet
  facet normal 0.07845909572784451 -0.9969173337331281 0
    outer loop
      vertex 16 -1 2.2
      vertex 15.530696604879306 -1.0369349782145867 0
      vertex 16 -1 0
    endloop
  endfacet
  facet normal -0.07845909572784451 -0.9969173337331281 0
    outer loop
      vertex 16.469303395120694 -1.0369349782145867 2.2
      vertex 16 -1 0
      vertex 16.469303395120694 -1.0369349782145867 0
    endloop
  endfacet
  facet normal -0.2334453638559061 -0.9723699203976764 0
    outer loop
      vertex 16.927050983124843 -1.1468304511145395 2.2
      vertex 16.469303395120694 -1.0369349782145867 0
      vertex 16.927050983124843 -1.1468304511145395 0
    endloop
  endfacet
  facet normal -0.3826834323650897 -0.9238795325112867 0
    outer loop
      vertex 17.36197149921864 -1.3269804274348962 2.2
      vertex 16.927050983124843 -1.1468304511145395 0
      vertex 17.36197149921864 -1.3269804274348962 0
    endloop
  endfacet
  facet normal -0.5224985647159484 -0.8526401643540925 0
    outer loop
      vertex 17.76335575687742 -1.5729490168751576 2.2
      vertex 17.36197149921864 -1.3269804274348962 0
      vertex 17.76335575687742 -1.5729490168751576 0
    endloop
  endfacet
  facet normal -0.6494480483301848 -0.7604059656000298 0
    outer loop
      vertex 18.121320343559642 -1.8786796564403572 2.2
      vertex 17.76335575687742 -1.5729490168751576 0
      vertex 18.121320343559642 -1.8786796564403572 0
    endloop
  endfacet
  facet normal -0.7604059656000297 -0.6494480483301852 0
    outer loop
      vertex 18.427050983124843 -2.236644243122581 2.2
      vertex 18.121320343559642 -1.8786796564403572 0
      vertex 18.427050983124843 -2.236644243122581 0
    endloop
  endfacet
  facet normal -0.8526401643540936 -0.5224985647159462 0
    outer loop
      vertex 18.673019572565103 -2.6380285007813598 2.2
      vertex 18.427050983124843 -2.236644243122581 0
      vertex 18.673019572565103 -2.6380285007813598 0
    endloop
  endfacet
  facet normal -0.9238795325112862 -0.3826834323650916 0
    outer loop
      vertex 18.85316954888546 -3.0729490168751576 2.2
      vertex 18.673019572565103 -2.6380285007813598 0
      vertex 18.85316954888546 -3.0729490168751576 0
    endloop
  endfacet
  facet normal -0.972369920397676 -0.2334453638559079 2.60333962652544e-18
    outer loop
      vertex 18.963065021785415 -3.5306966048793074 2.2
      vertex 18.85316954888546 -3.0729490168751576 2.2
      vertex 18.85316954888546 -3.0729490168751576 0
    endloop
  endfacet
  facet normal -0.9969173337331283 -0.07845909572784185 1.6071035012438038e-18
    outer loop
      vertex 19 -4 2.2
      vertex 18.963065021785415 -3.5306966048793074 2.2
      vertex 18.963065021785415 -3.5306966048793074 0
    endloop
  endfacet
  facet normal -0.9969173337331283 0.07845909572784185 -1.6071035012438038e-18
    outer loop
      vertex 18.963065021785415 -4.469303395120693 2.2
      vertex 19 -4 2.2
      vertex 19 -4 0
    endloop
  endfacet
  facet normal -0.972369920397676 0.2334453638559079 -2.60333962652544e-18
    outer loop
      vertex 18.85316954888546 -4.927050983124842 2.2
      vertex 18.963065021785415 -4.469303395120693 2.2
      vertex 18.963065021785415 -4.469303395120693 0
    endloop
  endfacet
  facet normal -0.9238795325112862 0.3826834323650916 -2.2147541274093355e-18
    outer loop
      vertex 18.673019572565103 -5.36197149921864 2.2
      vertex 18.85316954888546 -4.927050983124842 2.2
      vertex 18.85316954888546 -4.927050983124842 0
    endloop
  endfacet
  facet normal -0.7604059656000297 0.6494480483301852 5.5308238696487786e-18
    outer loop
      vertex 18.121320343559642 -6.121320343559643 2.2
      vertex 18.427050983124843 -5.763355756877419 2.2
      vertex 18.427050983124843 -5.763355756877419 0
    endloop
  endfacet
  facet normal -0.8526401643540936 0.5224985647159462 3.840679955226885e-18
    outer loop
      vertex 18.427050983124843 -5.763355756877419 2.2
      vertex 18.673019572565103 -5.36197149921864 2.2
      vertex 18.673019572565103 -5.36197149921864 0
    endloop
  endfacet
  facet normal -0.972369920397676 -0.2334453638559079 0
    outer loop
      vertex 18.963065021785415 -3.5306966048793074 2.2
      vertex 18.85316954888546 -3.0729490168751576 0
      vertex 18.963065021785415 -3.5306966048793074 0
    endloop
  endfacet
  facet normal -0.9969173337331283 -0.07845909572784185 0
    outer loop
      vertex 19 -4 2.2
      vertex 18.963065021785415 -3.5306966048793074 0
      vertex 19 -4 0
    endloop
  endfacet
  facet normal -0.9969173337331283 0.07845909572784185 0
    outer loop
      vertex 18.963065021785415 -4.469303395120693 2.2
      vertex 19 -4 0
      vertex 18.963065021785415 -4.469303395120693 0
    endloop
  endfacet
  facet normal -0.972369920397676 0.2334453638559079 0
    outer loop
      vertex 18.85316954888546 -4.927050983124842 2.2
      vertex 18.963065021785415 -4.469303395120693 0
      vertex 18.85316954888546 -4.927050983124842 0
    endloop
  endfacet
  facet normal -0.9238795325112862 0.3826834323650916 0
    outer loop
      vertex 18.673019572565103 -5.36197149921864 2.2
      vertex 18.85316954888546 -4.927050983124842 0
      vertex 18.673019572565103 -5.36197149921864 0
    endloop
  endfacet
  facet normal -0.8526401643540936 0.5224985647159462 0
    outer loop
      vertex 18.427050983124843 -5.763355756877419 2.2
      vertex 18.673019572565103 -5.36197149921864 0
      vertex 18.427050983124843 -5.763355756877419 0
    endloop
  endfacet
  facet normal -0.7604059656000297 0.6494480483301852 0
    outer loop
      vertex 18.121320343559642 -6.121320343559643 2.2
      vertex 18.427050983124843 -5.763355756877419 0
      vertex 18.121320343559642 -6.121320343559643 0
    endloop
  endfacet
  facet normal 0.2334453638559052 0.9723699203976766 0
    outer loop
      vertex 15.530696604879306 -6.963065021785413 2.2
      vertex 15.530696604879306 -6.963065021785413 0
      vertex 15.072949016875159 -6.853169548885461 2.2
    endloop
  endfacet
  facet normal 0.07845909572784544 0.9969173337331279 0
    outer loop
      vertex 16 -7 2.2
      vertex 16 -7 0
      vertex 15.530696604879306 -6.963065021785413 2.2
    endloop
  endfacet
  facet normal -0.23344536385590434 0.9723699203976769 0
    outer loop
      vertex 16.927050983124843 -6.853169548885461 2.2
      vertex 16.927050983124843 -6.853169548885461 0
      vertex 16.469303395120694 -6.963065021785413 2.2
    endloop
  endfacet
  facet normal -0.07845909572784544 0.9969173337331279 0
    outer loop
      vertex 16.469303395120694 -6.963065021785413 2.2
      vertex 16.469303395120694 -6.963065021785413 0
      vertex 16 -7 2.2
    endloop
  endfacet
  facet normal -0.38268343236509056 0.9238795325112863 0
    outer loop
      vertex 17.36197149921864 -6.673019572565104 2.2
      vertex 17.36197149921864 -6.673019572565104 0
      vertex 16.927050983124843 -6.853169548885461 2.2
    endloop
  endfacet
  facet normal -0.5224985647159484 0.8526401643540925 0
    outer loop
      vertex 17.76335575687742 -6.427050983124842 2.2
      vertex 17.76335575687742 -6.427050983124842 0
      vertex 17.36197149921864 -6.673019572565104 2.2
    endloop
  endfacet
  facet normal -0.6494480483301848 0.7604059656000298 0
    outer loop
      vertex 18.121320343559642 -6.121320343559643 2.2
      vertex 18.121320343559642 -6.121320343559643 0
      vertex 17.76335575687742 -6.427050983124842 2.2
    endloop
  endfacet
  facet normal 0.2334453638559052 0.9723699203976766 0
    outer loop
      vertex 15.072949016875159 -6.853169548885461 2.2
      vertex 15.530696604879306 -6.963065021785413 0
      vertex 15.072949016875159 -6.853169548885461 0
    endloop
  endfacet
  facet normal 0.07845909572784544 0.9969173337331279 0
    outer loop
      vertex 15.530696604879306 -6.963065021785413 2.2
      vertex 16 -7 0
      vertex 15.530696604879306 -6.963065021785413 0
    endloop
  endfacet
  facet normal -0.23344536385590434 0.9723699203976769 0
    outer loop
      vertex 16.469303395120694 -6.963065021785413 2.2
      vertex 16.927050983124843 -6.853169548885461 0
      vertex 16.469303395120694 -6.963065021785413 0
    endloop
  endfacet
  facet normal -0.38268343236509056 0.9238795325112863 0
    outer loop
      vertex 16.927050983124843 -6.853169548885461 2.2
      vertex 17.36197149921864 -6.673019572565104 0
      vertex 16.927050983124843 -6.853169548885461 0
    endloop
  endfacet
  facet normal -0.07845909572784544 0.9969173337331279 0
    outer loop
      vertex 16 -7 2.2
      vertex 16.469303395120694 -6.963065021785413 0
      vertex 16 -7 0
    endloop
  endfacet
  facet normal -0.5224985647159484 0.8526401643540925 0
    outer loop
      vertex 17.36197149921864 -6.673019572565104 2.2
      vertex 17.76335575687742 -6.427050983124842 0
      vertex 17.36197149921864 -6.673019572565104 0
    endloop
  endfacet
  facet normal -0.6494480483301848 0.7604059656000298 0
    outer loop
      vertex 17.76335575687742 -6.427050983124842 2.2
      vertex 18.121320343559642 -6.121320343559643 0
      vertex 17.76335575687742 -6.427050983124842 0
    endloop
  endfacet
  facet normal 1 0 0
    outer loop
      vertex -11.437430001795292 10.67264000326395 0.6000000000000001
      vertex -11.437430001795292 7.763580001890659 0
      vertex -11.437430001795292 10.67264000326395 0
    endloop
  endfacet
  facet normal 1 0 0
    outer loop
      vertex -11.437430001795292 10.67264000326395 0.6000000000000001
      vertex -11.437430001795292 7.763580001890659 0.6000000000000001
      vertex -11.437430001795292 7.763580001890659 0
    endloop
  endfacet
  facet normal 0 0 -1
    outer loop
      vertex -11.437430001795292 10.67264000326395 0.6000000000000001
      vertex -6.484569996595383 7.226340003311634 0.6000000000000001
      vertex -11.437430001795292 7.763580001890659 0.6000000000000001
    endloop
  endfacet
  facet normal 0 0 -1
    outer loop
      vertex -11.437430001795292 7.763580001890659 0.6000000000000001
      vertex -6.484569996595383 7.226340003311634 0.6000000000000001
      vertex -11.144695557653904 7.164300002157688 0.6000000000000001
    endloop
  endfacet
  facet normal 0.8985303739531431 0.438911343079243 0
    outer loop
      vertex -11.437430001795292 7.763580001890659 0.6000000000000001
      vertex -11.144695557653904 7.164300002157688 0.6000000000000001
      vertex -11.144695557653904 7.164300002157688 0
    endloop
  endfacet
  facet normal 0.8985303739531431 0.438911343079243 0
    outer loop
      vertex -11.437430001795292 7.763580001890659 0.6000000000000001
      vertex -11.144695557653904 7.164300002157688 0
      vertex -11.437430001795292 7.763580001890659 0
    endloop
  endfacet
  facet normal 0.873457316075229 0.48690072601574275 0
    outer loop
      vertex -11.144695557653904 7.164300002157688 0.6000000000000001
      vertex -10.813412219285965 6.5700066685676575 0
      vertex -11.144695557653904 7.164300002157688 0
    endloop
  endfacet
  facet normal 0.873457316075229 0.48690072601574275 0
    outer loop
      vertex -11.144695557653904 7.164300002157688 0.6000000000000001
      vertex -10.813412219285965 6.5700066685676575 0.6000000000000001
      vertex -10.813412219285965 6.5700066685676575 0
    endloop
  endfacet
  facet normal 0.8470178371356908 0.531564467937781 0
    outer loop
      vertex -10.813412219285965 6.5700066685676575 0.6000000000000001
      vertex -10.443580001592636 5.980700001120567 0
      vertex -10.813412219285965 6.5700066685676575 0
    endloop
  endfacet
  facet normal 0 0 -1
    outer loop
      vertex -11.144695557653904 7.164300002157688 0.6000000000000001
      vertex -6.484569996595383 7.226340003311634 0.6000000000000001
      vertex -10.813412219285965 6.5700066685676575 0.6000000000000001
    endloop
  endfacet
  facet normal 0 0 -1
    outer loop
      vertex -10.813412219285965 6.5700066685676575 0.6000000000000001
      vertex -6.484569996595383 7.226340003311634 0.6000000000000001
      vertex -10.443580001592636 5.980700001120567 0.6000000000000001
    endloop
  endfacet
  facet normal 0 0 -1
    outer loop
      vertex -10.443580001592636 5.980700001120567 0.6000000000000001
      vertex -6.484569996595383 7.226340003311634 0.6000000000000001
      vertex -10.035198889672756 5.396379999816418 0.6000000000000001
    endloop
  endfacet
  facet normal 0 0 -1
    outer loop
      vertex -10.035198889672756 5.396379999816418 0.6000000000000001
      vertex -6.484569996595383 7.226340003311634 0.6000000000000001
      vertex -6.333087779581547 6.906405001878738 0.6000000000000001
    endloop
  endfacet
  facet normal 0.8470178371356908 0.531564467937781 0
    outer loop
      vertex -10.813412219285965 6.5700066685676575 0.6000000000000001
      vertex -10.443580001592636 5.980700001120567 0.6000000000000001
      vertex -10.443580001592636 5.980700001120567 0
    endloop
  endfacet
  facet normal 0.8196553675132825 0.572856944189966 0
    outer loop
      vertex -10.443580001592636 5.980700001120567 0.6000000000000001
      vertex -10.035198889672756 5.396379999816418 0.6000000000000001
      vertex -10.035198889672756 5.396379999816418 0
    endloop
  endfacet
  facet normal 0.8196553675132825 0.572856944189966 0
    outer loop
      vertex -10.443580001592636 5.980700001120567 0.6000000000000001
      vertex -10.035198889672756 5.396379999816418 0
      vertex -10.443580001592636 5.980700001120567 0
    endloop
  endfacet
  facet normal 0.7917718706421533 0.6108169159902378 0
    outer loop
      vertex -10.035198889672756 5.396379999816418 0.6000000000000001
      vertex -9.588268890976906 4.817046664655209 0.6000000000000001
      vertex -9.588268890976906 4.817046664655209 0
    endloop
  endfacet
  facet normal 0.7917718706421533 0.6108169159902378 0
    outer loop
      vertex -10.035198889672756 5.396379999816418 0.6000000000000001
      vertex -9.588268890976906 4.817046664655209 0
      vertex -10.035198889672756 5.396379999816418 0
    endloop
  endfacet
  facet normal 0 0 -1
    outer loop
      vertex -10.035198889672756 5.396379999816418 0.6000000000000001
      vertex -6.333087779581547 6.906405001878738 0.6000000000000001
      vertex -9.588268890976906 4.817046664655209 0.6000000000000001
    endloop
  endfacet
  facet normal 0 0 -1
    outer loop
      vertex -6.157161109149456 6.593106664717197 0.6000000000000001
      vertex -9.102789998054504 4.242700003087521 0.6000000000000001
      vertex -9.588268890976906 4.817046664655209 0.6000000000000001
    endloop
  endfacet
  facet normal 0 0 -1
    outer loop
      vertex -5.956790000200272 6.286444999277592 0.6000000000000001
      vertex -8.576281107962132 3.666636109352112 0.6000000000000001
      vertex -9.102789998054504 4.242700003087521 0.6000000000000001
    endloop
  endfacet
  facet normal 0.7637184501847556 0.6455494782333846 0
    outer loop
      vertex -9.588268890976906 4.817046664655209 0.6000000000000001
      vertex -9.102789998054504 4.242700003087521 0.6000000000000001
      vertex -9.102789998054504 4.242700003087521 0
    endloop
  endfacet
  facet normal 0.7637184501847556 0.6455494782333846 0
    outer loop
      vertex -9.588268890976906 4.817046664655209 0.6000000000000001
      vertex -9.102789998054504 4.242700003087521 0
      vertex -9.588268890976906 4.817046664655209 0
    endloop
  endfacet
  facet normal 0.738142448611824 0.6746448884838162 0
    outer loop
      vertex -9.102789998054504 4.242700003087521 0.6000000000000001
      vertex -8.576281107962132 3.666636109352112 0
      vertex -9.102789998054504 4.242700003087521 0
    endloop
  endfacet
  facet normal 0.738142448611824 0.6746448884838162 0
    outer loop
      vertex -9.102789998054504 4.242700003087521 0.6000000000000001
      vertex -8.576281107962132 3.666636109352112 0.6000000000000001
      vertex -8.576281107962132 3.666636109352112 0
    endloop
  endfacet
  facet normal 0.7158224691083147 0.698282315915043 0
    outer loop
      vertex -8.576281107962132 3.666636109352112 0.6000000000000001
      vertex -8.006261110305786 3.0822977796196938 0.6000000000000001
      vertex -8.006261110305786 3.0822977796196938 0
    endloop
  endfacet
  facet normal 0.7158224691083147 0.698282315915043 0
    outer loop
      vertex -8.576281107962132 3.666636109352112 0.6000000000000001
      vertex -8.006261110305786 3.0822977796196938 0
      vertex -8.576281107962132 3.666636109352112 0
    endloop
  endfacet
  facet normal 0.6947388480537997 0.7192620753278179 0
    outer loop
      vertex -8.006261110305786 3.0822977796196938 0.6000000000000001
      vertex -7.392729997634888 2.4896849989891052 0
      vertex -8.006261110305786 3.0822977796196938 0
    endloop
  endfacet
  facet normal 0 -1 0
    outer loop
      vertex -11.437430001795292 10.67264000326395 0.6000000000000001
      vertex -11.437430001795292 10.67264000326395 0
      vertex 3.2724300026893616 10.67264000326395 0.6000000000000001
    endloop
  endfacet
  facet normal 0 0 -1
    outer loop
      vertex -11.437430001795292 10.67264000326395 0.6000000000000001
      vertex 3.2724300026893616 10.67264000326395 0.6000000000000001
      vertex -6.484569996595383 7.226340003311634 0.6000000000000001
    endloop
  endfacet
  facet normal -0.9038098950693658 -0.427934193042227 0
    outer loop
      vertex -6.484569996595383 7.226340003311634 0.6000000000000001
      vertex -6.484569996595383 7.226340003311634 0
      vertex -6.333087779581547 6.906405001878738 0.6000000000000001
    endloop
  endfacet
  facet normal -0.9038098950693658 -0.427934193042227 0
    outer loop
      vertex -6.333087779581547 6.906405001878738 0.6000000000000001
      vertex -6.484569996595383 7.226340003311634 0
      vertex -6.333087779581547 6.906405001878738 0
    endloop
  endfacet
  facet normal -0.8719363980860572 -0.489619155765696 0
    outer loop
      vertex -6.333087779581547 6.906405001878738 0.6000000000000001
      vertex -6.333087779581547 6.906405001878738 0
      vertex -6.157161109149456 6.593106664717197 0.6000000000000001
    endloop
  endfacet
  facet normal -0.8371426738050709 -0.546984591825489 0
    outer loop
      vertex -6.157161109149456 6.593106664717197 0.6000000000000001
      vertex -6.157161109149456 6.593106664717197 0
      vertex -5.956790000200272 6.286444999277592 0.6000000000000001
    endloop
  endfacet
  facet normal -0.8719363980860572 -0.489619155765696 0
    outer loop
      vertex -6.157161109149456 6.593106664717197 0.6000000000000001
      vertex -6.333087779581547 6.906405001878738 0
      vertex -6.157161109149456 6.593106664717197 0
    endloop
  endfacet
  facet normal -0.8371426738050709 -0.546984591825489 0
    outer loop
      vertex -5.956790000200272 6.286444999277592 0.6000000000000001
      vertex -6.157161109149456 6.593106664717197 0
      vertex -5.956790000200272 6.286444999277592 0
    endloop
  endfacet
  facet normal 0 -1 0
    outer loop
      vertex 3.2724300026893616 10.67264000326395 0.6000000000000001
      vertex -11.437430001795292 10.67264000326395 0
      vertex 3.2724300026893616 10.67264000326395 0
    endloop
  endfacet
  facet normal 0 1 0
    outer loop
      vertex -6.484569996595383 7.226340003311634 0.6000000000000001
      vertex 3.2724300026893616 7.226340003311634 0
      vertex -6.484569996595383 7.226340003311634 0
    endloop
  endfacet
  facet normal 0 0 -1
    outer loop
      vertex -6.333087779581547 6.906405001878738 0.6000000000000001
      vertex -6.157161109149456 6.593106664717197 0.6000000000000001
      vertex -9.588268890976906 4.817046664655209 0.6000000000000001
    endloop
  endfacet
  facet normal 0 0 -1
    outer loop
      vertex -6.157161109149456 6.593106664717197 0.6000000000000001
      vertex -5.956790000200272 6.286444999277592 0.6000000000000001
      vertex -9.102789998054504 4.242700003087521 0.6000000000000001
    endloop
  endfacet
  facet normal 0 0 -1
    outer loop
      vertex -5.956790000200272 6.286444999277592 0.6000000000000001
      vertex -5.731974445283413 5.986419998109341 0.6000000000000001
      vertex -8.576281107962132 3.666636109352112 0.6000000000000001
    endloop
  endfacet
  facet normal 0 0 -1
    outer loop
      vertex -5.731974445283413 5.986419998109341 0.6000000000000001
      vertex -5.48271444439888 5.693031668663025 0.6000000000000001
      vertex -8.576281107962132 3.666636109352112 0.6000000000000001
    endloop
  endfacet
  facet normal 0 0 -1
    outer loop
      vertex -5.48271444439888 5.693031668663025 0.6000000000000001
      vertex -5.209009997546673 5.406280003488064 0.6000000000000001
      vertex -8.006261110305786 3.0822977796196938 0.6000000000000001
    endloop
  endfacet
  facet normal -0.800260078502548 -0.5996530719967134 0
    outer loop
      vertex -5.956790000200272 6.286444999277592 0.6000000000000001
      vertex -5.956790000200272 6.286444999277592 0
      vertex -5.731974445283413 5.986419998109341 0.6000000000000001
    endloop
  endfacet
  facet normal -0.800260078502548 -0.5996530719967134 0
    outer loop
      vertex -5.731974445283413 5.986419998109341 0.6000000000000001
      vertex -5.956790000200272 6.286444999277592 0
      vertex -5.731974445283413 5.986419998109341 0
    endloop
  endfacet
  facet normal 0 0 -1
    outer loop
      vertex -5.48271444439888 5.693031668663025 0.6000000000000001
      vertex -8.006261110305786 3.0822977796196938 0.6000000000000001
      vertex -8.576281107962132 3.666636109352112 0.6000000000000001
    endloop
  endfacet
  facet normal 0 0 -1
    outer loop
      vertex -5.209009997546673 5.406280003488064 0.6000000000000001
      vertex -7.392729997634888 2.4896849989891052 0.6000000000000001
      vertex -8.006261110305786 3.0822977796196938 0.6000000000000001
    endloop
  endfacet
  facet normal 0 0 -1
    outer loop
      vertex -5.209009997546673 5.406280003488064 0.6000000000000001
      vertex -4.917839996516705 5.123262219130993 0.6000000000000001
      vertex -7.392729997634888 2.4896849989891052 0.6000000000000001
    endloop
  endfacet
  facet normal -0.7620932153513521 -0.6474673204999907 0
    outer loop
      vertex -5.731974445283413 5.986419998109341 0.6000000000000001
      vertex -5.731974445283413 5.986419998109341 0
      vertex -5.48271444439888 5.693031668663025 0.6000000000000001
    endloop
  endfacet
  facet normal -0.7233719885590688 -0.690458518788854 0
    outer loop
      vertex -5.48271444439888 5.693031668663025 0.6000000000000001
      vertex -5.48271444439888 5.693031668663025 0
      vertex -5.209009997546673 5.406280003488064 0.6000000000000001
    endloop
  endfacet
  facet normal -0.7620932153513521 -0.6474673204999907 0
    outer loop
      vertex -5.48271444439888 5.693031668663025 0.6000000000000001
      vertex -5.731974445283413 5.986419998109341 0
      vertex -5.48271444439888 5.693031668663025 0
    endloop
  endfacet
  facet normal -0.7233719885590688 -0.690458518788854 0
    outer loop
      vertex -5.209009997546673 5.406280003488064 0.6000000000000001
      vertex -5.48271444439888 5.693031668663025 0
      vertex -5.209009997546673 5.406280003488064 0
    endloop
  endfacet
  facet normal -0.6969971579375932 -0.7170738886801818 0
    outer loop
      vertex -5.209009997546673 5.406280003488064 0.6000000000000001
      vertex -5.209009997546673 5.406280003488064 0
      vertex -4.917839996516705 5.123262219130993 0.6000000000000001
    endloop
  endfacet
  facet normal -0.6833236024659316 -0.7301156444789971 0
    outer loop
      vertex -4.917839996516705 5.123262219130993 0.6000000000000001
      vertex -4.917839996516705 5.123262219130993 0
      vertex -4.616329997777939 4.841075554490089 0.6000000000000001
    endloop
  endfacet
  facet normal -0.6969971579375932 -0.7170738886801818 0
    outer loop
      vertex -4.917839996516705 5.123262219130993 0.6000000000000001
      vertex -5.209009997546673 5.406280003488064 0
      vertex -4.917839996516705 5.123262219130993 0
    endloop
  endfacet
  facet normal -0.6698725895254853 -0.7424760695149849 0
    outer loop
      vertex -4.616329997777939 4.841075554490089 0.6000000000000001
      vertex -4.616329997777939 4.841075554490089 0
      vertex -4.304480001330376 4.559720002114773 0.6000000000000001
    endloop
  endfacet
  facet normal -0.6833236024659316 -0.7301156444789971 0
    outer loop
      vertex -4.616329997777939 4.841075554490089 0.6000000000000001
      vertex -4.917839996516705 5.123262219130993 0
      vertex -4.616329997777939 4.841075554490089 0
    endloop
  endfacet
  facet normal -0.6698725895254853 -0.7424760695149849 0
    outer loop
      vertex -4.304480001330376 4.559720002114773 0.6000000000000001
      vertex -4.616329997777939 4.841075554490089 0
      vertex -4.304480001330376 4.559720002114773 0
    endloop
  endfacet
  facet normal 0 0 -1
    outer loop
      vertex -7.392729997634888 2.4896849989891052 0.6000000000000001
      vertex -4.917839996516705 5.123262219130993 0.6000000000000001
      vertex -4.616329997777939 4.841075554490089 0.6000000000000001
    endloop
  endfacet
  facet normal 0 0 -1
    outer loop
      vertex -6.735687777400017 1.8887977749109268 0.6000000000000001
      vertex -4.616329997777939 4.841075554490089 0.6000000000000001
      vertex -4.304480001330376 4.559720002114773 0.6000000000000001
    endloop
  endfacet
  facet normal 0 0 -1
    outer loop
      vertex -6.735687777400017 1.8887977749109268 0.6000000000000001
      vertex -4.304480001330376 4.559720002114773 0.6000000000000001
      vertex -3.9822899997234344 4.279195554554462 0.6000000000000001
    endloop
  endfacet
  facet normal 0 0 -1
    outer loop
      vertex -6.035134442150593 1.2796361148357391 0.6000000000000001
      vertex -3.9822899997234344 4.279195554554462 0.6000000000000001
      vertex -3.6497600004076958 3.999502219259739 0.6000000000000001
    endloop
  endfacet
  facet normal -0.6566574104551559 -0.7541889983912049 0
    outer loop
      vertex -4.304480001330376 4.559720002114773 0.6000000000000001
      vertex -4.304480001330376 4.559720002114773 0
      vertex -3.9822899997234344 4.279195554554462 0.6000000000000001
    endloop
  endfacet
  facet normal -0.6436886860159556 -0.765287446320043 0
    outer loop
      vertex -3.9822899997234344 4.279195554554462 0.6000000000000001
      vertex -3.9822899997234344 4.279195554554462 0
      vertex -3.6497600004076958 3.999502219259739 0.6000000000000001
    endloop
  endfacet
  facet normal -0.6566574104551559 -0.7541889983912049 0
    outer loop
      vertex -3.9822899997234344 4.279195554554462 0.6000000000000001
      vertex -4.304480001330376 4.559720002114773 0
      vertex -3.9822899997234344 4.279195554554462 0
    endloop
  endfacet
  facet normal 0 0 -1
    outer loop
      vertex -7.392729997634888 2.4896849989891052 0.6000000000000001
      vertex -4.616329997777939 4.841075554490089 0.6000000000000001
      vertex -6.735687777400017 1.8887977749109268 0.6000000000000001
    endloop
  endfacet
  facet normal 0.6947388480537997 0.7192620753278179 0
    outer loop
      vertex -8.006261110305786 3.0822977796196938 0.6000000000000001
      vertex -7.392729997634888 2.4896849989891052 0.6000000000000001
      vertex -7.392729997634888 2.4896849989891052 0
    endloop
  endfacet
  facet normal 0.6748688524144748 0.7379376884539572 0
    outer loop
      vertex -7.392729997634888 2.4896849989891052 0.6000000000000001
      vertex -6.735687777400017 1.8887977749109268 0.6000000000000001
      vertex -6.735687777400017 1.8887977749109268 0
    endloop
  endfacet
  facet normal 0.6748688524144748 0.7379376884539572 0
    outer loop
      vertex -7.392729997634888 2.4896849989891052 0.6000000000000001
      vertex -6.735687777400017 1.8887977749109268 0
      vertex -7.392729997634888 2.4896849989891052 0
    endloop
  endfacet
  facet normal 0.6561694203475685 0.754613604304041 0
    outer loop
      vertex -6.735687777400017 1.8887977749109268 0.6000000000000001
      vertex -6.035134442150593 1.2796361148357391 0
      vertex -6.735687777400017 1.8887977749109268 0
    endloop
  endfacet
  facet normal 0.6561694203475685 0.754613604304041 0
    outer loop
      vertex -6.735687777400017 1.8887977749109268 0.6000000000000001
      vertex -6.035134442150593 1.2796361148357391 0.6000000000000001
      vertex -6.035134442150593 1.2796361148357391 0
    endloop
  endfacet
  facet normal 0.6385852969996373 0.7695510499348855 0
    outer loop
      vertex -6.035134442150593 1.2796361148357391 0.6000000000000001
      vertex -5.291069999337196 0.6621999964118004 0
      vertex -6.035134442150593 1.2796361148357391 0
    endloop
  endfacet
  facet normal 0 0 -1
    outer loop
      vertex -6.735687777400017 1.8887977749109268 0.6000000000000001
      vertex -3.9822899997234344 4.279195554554462 0.6000000000000001
      vertex -6.035134442150593 1.2796361148357391 0.6000000000000001
    endloop
  endfacet
  facet normal 0 0 -1
    outer loop
      vertex -6.035134442150593 1.2796361148357391 0.6000000000000001
      vertex -3.3068900033831596 3.720640003681183 0.6000000000000001
      vertex -5.291069999337196 0.6621999964118004 0.6000000000000001
    endloop
  endfacet
  facet normal 0 0 -1
    outer loop
      vertex -6.035134442150593 1.2796361148357391 0.6000000000000001
      vertex -3.6497600004076958 3.999502219259739 0.6000000000000001
      vertex -3.3068900033831596 3.720640003681183 0.6000000000000001
    endloop
  endfacet
  facet normal 0 0 -1
    outer loop
      vertex -5.291069999337196 0.6621999964118004 0.6000000000000001
      vertex -3.3068900033831596 3.720640003681183 0.6000000000000001
      vertex -2.9569127783179283 3.4408794417977333 0.6000000000000001
    endloop
  endfacet
  facet normal 0 0 -1
    outer loop
      vertex -5.291069999337196 0.6621999964118004 0.6000000000000001
      vertex -2.6032077744603157 3.1586377769708633 0.6000000000000001
      vertex -4.591708332300186 0.08282388746738434 0.6000000000000001
    endloop
  endfacet
  facet normal 0.6385852969996373 0.7695510499348855 0
    outer loop
      vertex -6.035134442150593 1.2796361148357391 0.6000000000000001
      vertex -5.291069999337196 0.6621999964118004 0.6000000000000001
      vertex -5.291069999337196 0.6621999964118004 0
    endloop
  endfacet
  facet normal 0.6379558474800695 0.7700729424320699 0
    outer loop
      vertex -5.291069999337196 0.6621999964118004 0.6000000000000001
      vertex -4.591708332300186 0.08282388746738434 0.6000000000000001
      vertex -4.591708332300186 0.08282388746738434 0
    endloop
  endfacet
  facet normal 0.6379558474800695 0.7700729424320699 0
    outer loop
      vertex -5.291069999337196 0.6621999964118004 0.6000000000000001
      vertex -4.591708332300186 0.08282388746738434 0
      vertex -5.291069999337196 0.6621999964118004 0
    endloop
  endfacet
  facet normal -0.6309746363036626 -0.7758034598669051 0
    outer loop
      vertex -3.6497600004076958 3.999502219259739 0.6000000000000001
      vertex -3.6497600004076958 3.999502219259739 0
      vertex -3.3068900033831596 3.720640003681183 0.6000000000000001
    endloop
  endfacet
  facet normal -0.6436886860159556 -0.765287446320043 0
    outer loop
      vertex -3.6497600004076958 3.999502219259739 0.6000000000000001
      vertex -3.9822899997234344 4.279195554554462 0
      vertex -3.6497600004076958 3.999502219259739 0
    endloop
  endfacet
  facet normal -0.6243939438451458 -0.7811095972330034 0
    outer loop
      vertex -3.3068900033831596 3.720640003681183 0.6000000000000001
      vertex -3.3068900033831596 3.720640003681183 0
      vertex -2.9569127783179283 3.4408794417977333 0.6000000000000001
    endloop
  endfacet
  facet normal -0.6309746363036626 -0.7758034598669051 0
    outer loop
      vertex -3.3068900033831596 3.720640003681183 0.6000000000000001
      vertex -3.6497600004076958 3.999502219259739 0
      vertex -3.3068900033831596 3.720640003681183 0
    endloop
  endfacet
  facet normal -0.6243939438451458 -0.7811095972330034 0
    outer loop
      vertex -2.9569127783179283 3.4408794417977333 0.6000000000000001
      vertex -3.3068900033831596 3.720640003681183 0
      vertex -2.9569127783179283 3.4408794417977333 0
    endloop
  endfacet
  facet normal -0.6237212186808522 -0.7816468776674492 0
    outer loop
      vertex -2.9569127783179283 3.4408794417977333 0.6000000000000001
      vertex -2.9569127783179283 3.4408794417977333 0
      vertex -2.6032077744603157 3.1586377769708633 0.6000000000000001
    endloop
  endfacet
  facet normal -0.6237212186808522 -0.7816468776674492 0
    outer loop
      vertex -2.6032077744603157 3.1586377769708633 0.6000000000000001
      vertex -2.9569127783179283 3.4408794417977333 0
      vertex -2.6032077744603157 3.1586377769708633 0
    endloop
  endfacet
  facet normal 0 0 -1
    outer loop
      vertex -5.291069999337196 0.6621999964118004 0.6000000000000001
      vertex -2.9569127783179283 3.4408794417977333 0.6000000000000001
      vertex -2.6032077744603157 3.1586377769708633 0.6000000000000001
    endloop
  endfacet
  facet normal 0 0 -1
    outer loop
      vertex -4.591708332300186 0.08282388746738434 0.6000000000000001
      vertex -2.6032077744603157 3.1586377769708633 0.6000000000000001
      vertex -2.2457749992609024 2.8739150017499924 0.6000000000000001
    endloop
  endfacet
  facet normal 0 0 -1
    outer loop
      vertex -4.591708332300186 0.08282388746738434 0.6000000000000001
      vertex -2.2457749992609024 2.8739150017499924 0.6000000000000001
      vertex -1.8846144452691078 2.58671110868454 0.6000000000000001
    endloop
  endfacet
  facet normal -0.6230611978598695 -0.7821730906400606 0
    outer loop
      vertex -2.6032077744603157 3.1586377769708633 0.6000000000000001
      vertex -2.6032077744603157 3.1586377769708633 0
      vertex -2.2457749992609024 2.8739150017499924 0.6000000000000001
    endloop
  endfacet
  facet normal -0.6224135114551468 -0.7826885847884034 0
    outer loop
      vertex -2.2457749992609024 2.8739150017499924 0.6000000000000001
      vertex -2.2457749992609024 2.8739150017499924 0
      vertex -1.8846144452691078 2.58671110868454 0.6000000000000001
    endloop
  endfacet
  facet normal -0.6230611978598695 -0.7821730906400606 0
    outer loop
      vertex -2.2457749992609024 2.8739150017499924 0.6000000000000001
      vertex -2.6032077744603157 3.1586377769708633 0
      vertex -2.2457749992609024 2.8739150017499924 0
    endloop
  endfacet
  facet normal -0.6224135114551468 -0.7826885847884034 0
    outer loop
      vertex -1.8846144452691078 2.58671110868454 0.6000000000000001
      vertex -2.2457749992609024 2.8739150017499924 0
      vertex -1.8846144452691078 2.58671110868454 0
    endloop
  endfacet
  facet normal 0 0 -1
    outer loop
      vertex -4.591708332300186 0.08282388746738434 0.6000000000000001
      vertex -1.8846144452691078 2.58671110868454 0.6000000000000001
      vertex -3.965716667473316 -0.46173111349344254 0.6000000000000001
    endloop
  endfacet
  facet normal 0 0 -1
    outer loop
      vertex -3.965716667473316 -0.46173111349344254 0.6000000000000001
      vertex -1.519726112484932 2.297026112675667 0.6000000000000001
      vertex -3.413094997406006 -0.9714649990200996 0.6000000000000001
    endloop
  endfacet
  facet normal 0 0 -1
    outer loop
      vertex -3.965716667473316 -0.46173111349344254 0.6000000000000001
      vertex -1.8846144452691078 2.58671110868454 0.6000000000000001
      vertex -1.519726112484932 2.297026112675667 0.6000000000000001
    endloop
  endfacet
  facet normal 0 0 -1
    outer loop
      vertex -1.519726112484932 2.297026112675667 0.6000000000000001
      vertex -1.1511100009083748 2.004859998822212 0.6000000000000001
      vertex -3.413094997406006 -0.9714649990200996 0.6000000000000001
    endloop
  endfacet
  facet normal -0.6217777970760112 -0.7831936995809547 0
    outer loop
      vertex -1.8846144452691078 2.58671110868454 0.6000000000000001
      vertex -1.8846144452691078 2.58671110868454 0
      vertex -1.519726112484932 2.297026112675667 0.6000000000000001
    endloop
  endfacet
  facet normal -0.6217777970760112 -0.7831936995809547 0
    outer loop
      vertex -1.519726112484932 2.297026112675667 0.6000000000000001
      vertex -1.8846144452691078 2.58671110868454 0
      vertex -1.519726112484932 2.297026112675667 0
    endloop
  endfacet
  facet normal -0.6211537657545594 -0.7836887132586062 0
    outer loop
      vertex -1.519726112484932 2.297026112675667 0.6000000000000001
      vertex -1.519726112484932 2.297026112675667 0
      vertex -1.1511100009083748 2.004859998822212 0.6000000000000001
    endloop
  endfacet
  facet normal -0.6311748990581484 -0.7756405396824848 0
    outer loop
      vertex -1.1511100009083748 2.004859998822212 0.6000000000000001
      vertex -1.1511100009083748 2.004859998822212 0
      vertex -0.7862216681241989 1.7079333364963531 0.6000000000000001
    endloop
  endfacet
  facet normal -0.6211537657545594 -0.7836887132586062 0
    outer loop
      vertex -1.1511100009083748 2.004859998822212 0.6000000000000001
      vertex -1.519726112484932 2.297026112675667 0
      vertex -1.1511100009083748 2.004859998822212 0
    endloop
  endfacet
  facet normal -0.6517685113407717 -0.7584179636748029 0
    outer loop
      vertex -0.7862216681241989 1.7079333364963531 0.6000000000000001
      vertex -0.7862216681241989 1.7079333364963531 0
      vertex -0.4325166642665863 1.4039666652679443 0.6000000000000001
    endloop
  endfacet
  facet normal -0.6311748990581484 -0.7756405396824848 0
    outer loop
      vertex -0.7862216681241989 1.7079333364963531 0.6000000000000001
      vertex -1.1511100009083748 2.004859998822212 0
      vertex -0.7862216681241989 1.7079333364963531 0
    endloop
  endfacet
  facet normal 0 0 -1
    outer loop
      vertex -1.1511100009083748 2.004859998822212 0.6000000000000001
      vertex -0.7862216681241989 1.7079333364963531 0.6000000000000001
      vertex -3.413094997406006 -0.9714649990200996 0.6000000000000001
    endloop
  endfacet
  facet normal 0 0 -1
    outer loop
      vertex -0.7862216681241989 1.7079333364963531 0.6000000000000001
      vertex -0.4325166642665863 1.4039666652679443 0.6000000000000001
      vertex -2.9338433369994164 -1.4463777765631676 0.6000000000000001
    endloop
  endfacet
  facet normal 0 0 -1
    outer loop
      vertex -0.4325166642665863 1.4039666652679443 0.6000000000000001
      vertex -0.08999499678611755 1.092960000038147 0.6000000000000001
      vertex -2.9338433369994164 -1.4463777765631676 0.6000000000000001
    endloop
  endfacet
  facet normal -0.6722269140899956 -0.7403451735326178 0
    outer loop
      vertex -0.4325166642665863 1.4039666652679443 0.6000000000000001
      vertex -0.4325166642665863 1.4039666652679443 0
      vertex -0.08999499678611755 1.092960000038147 0.6000000000000001
    endloop
  endfacet
  facet normal -0.6517685113407717 -0.7584179636748029 0
    outer loop
      vertex -0.4325166642665863 1.4039666652679443 0.6000000000000001
      vertex -0.7862216681241989 1.7079333364963531 0
      vertex -0.4325166642665863 1.4039666652679443 0
    endloop
  endfacet
  facet normal -0.6722269140899956 -0.7403451735326178 0
    outer loop
      vertex -0.08999499678611755 1.092960000038147 0.6000000000000001
      vertex -0.4325166642665863 1.4039666652679443 0
      vertex -0.08999499678611755 1.092960000038147 0
    endloop
  endfacet
  facet normal 0.0564467752455778 -0.9984056097420403 0
    outer loop
      vertex -11.25857000052929 -4.663779996335506 0.6000000000000001
      vertex -11.25857000052929 -4.663779996335506 0
      vertex -7.036550000309944 -4.4250800013542175 0.6000000000000001
    endloop
  endfacet
  facet normal 0 0 -1
    outer loop
      vertex -11.25857000052929 -4.663779996335506 0.6000000000000001
      vertex -7.036550000309944 -4.4250800013542175 0.6000000000000001
      vertex -11.098367221653461 -5.5999777764081955 0.6000000000000001
    endloop
  endfacet
  facet normal 0 0 -1
    outer loop
      vertex -11.098367221653461 -5.5999777764081955 0.6000000000000001
      vertex -6.953005000948906 -4.887367218732834 0.6000000000000001
      vertex -10.856532223522663 -6.459077775478363 0.6000000000000001
    endloop
  endfacet
  facet normal 0.9856727544690166 0.1686689689820324 0
    outer loop
      vertex -11.25857000052929 -4.663779996335506 0.6000000000000001
      vertex -11.098367221653461 -5.5999777764081955 0.6000000000000001
      vertex -11.098367221653461 -5.5999777764081955 0
    endloop
  endfacet
  facet normal 0.9856727544690166 0.1686689689820324 0
    outer loop
      vertex -11.25857000052929 -4.663779996335506 0.6000000000000001
      vertex -11.098367221653461 -5.5999777764081955 0
      vertex -11.25857000052929 -4.663779996335506 0
    endloop
  endfacet
  facet normal 0.9625886763273741 0.27096686182320096 0
    outer loop
      vertex -11.098367221653461 -5.5999777764081955 0.6000000000000001
      vertex -10.856532223522663 -6.459077775478363 0.6000000000000001
      vertex -10.856532223522663 -6.459077775478363 0
    endloop
  endfacet
  facet normal 0.9625886763273741 0.27096686182320096 0
    outer loop
      vertex -11.098367221653461 -5.5999777764081955 0.6000000000000001
      vertex -10.856532223522663 -6.459077775478363 0
      vertex -11.098367221653461 -5.5999777764081955 0
    endloop
  endfacet
  facet normal 0.0564467752455778 -0.9984056097420403 0
    outer loop
      vertex -7.036550000309944 -4.4250800013542175 0.6000000000000001
      vertex -11.25857000052929 -4.663779996335506 0
      vertex -7.036550000309944 -4.4250800013542175 0
    endloop
  endfacet
  facet normal 0 0 -1
    outer loop
      vertex -11.098367221653461 -5.5999777764081955 0.6000000000000001
      vertex -7.036550000309944 -4.4250800013542175 0.6000000000000001
      vertex -6.953005000948906 -4.887367218732834 0.6000000000000001
    endloop
  endfacet
  facet normal 0 0 -1
    outer loop
      vertex -10.856532223522663 -6.459077775478363 0.6000000000000001
      vertex -6.953005000948906 -4.887367218732834 0.6000000000000001
      vertex -6.841703332960606 -5.309455558657646 0.6000000000000001
    endloop
  endfacet
  facet normal 0 0 -1
    outer loop
      vertex -10.533064998686314 -7.24108000099659 0.6000000000000001
      vertex -6.841703332960606 -5.309455558657646 0.6000000000000001
      vertex -6.702644996345043 -5.691344998776913 0.6000000000000001
    endloop
  endfacet
  facet normal 0.924066881910181 0.38223081738237097 0
    outer loop
      vertex -10.856532223522663 -6.459077775478363 0.6000000000000001
      vertex -10.533064998686314 -7.24108000099659 0
      vertex -10.856532223522663 -6.459077775478363 0
    endloop
  endfacet
  facet normal 0.924066881910181 0.38223081738237097 0
    outer loop
      vertex -10.856532223522663 -6.459077775478363 0.6000000000000001
      vertex -10.533064998686314 -7.24108000099659 0.6000000000000001
      vertex -10.533064998686314 -7.24108000099659 0
    endloop
  endfacet
  facet normal 0.8670235366618019 0.4982671842239474 0
    outer loop
      vertex -10.533064998686314 -7.24108000099659 0.6000000000000001
      vertex -10.127965554594994 -7.945984445512295 0.6000000000000001
      vertex -10.127965554594994 -7.945984445512295 0
    endloop
  endfacet
  facet normal 0.8670235366618019 0.4982671842239474 0
    outer loop
      vertex -10.533064998686314 -7.24108000099659 0.6000000000000001
      vertex -10.127965554594994 -7.945984445512295 0
      vertex -10.533064998686314 -7.24108000099659 0
    endloop
  endfacet
  facet normal 0.7903044138170399 0.6127143979875983 0
    outer loop
      vertex -10.127965554594994 -7.945984445512295 0.6000000000000001
      vertex -9.641233891248703 -8.573791109025478 0.6000000000000001
      vertex -9.641233891248703 -8.573791109025478 0
    endloop
  endfacet
  facet normal 0.7903044138170399 0.6127143979875983 0
    outer loop
      vertex -10.127965554594994 -7.945984445512295 0.6000000000000001
      vertex -9.641233891248703 -8.573791109025478 0
      vertex -10.127965554594994 -7.945984445512295 0
    endloop
  endfacet
  facet normal 0 0 -1
    outer loop
      vertex -10.856532223522663 -6.459077775478363 0.6000000000000001
      vertex -6.841703332960606 -5.309455558657646 0.6000000000000001
      vertex -10.533064998686314 -7.24108000099659 0.6000000000000001
    endloop
  endfacet
  facet normal 0 0 -1
    outer loop
      vertex -10.533064998686314 -7.24108000099659 0.6000000000000001
      vertex -6.702644996345043 -5.691344998776913 0.6000000000000001
      vertex -10.127965554594994 -7.945984445512295 0.6000000000000001
    endloop
  endfacet
  facet normal 0 0 -1
    outer loop
      vertex -10.127965554594994 -7.945984445512295 0.6000000000000001
      vertex -6.535829998552799 -6.033035553991795 0.6000000000000001
      vertex -9.641233891248703 -8.573791109025478 0.6000000000000001
    endloop
  endfacet
  facet normal 0 0 -1
    outer loop
      vertex -10.127965554594994 -7.945984445512295 0.6000000000000001
      vertex -6.702644996345043 -5.691344998776913 0.6000000000000001
      vertex -6.535829998552799 -6.033035553991795 0.6000000000000001
    endloop
  endfacet
  facet normal 0 0 -1
    outer loop
      vertex -9.641233891248703 -8.573791109025478 0.6000000000000001
      vertex -6.341258332133293 -6.334527224302292 0.6000000000000001
      vertex -9.072870001196861 -9.124499998986721 0.6000000000000001
    endloop
  endfacet
  facet normal 0 0 -1
    outer loop
      vertex -9.072870001196861 -9.124499998986721 0.6000000000000001
      vertex -6.118929997086525 -6.595820002257824 0.6000000000000001
      vertex -8.427017219364643 -9.594047218561172 0.6000000000000001
    endloop
  endfacet
  facet normal 0.6958645499358341 0.718173048883484 0
    outer loop
      vertex -9.641233891248703 -8.573791109025478 0.6000000000000001
      vertex -9.072870001196861 -9.124499998986721 0.6000000000000001
      vertex -9.072870001196861 -9.124499998986721 0
    endloop
  endfacet
  facet normal 0.6958645499358341 0.718173048883484 0
    outer loop
      vertex -9.641233891248703 -8.573791109025478 0.6000000000000001
      vertex -9.072870001196861 -9.124499998986721 0
      vertex -9.641233891248703 -8.573791109025478 0
    endloop
  endfacet
  facet normal 0.5880374428496761 0.8088337071406051 0
    outer loop
      vertex -9.072870001196861 -9.124499998986721 0.6000000000000001
      vertex -8.427017219364643 -9.594047218561172 0
      vertex -9.072870001196861 -9.124499998986721 0
    endloop
  endfacet
  facet normal 0.5880374428496761 0.8088337071406051 0
    outer loop
      vertex -9.072870001196861 -9.124499998986721 0.6000000000000001
      vertex -8.427017219364643 -9.594047218561172 0.6000000000000001
      vertex -8.427017219364643 -9.594047218561172 0
    endloop
  endfacet
  facet normal 0.47116347840501027 0.8820459039173026 0
    outer loop
      vertex -8.427017219364643 -9.594047218561172 0.6000000000000001
      vertex -7.707818888127804 -9.978222221136093 0.6000000000000001
      vertex -7.707818888127804 -9.978222221136093 0
    endloop
  endfacet
  facet normal 0.47116347840501027 0.8820459039173026 0
    outer loop
      vertex -8.427017219364643 -9.594047218561172 0.6000000000000001
      vertex -7.707818888127804 -9.978222221136093 0
      vertex -8.427017219364643 -9.594047218561172 0
    endloop
  endfacet
  facet normal 0.6563258621120923 0.7544775428883346 0
    outer loop
      vertex -4.591708332300186 0.08282388746738434 0.6000000000000001
      vertex -3.965716667473316 -0.46173111349344254 0.6000000000000001
      vertex -3.965716667473316 -0.46173111349344254 0
    endloop
  endfacet
  facet normal 0.6563258621120923 0.7544775428883346 0
    outer loop
      vertex -4.591708332300186 0.08282388746738434 0.6000000000000001
      vertex -3.965716667473316 -0.46173111349344254 0
      vertex -4.591708332300186 0.08282388746738434 0
    endloop
  endfacet
  facet normal -0.9840593840847546 -0.1778401771106106 0
    outer loop
      vertex -7.036550000309944 -4.4250800013542175 0.6000000000000001
      vertex -7.036550000309944 -4.4250800013542175 0
      vertex -6.953005000948906 -4.887367218732834 0.6000000000000001
    endloop
  endfacet
  facet normal -0.9669471132931412 -0.25497701875671275 0
    outer loop
      vertex -6.953005000948906 -4.887367218732834 0.6000000000000001
      vertex -6.953005000948906 -4.887367218732834 0
      vertex -6.841703332960606 -5.309455558657646 0.6000000000000001
    endloop
  endfacet
  facet normal -0.9840593840847546 -0.1778401771106106 0
    outer loop
      vertex -6.953005000948906 -4.887367218732834 0.6000000000000001
      vertex -7.036550000309944 -4.4250800013542175 0
      vertex -6.953005000948906 -4.887367218732834 0
    endloop
  endfacet
  facet normal -0.9669471132931412 -0.25497701875671275 0
    outer loop
      vertex -6.841703332960606 -5.309455558657646 0.6000000000000001
      vertex -6.953005000948906 -4.887367218732834 0
      vertex -6.841703332960606 -5.309455558657646 0
    endloop
  endfacet
  facet normal -0.9396436233703473 -0.3421547326275713 0
    outer loop
      vertex -6.841703332960606 -5.309455558657646 0.6000000000000001
      vertex -6.841703332960606 -5.309455558657646 0
      vertex -6.702644996345043 -5.691344998776913 0.6000000000000001
    endloop
  endfacet
  facet normal -0.9396436233703473 -0.3421547326275713 0
    outer loop
      vertex -6.702644996345043 -5.691344998776913 0.6000000000000001
      vertex -6.841703332960606 -5.309455558657646 0
      vertex -6.702644996345043 -5.691344998776913 0
    endloop
  endfacet
  facet normal -0.8986267582845532 -0.43871397207633495 0
    outer loop
      vertex -6.702644996345043 -5.691344998776913 0.6000000000000001
      vertex -6.702644996345043 -5.691344998776913 0
      vertex -6.535829998552799 -6.033035553991795 0.6000000000000001
    endloop
  endfacet
  facet normal -0.8402193094375591 -0.5422467261757062 0
    outer loop
      vertex -6.535829998552799 -6.033035553991795 0.6000000000000001
      vertex -6.535829998552799 -6.033035553991795 0
      vertex -6.341258332133293 -6.334527224302292 0.6000000000000001
    endloop
  endfacet
  facet normal -0.8986267582845532 -0.43871397207633495 0
    outer loop
      vertex -6.535829998552799 -6.033035553991795 0.6000000000000001
      vertex -6.702644996345043 -5.691344998776913 0
      vertex -6.535829998552799 -6.033035553991795 0
    endloop
  endfacet
  facet normal 0 0 -1
    outer loop
      vertex -0.7862216681241989 1.7079333364963531 0.6000000000000001
      vertex -2.9338433369994164 -1.4463777765631676 0.6000000000000001
      vertex -3.413094997406006 -0.9714649990200996 0.6000000000000001
    endloop
  endfacet
  facet normal 0.6780082785079964 0.7350542662107493 0
    outer loop
      vertex -3.965716667473316 -0.46173111349344254 0.6000000000000001
      vertex -3.413094997406006 -0.9714649990200996 0
      vertex -3.965716667473316 -0.46173111349344254 0
    endloop
  endfacet
  facet normal 0.6780082785079964 0.7350542662107493 0
    outer loop
      vertex -3.965716667473316 -0.46173111349344254 0.6000000000000001
      vertex -3.413094997406006 -0.9714649990200996 0.6000000000000001
      vertex -3.413094997406006 -0.9714649990200996 0
    endloop
  endfacet
  facet normal 0.7038840689974425 0.7103148720191655 0
    outer loop
      vertex -3.413094997406006 -0.9714649990200996 0.6000000000000001
      vertex -2.9338433369994164 -1.4463777765631676 0.6000000000000001
      vertex -2.9338433369994164 -1.4463777765631676 0
    endloop
  endfacet
  facet normal 0.7038840689974425 0.7103148720191655 0
    outer loop
      vertex -3.413094997406006 -0.9714649990200996 0.6000000000000001
      vertex -2.9338433369994164 -1.4463777765631676 0
      vertex -3.413094997406006 -0.9714649990200996 0
    endloop
  endfacet
  facet normal 0.7351004024507823 0.6779582570606377 0
    outer loop
      vertex -2.9338433369994164 -1.4463777765631676 0.6000000000000001
      vertex -2.527961663901806 -1.8864694461226463 0.6000000000000001
      vertex -2.527961663901806 -1.8864694461226463 0
    endloop
  endfacet
  facet normal 0.7730902285531175 0.6342960653477906 0
    outer loop
      vertex -2.527961663901806 -1.8864694461226463 0.6000000000000001
      vertex -2.1954500004649162 -2.2917400002479553 0.6000000000000001
      vertex -2.1954500004649162 -2.2917400002479553 0
    endloop
  endfacet
  facet normal 0.7351004024507823 0.6779582570606377 0
    outer loop
      vertex -2.9338433369994164 -1.4463777765631676 0.6000000000000001
      vertex -2.527961663901806 -1.8864694461226463 0
      vertex -2.9338433369994164 -1.4463777765631676 0
    endloop
  endfacet
  facet normal 0.7730902285531175 0.6342960653477906 0
    outer loop
      vertex -2.527961663901806 -1.8864694461226463 0.6000000000000001
      vertex -2.1954500004649162 -2.2917400002479553 0
      vertex -2.527961663901806 -1.8864694461226463 0
    endloop
  endfacet
  facet normal 0.8186266010881884 0.5743261164101805 0
    outer loop
      vertex -2.1954500004649162 -2.2917400002479553 0.6000000000000001
      vertex -1.9242083355784416 -2.678359441459179 0.6000000000000001
      vertex -1.9242083355784416 -2.678359441459179 0
    endloop
  endfacet
  facet normal 0.8186266010881884 0.5743261164101805 0
    outer loop
      vertex -2.1954500004649162 -2.2917400002479553 0.6000000000000001
      vertex -1.9242083355784416 -2.678359441459179 0
      vertex -2.1954500004649162 -2.2917400002479553 0
    endloop
  endfacet
  facet normal 0 0 -1
    outer loop
      vertex -2.9338433369994164 -1.4463777765631676 0.6000000000000001
      vertex -0.08999499678611755 1.092960000038147 0.6000000000000001
      vertex -2.527961663901806 -1.8864694461226463 0.6000000000000001
    endloop
  endfacet
  facet normal 0 0 -1
    outer loop
      vertex -2.527961663901806 -1.8864694461226463 0.6000000000000001
      vertex 0.561498336493969 0.4498266652226448 0.6000000000000001
      vertex -2.1954500004649162 -2.2917400002479553 0.6000000000000001
    endloop
  endfacet
  facet normal 0 0 -1
    outer loop
      vertex -2.527961663901806 -1.8864694461226463 0.6000000000000001
      vertex -0.08999499678611755 1.092960000038147 0.6000000000000001
      vertex 0.24134333431720734 0.7749133333563805 0.6000000000000001
    endloop
  endfacet
  facet normal 0 0 -1
    outer loop
      vertex -2.527961663901806 -1.8864694461226463 0.6000000000000001
      vertex 0.24134333431720734 0.7749133333563805 0.6000000000000001
      vertex 0.561498336493969 0.4498266652226448 0.6000000000000001
    endloop
  endfacet
  facet normal 0 0 -1
    outer loop
      vertex -2.1954500004649162 -2.2917400002479553 0.6000000000000001
      vertex 0.561498336493969 0.4498266652226448 0.6000000000000001
      vertex 0.8704700022935867 0.1177000030875206 0.6000000000000001
    endloop
  endfacet
  facet normal 0 0 -1
    outer loop
      vertex -2.1954500004649162 -2.2917400002479553 0.6000000000000001
      vertex 0.8704700022935867 0.1177000030875206 0.6000000000000001
      vertex 1.1647261083126068 -0.2231961116194725 0.6000000000000001
    endloop
  endfacet
  facet normal 0 0 -1
    outer loop
      vertex -2.1954500004649162 -2.2917400002479553 0.6000000000000001
      vertex 1.1647261083126068 -0.2231961116194725 0.6000000000000001
      vertex -1.9242083355784416 -2.678359441459179 0.6000000000000001
    endloop
  endfacet
  facet normal 0 0 -1
    outer loop
      vertex -1.9242083355784416 -2.678359441459179 0.6000000000000001
      vertex 1.4407344460487366 -0.574444442987442 0.6000000000000001
      vertex -1.7022833302617073 -3.062497779726982 0.6000000000000001
    endloop
  endfacet
  facet normal 0 0 -1
    outer loop
      vertex -1.7022833302617073 -3.062497779726982 0.6000000000000001
      vertex 1.9380077794194221 -1.307997778058052 0.6000000000000001
      vertex -1.5296749994158745 -3.4441550001502037 0.6000000000000001
    endloop
  endfacet
  facet normal 0.865886153398413 0.5002411112182802 0
    outer loop
      vertex -1.9242083355784416 -2.678359441459179 0.6000000000000001
      vertex -1.7022833302617073 -3.062497779726982 0.6000000000000001
      vertex -1.7022833302617073 -3.062497779726982 0
    endloop
  endfacet
  facet normal 0.865886153398413 0.5002411112182802 0
    outer loop
      vertex -1.9242083355784416 -2.678359441459179 0.6000000000000001
      vertex -1.7022833302617073 -3.062497779726982 0
      vertex -1.9242083355784416 -2.678359441459179 0
    endloop
  endfacet
  facet normal 0 0 -1
    outer loop
      vertex -1.5296749994158745 -3.4441550001502037 0.6000000000000001
      vertex 2.3622900024056435 -2.0829600021243095 0.6000000000000001
      vertex -1.4063833355903625 -3.8233311101794243 0.6000000000000001
    endloop
  endfacet
  facet normal 0 0 -1
    outer loop
      vertex -1.4063833355903625 -3.8233311101794243 0.6000000000000001
      vertex 2.685567781329155 -2.910111114382744 0.6000000000000001
      vertex -1.332408331334591 -4.200026109814644 0.6000000000000001
    endloop
  endfacet
  facet normal 0.9111492711474632 0.41207645611882077 0
    outer loop
      vertex -1.7022833302617073 -3.062497779726982 0.6000000000000001
      vertex -1.5296749994158745 -3.4441550001502037 0.6000000000000001
      vertex -1.5296749994158745 -3.4441550001502037 0
    endloop
  endfacet
  facet normal 0.9509902462558528 0.30922087821851907 0
    outer loop
      vertex -1.5296749994158745 -3.4441550001502037 0.6000000000000001
      vertex -1.4063833355903625 -3.8233311101794243 0.6000000000000001
      vertex -1.4063833355903625 -3.8233311101794243 0
    endloop
  endfacet
  facet normal 0.9111492711474632 0.41207645611882077 0
    outer loop
      vertex -1.7022833302617073 -3.062497779726982 0.6000000000000001
      vertex -1.5296749994158745 -3.4441550001502037 0
      vertex -1.7022833302617073 -3.062497779726982 0
    endloop
  endfacet
  facet normal 0.9509902462558528 0.30922087821851907 0
    outer loop
      vertex -1.5296749994158745 -3.4441550001502037 0.6000000000000001
      vertex -1.4063833355903625 -3.8233311101794243 0
      vertex -1.5296749994158745 -3.4441550001502037 0
    endloop
  endfacet
  facet normal 0.9812580108516431 0.19269851099444635 0
    outer loop
      vertex -1.4063833355903625 -3.8233311101794243 0.6000000000000001
      vertex -1.332408331334591 -4.200026109814644 0.6000000000000001
      vertex -1.332408331334591 -4.200026109814644 0
    endloop
  endfacet
  facet normal 0.9978360558556701 0.06575108846551347 0
    outer loop
      vertex -1.332408331334591 -4.200026109814644 0.6000000000000001
      vertex -1.3077500015497208 -4.574239999055862 0.6000000000000001
      vertex -1.3077500015497208 -4.574239999055862 0
    endloop
  endfacet
  facet normal 0.9812580108516431 0.19269851099444635 0
    outer loop
      vertex -1.4063833355903625 -3.8233311101794243 0.6000000000000001
      vertex -1.332408331334591 -4.200026109814644 0
      vertex -1.4063833355903625 -3.8233311101794243 0
    endloop
  endfacet
  facet normal 0.9978360558556701 0.06575108846551347 0
    outer loop
      vertex -1.332408331334591 -4.200026109814644 0.6000000000000001
      vertex -1.3077500015497208 -4.574239999055862 0
      vertex -1.332408331334591 -4.200026109814644 0
    endloop
  endfacet
  facet normal 0.995849260543261 -0.09101785690423957 0
    outer loop
      vertex -1.3077500015497208 -4.574239999055862 0.6000000000000001
      vertex -1.3844138905405998 -5.41303888708353 0.6000000000000001
      vertex -1.3844138905405998 -5.41303888708353 0
    endloop
  endfacet
  facet normal 0.995849260543261 -0.09101785690423957 0
    outer loop
      vertex -1.3077500015497208 -4.574239999055862 0.6000000000000001
      vertex -1.3844138905405998 -5.41303888708353 0
      vertex -1.3077500015497208 -4.574239999055862 0
    endloop
  endfacet
  facet normal 0.9481729521504203 -0.3177547054102532 0
    outer loop
      vertex -1.3844138905405998 -5.41303888708353 0.6000000000000001
      vertex -1.614405557513237 -6.099328890442848 0.6000000000000001
      vertex -1.614405557513237 -6.099328890442848 0
    endloop
  endfacet
  facet normal 0.9481729521504203 -0.3177547054102532 0
    outer loop
      vertex -1.3844138905405998 -5.41303888708353 0.6000000000000001
      vertex -1.614405557513237 -6.099328890442848 0
      vertex -1.3844138905405998 -5.41303888708353 0
    endloop
  endfacet
  facet normal 0 0 -1
    outer loop
      vertex -9.641233891248703 -8.573791109025478 0.6000000000000001
      vertex -6.535829998552799 -6.033035553991795 0.6000000000000001
      vertex -6.341258332133293 -6.334527224302292 0.6000000000000001
    endloop
  endfacet
  facet normal 0 0 -1
    outer loop
      vertex -9.072870001196861 -9.124499998986721 0.6000000000000001
      vertex -6.341258332133293 -6.334527224302292 0.6000000000000001
      vertex -6.118929997086525 -6.595820002257824 0.6000000000000001
    endloop
  endfacet
  facet normal 0 0 -1
    outer loop
      vertex -8.427017219364643 -9.594047218561172 0.6000000000000001
      vertex -6.118929997086525 -6.595820002257824 0.6000000000000001
      vertex -5.8651111125946045 -6.816913887858391 0.6000000000000001
    endloop
  endfacet
  facet normal -0.7616091552942698 -0.6480366460100453 0
    outer loop
      vertex -6.341258332133293 -6.334527224302292 0.6000000000000001
      vertex -6.341258332133293 -6.334527224302292 0
      vertex -6.118929997086525 -6.595820002257824 0.6000000000000001
    endloop
  endfacet
  facet normal -0.6568243699761505 -0.7540435975495269 0
    outer loop
      vertex -6.118929997086525 -6.595820002257824 0.6000000000000001
      vertex -6.118929997086525 -6.595820002257824 0
      vertex -5.8651111125946045 -6.816913887858391 0.6000000000000001
    endloop
  endfacet
  facet normal -0.5305111290029764 -0.8476779706964122 0
    outer loop
      vertex -5.8651111125946045 -6.816913887858391 0.6000000000000001
      vertex -5.8651111125946045 -6.816913887858391 0
      vertex -5.5760677754879 -6.997808888554573 0.6000000000000001
    endloop
  endfacet
  facet normal -0.8402193094375591 -0.5422467261757062 0
    outer loop
      vertex -6.341258332133293 -6.334527224302292 0.6000000000000001
      vertex -6.535829998552799 -6.033035553991795 0
      vertex -6.341258332133293 -6.334527224302292 0
    endloop
  endfacet
  facet normal -0.7616091552942698 -0.6480366460100453 0
    outer loop
      vertex -6.118929997086525 -6.595820002257824 0.6000000000000001
      vertex -6.341258332133293 -6.334527224302292 0
      vertex -6.118929997086525 -6.595820002257824 0
    endloop
  endfacet
  facet normal -0.6568243699761505 -0.7540435975495269 0
    outer loop
      vertex -5.8651111125946045 -6.816913887858391 0.6000000000000001
      vertex -6.118929997086525 -6.595820002257824 0
      vertex -5.8651111125946045 -6.816913887858391 0
    endloop
  endfacet
  facet normal 0 0 -1
    outer loop
      vertex -8.427017219364643 -9.594047218561172 0.6000000000000001
      vertex -5.8651111125946045 -6.816913887858391 0.6000000000000001
      vertex -7.707818888127804 -9.978222221136093 0.6000000000000001
    endloop
  endfacet
  facet normal 0 0 -1
    outer loop
      vertex -7.707818888127804 -9.978222221136093 0.6000000000000001
      vertex -5.5760677754879 -6.997808888554573 0.6000000000000001
      vertex -6.915275000035763 -10.277024999260902 0.6000000000000001
    endloop
  endfacet
  facet normal 0 0 -1
    outer loop
      vertex -5.8651111125946045 -6.816913887858391 0.6000000000000001
      vertex -5.5760677754879 -6.997808888554573 0.6000000000000001
      vertex -7.707818888127804 -9.978222221136093 0.6000000000000001
    endloop
  endfacet
  facet normal 0 0 -1
    outer loop
      vertex -6.915275000035763 -10.277024999260902 0.6000000000000001
      vertex -5.5760677754879 -6.997808888554573 0.6000000000000001
      vertex -5.251800000667572 -7.13850499689579 0.6000000000000001
    endloop
  endfacet
  facet normal -0.5305111290029764 -0.8476779706964122 0
    outer loop
      vertex -5.5760677754879 -6.997808888554573 0.6000000000000001
      vertex -5.8651111125946045 -6.816913887858391 0
      vertex -5.5760677754879 -6.997808888554573 0
    endloop
  endfacet
  facet normal -0.3980362911794223 -0.9173696697101611 0
    outer loop
      vertex -5.5760677754879 -6.997808888554573 0.6000000000000001
      vertex -5.5760677754879 -6.997808888554573 0
      vertex -5.251800000667572 -7.13850499689579 0.6000000000000001
    endloop
  endfacet
  facet normal -0.2692309403281033 -0.9630756464421917 0
    outer loop
      vertex -5.251800000667572 -7.13850499689579 0.6000000000000001
      vertex -5.251800000667572 -7.13850499689579 0
      vertex -4.892307780683041 -7.2390022203326225 0.6000000000000001
    endloop
  endfacet
  facet normal -0.15101169989487329 -0.9885319754539358 0
    outer loop
      vertex -4.892307780683041 -7.2390022203326225 0.6000000000000001
      vertex -4.892307780683041 -7.2390022203326225 0
      vertex -4.497591108083725 -7.29930055886507 0.6000000000000001
    endloop
  endfacet
  facet normal -0.3980362911794223 -0.9173696697101611 0
    outer loop
      vertex -5.251800000667572 -7.13850499689579 0.6000000000000001
      vertex -5.5760677754879 -6.997808888554573 0
      vertex -5.251800000667572 -7.13850499689579 0
    endloop
  endfacet
  facet normal -0.2692309403281033 -0.9630756464421917 0
    outer loop
      vertex -4.892307780683041 -7.2390022203326225 0.6000000000000001
      vertex -5.251800000667572 -7.13850499689579 0
      vertex -4.892307780683041 -7.2390022203326225 0
    endloop
  endfacet
  facet normal -0.04669828161266107 -0.9989090401505157 0
    outer loop
      vertex -4.497591108083725 -7.29930055886507 0.6000000000000001
      vertex -4.497591108083725 -7.29930055886507 0
      vertex -4.067649997770786 -7.319399997591972 0.6000000000000001
    endloop
  endfacet
  facet normal -0.15101169989487329 -0.9885319754539358 0
    outer loop
      vertex -4.497591108083725 -7.29930055886507 0.6000000000000001
      vertex -4.892307780683041 -7.2390022203326225 0
      vertex -4.497591108083725 -7.29930055886507 0
    endloop
  endfacet
  facet normal -0.04669828161266107 -0.9989090401505157 0
    outer loop
      vertex -4.067649997770786 -7.319399997591972 0.6000000000000001
      vertex -4.497591108083725 -7.29930055886507 0
      vertex -4.067649997770786 -7.319399997591972 0
    endloop
  endfacet
  facet normal 0 0 -1
    outer loop
      vertex -6.04938555508852 -10.4904555529356 0.6000000000000001
      vertex -5.251800000667572 -7.13850499689579 0.6000000000000001
      vertex -4.892307780683041 -7.2390022203326225 0.6000000000000001
    endloop
  endfacet
  facet normal 0 0 -1
    outer loop
      vertex -4.892307780683041 -7.2390022203326225 0.6000000000000001
      vertex -4.497591108083725 -7.29930055886507 0.6000000000000001
      vertex -5.110150553286076 -10.618513889610767 0.6000000000000001
    endloop
  endfacet
  facet normal 0 0 -1
    outer loop
      vertex -4.497591108083725 -7.29930055886507 0.6000000000000001
      vertex -4.067649997770786 -7.319399997591972 0.6000000000000001
      vertex -4.09757000207901 -10.661200001835823 0.6000000000000001
    endloop
  endfacet
  facet normal 0 0 -1
    outer loop
      vertex -6.915275000035763 -10.277024999260902 0.6000000000000001
      vertex -5.251800000667572 -7.13850499689579 0.6000000000000001
      vertex -6.04938555508852 -10.4904555529356 0.6000000000000001
    endloop
  endfacet
  facet normal 0.35277779914364316 0.9357071253503243 0
    outer loop
      vertex -7.707818888127804 -9.978222221136093 0.6000000000000001
      vertex -6.915275000035763 -10.277024999260902 0.6000000000000001
      vertex -6.915275000035763 -10.277024999260902 0
    endloop
  endfacet
  facet normal 0.35277779914364316 0.9357071253503243 0
    outer loop
      vertex -7.707818888127804 -9.978222221136093 0.6000000000000001
      vertex -6.915275000035763 -10.277024999260902 0
      vertex -7.707818888127804 -9.978222221136093 0
    endloop
  endfacet
  facet normal 0.23932409324011367 0.970939739837029 0
    outer loop
      vertex -6.915275000035763 -10.277024999260902 0.6000000000000001
      vertex -6.04938555508852 -10.4904555529356 0.6000000000000001
      vertex -6.04938555508852 -10.4904555529356 0
    endloop
  endfacet
  facet normal 0.23932409324011367 0.970939739837029 0
    outer loop
      vertex -6.915275000035763 -10.277024999260902 0.6000000000000001
      vertex -6.04938555508852 -10.4904555529356 0
      vertex -6.915275000035763 -10.277024999260902 0
    endloop
  endfacet
  facet normal 0.1350933574254837 0.9908328742928902 0
    outer loop
      vertex -6.04938555508852 -10.4904555529356 0.6000000000000001
      vertex -5.110150553286076 -10.618513889610767 0
      vertex -6.04938555508852 -10.4904555529356 0
    endloop
  endfacet
  facet normal 0 0 -1
    outer loop
      vertex -6.04938555508852 -10.4904555529356 0.6000000000000001
      vertex -4.892307780683041 -7.2390022203326225 0.6000000000000001
      vertex -5.110150553286076 -10.618513889610767 0.6000000000000001
    endloop
  endfacet
  facet normal 0 0 -1
    outer loop
      vertex -4.497591108083725 -7.29930055886507 0.6000000000000001
      vertex -4.09757000207901 -10.661200001835823 0.6000000000000001
      vertex -5.110150553286076 -10.618513889610767 0.6000000000000001
    endloop
  endfacet
  facet normal 0.1350933574254837 0.9908328742928902 0
    outer loop
      vertex -6.04938555508852 -10.4904555529356 0.6000000000000001
      vertex -5.110150553286076 -10.618513889610767 0.6000000000000001
      vertex -5.110150553286076 -10.618513889610767 0
    endloop
  endfacet
  facet normal 0.04211836156392665 0.9991126280951365 0
    outer loop
      vertex -5.110150553286076 -10.618513889610767 0.6000000000000001
      vertex -4.09757000207901 -10.661200001835823 0
      vertex -5.110150553286076 -10.618513889610767 0
    endloop
  endfacet
  facet normal 0.04211836156392665 0.9991126280951365 0
    outer loop
      vertex -5.110150553286076 -10.618513889610767 0.6000000000000001
      vertex -4.09757000207901 -10.661200001835823 0.6000000000000001
      vertex -4.09757000207901 -10.661200001835823 0
    endloop
  endfacet
  facet normal 0.09005614449487082 -0.9959366901759965 0
    outer loop
      vertex -4.067649997770786 -7.319399997591972 0.6000000000000001
      vertex -4.067649997770786 -7.319399997591972 0
      vertex -3.2243472188711166 -7.243145555257797 0.6000000000000001
    endloop
  endfacet
  facet normal 0.31470654276690435 -0.9491890180252311 0
    outer loop
      vertex -3.2243472188711166 -7.243145555257797 0.6000000000000001
      vertex -3.2243472188711166 -7.243145555257797 0
      vertex -2.5343722254037857 -7.014382220804691 0.6000000000000001
    endloop
  endfacet
  facet normal 0.09005614449487082 -0.9959366901759965 0
    outer loop
      vertex -3.2243472188711166 -7.243145555257797 0.6000000000000001
      vertex -4.067649997770786 -7.319399997591972 0
      vertex -3.2243472188711166 -7.243145555257797 0
    endloop
  endfacet
  facet normal 0.5791770956186608 -0.8152017492073559 0
    outer loop
      vertex -1.9977250024676323 -6.633110001683235 0.6000000000000001
      vertex -2.5343722254037857 -7.014382220804691 0.6000000000000001
      vertex -2.5343722254037857 -7.014382220804691 0
    endloop
  endfacet
  facet normal 0.5791770956186608 -0.8152017492073559 0
    outer loop
      vertex -1.9977250024676323 -6.633110001683235 0.6000000000000001
      vertex -2.5343722254037857 -7.014382220804691 0
      vertex -1.9977250024676323 -6.633110001683235 0
    endloop
  endfacet
  facet normal 0.31470654276690435 -0.9491890180252311 0
    outer loop
      vertex -2.5343722254037857 -7.014382220804691 0.6000000000000001
      vertex -3.2243472188711166 -7.243145555257797 0
      vertex -2.5343722254037857 -7.014382220804691 0
    endloop
  endfacet
  facet normal 0 0 -1
    outer loop
      vertex -4.067649997770786 -7.319399997591972 0.6000000000000001
      vertex -3.2243472188711166 -7.243145555257797 0.6000000000000001
      vertex -3.00762277841568 -10.618098333477974 0.6000000000000001
    endloop
  endfacet
  facet normal 0 0 -1
    outer loop
      vertex -3.2243472188711166 -7.243145555257797 0.6000000000000001
      vertex -2.5343722254037857 -7.014382220804691 0.6000000000000001
      vertex -2.005541108548641 -10.488793335855007 0.6000000000000001
    endloop
  endfacet
  facet normal 0 0 -1
    outer loop
      vertex -1.3844138905405998 -5.41303888708353 0.6000000000000001
      vertex 2.489174999296665 -7.244764998555183 0.6000000000000001
      vertex -1.614405557513237 -6.099328890442848 0.6000000000000001
    endloop
  endfacet
  facet normal 0 0 -1
    outer loop
      vertex -1.9977250024676323 -6.633110001683235 0.6000000000000001
      vertex -1.614405557513237 -6.099328890442848 0.6000000000000001
      vertex 1.1241300031542778 -9.1095400005579 0.6000000000000001
    endloop
  endfacet
  facet normal 0.8122574185227316 -0.5832991394257222 0
    outer loop
      vertex -1.9977250024676323 -6.633110001683235 0.6000000000000001
      vertex -1.9977250024676323 -6.633110001683235 0
      vertex -1.614405557513237 -6.099328890442848 0.6000000000000001
    endloop
  endfacet
  facet normal 0.8122574185227316 -0.5832991394257222 0
    outer loop
      vertex -1.614405557513237 -6.099328890442848 0.6000000000000001
      vertex -1.9977250024676323 -6.633110001683235 0
      vertex -1.614405557513237 -6.099328890442848 0
    endloop
  endfacet
  facet normal 0 0 -1
    outer loop
      vertex -1.9977250024676323 -6.633110001683235 0.6000000000000001
      vertex -0.264974445104599 -9.971573330461979 0.6000000000000001
      vertex -2.5343722254037857 -7.014382220804691 0.6000000000000001
    endloop
  endfacet
  facet normal 0 0 -1
    outer loop
      vertex -2.5343722254037857 -7.014382220804691 0.6000000000000001
      vertex -1.0913249999284744 -10.273285001516342 0.6000000000000001
      vertex -2.005541108548641 -10.488793335855007 0.6000000000000001
    endloop
  endfacet
  facet normal 0 0 -1
    outer loop
      vertex -2.5343722254037857 -7.014382220804691 0.6000000000000001
      vertex -0.264974445104599 -9.971573330461979 0.6000000000000001
      vertex -1.0913249999284744 -10.273285001516342 0.6000000000000001
    endloop
  endfacet
  facet normal 0 0 -1
    outer loop
      vertex -1.9977250024676323 -6.633110001683235 0.6000000000000001
      vertex 1.1241300031542778 -9.1095400005579 0.6000000000000001
      vertex 0.4735105559229851 -9.583658330142498 0.6000000000000001
    endloop
  endfacet
  facet normal 0 0 -1
    outer loop
      vertex -1.9977250024676323 -6.633110001683235 0.6000000000000001
      vertex 0.4735105559229851 -9.583658330142498 0.6000000000000001
      vertex -0.264974445104599 -9.971573330461979 0.6000000000000001
    endloop
  endfacet
  facet normal 0 0 -1
    outer loop
      vertex -4.067649997770786 -7.319399997591972 0.6000000000000001
      vertex -3.00762277841568 -10.618098333477974 0.6000000000000001
      vertex -4.09757000207901 -10.661200001835823 0.6000000000000001
    endloop
  endfacet
  facet normal 0 0 -1
    outer loop
      vertex -3.2243472188711166 -7.243145555257797 0.6000000000000001
      vertex -2.005541108548641 -10.488793335855007 0.6000000000000001
      vertex -3.00762277841568 -10.618098333477974 0.6000000000000001
    endloop
  endfacet
  facet normal -0.039513846186232535 0.9992190230172615 0
    outer loop
      vertex -4.09757000207901 -10.661200001835823 0.6000000000000001
      vertex -3.00762277841568 -10.618098333477974 0.6000000000000001
      vertex -3.00762277841568 -10.618098333477974 0
    endloop
  endfacet
  facet normal -0.039513846186232535 0.9992190230172615 0
    outer loop
      vertex -4.09757000207901 -10.661200001835823 0.6000000000000001
      vertex -3.00762277841568 -10.618098333477974 0
      vertex -4.09757000207901 -10.661200001835823 0
    endloop
  endfacet
  facet normal -0.12797536503022255 0.9917773469611925 0
    outer loop
      vertex -3.00762277841568 -10.618098333477974 0.6000000000000001
      vertex -2.005541108548641 -10.488793335855007 0.6000000000000001
      vertex -2.005541108548641 -10.488793335855007 0
    endloop
  endfacet
  facet normal -0.12797536503022255 0.9917773469611925 0
    outer loop
      vertex -3.00762277841568 -10.618098333477974 0.6000000000000001
      vertex -2.005541108548641 -10.488793335855007 0
      vertex -3.00762277841568 -10.618098333477974 0
    endloop
  endfacet
  facet normal -0.2294414848675329 0.9733224568568125 0
    outer loop
      vertex -2.005541108548641 -10.488793335855007 0.6000000000000001
      vertex -1.0913249999284744 -10.273285001516342 0.6000000000000001
      vertex -1.0913249999284744 -10.273285001516342 0
    endloop
  endfacet
  facet normal -0.2294414848675329 0.9733224568568125 0
    outer loop
      vertex -2.005541108548641 -10.488793335855007 0.6000000000000001
      vertex -1.0913249999284744 -10.273285001516342 0
      vertex -2.005541108548641 -10.488793335855007 0
    endloop
  endfacet
  facet normal -0.4650315918934129 0.8852940859065299 0
    outer loop
      vertex -0.264974445104599 -9.971573330461979 0.6000000000000001
      vertex 0.4735105559229851 -9.583658330142498 0
      vertex -0.264974445104599 -9.971573330461979 0
    endloop
  endfacet
  facet normal -0.3429681947785374 0.9393470164802522 0
    outer loop
      vertex -1.0913249999284744 -10.273285001516342 0.6000000000000001
      vertex -0.264974445104599 -9.971573330461979 0.6000000000000001
      vertex -0.264974445104599 -9.971573330461979 0
    endloop
  endfacet
  facet normal -0.3429681947785374 0.9393470164802522 0
    outer loop
      vertex -1.0913249999284744 -10.273285001516342 0.6000000000000001
      vertex -0.264974445104599 -9.971573330461979 0
      vertex -1.0913249999284744 -10.273285001516342 0
    endloop
  endfacet
  facet normal -1 0 0
    outer loop
      vertex 3.2724300026893616 10.67264000326395 0.6000000000000001
      vertex 3.2724300026893616 10.67264000326395 0
      vertex 3.2724300026893616 7.226340003311634 0.6000000000000001
    endloop
  endfacet
  facet normal 0 0 -1
    outer loop
      vertex -6.484569996595383 7.226340003311634 0.6000000000000001
      vertex 3.2724300026893616 10.67264000326395 0.6000000000000001
      vertex 3.2724300026893616 7.226340003311634 0.6000000000000001
    endloop
  endfacet
  facet normal 0 1 0
    outer loop
      vertex -6.484569996595383 7.226340003311634 0.6000000000000001
      vertex 3.2724300026893616 7.226340003311634 0.6000000000000001
      vertex 3.2724300026893616 7.226340003311634 0
    endloop
  endfacet
  facet normal -1 0 0
    outer loop
      vertex 3.2724300026893616 7.226340003311634 0.6000000000000001
      vertex 3.2724300026893616 10.67264000326395 0
      vertex 3.2724300026893616 7.226340003311634 0
    endloop
  endfacet
  facet normal -0.6924886214492482 -0.7214287970155612 0
    outer loop
      vertex -0.08999499678611755 1.092960000038147 0.6000000000000001
      vertex -0.08999499678611755 1.092960000038147 0
      vertex 0.24134333431720734 0.7749133333563805 0.6000000000000001
    endloop
  endfacet
  facet normal -0.6924886214492482 -0.7214287970155612 0
    outer loop
      vertex 0.24134333431720734 0.7749133333563805 0.6000000000000001
      vertex -0.08999499678611755 1.092960000038147 0
      vertex 0.24134333431720734 0.7749133333563805 0
    endloop
  endfacet
  facet normal -0.7124904795978375 -0.7016817772198758 0
    outer loop
      vertex 0.24134333431720734 0.7749133333563805 0.6000000000000001
      vertex 0.24134333431720734 0.7749133333563805 0
      vertex 0.561498336493969 0.4498266652226448 0.6000000000000001
    endloop
  endfacet
  facet normal -0.7321684540532345 -0.681123597366364 0
    outer loop
      vertex 0.561498336493969 0.4498266652226448 0.6000000000000001
      vertex 0.561498336493969 0.4498266652226448 0
      vertex 0.8704700022935867 0.1177000030875206 0.6000000000000001
    endloop
  endfacet
  facet normal -0.7124904795978375 -0.7016817772198758 0
    outer loop
      vertex 0.561498336493969 0.4498266652226448 0.6000000000000001
      vertex 0.24134333431720734 0.7749133333563805 0
      vertex 0.561498336493969 0.4498266652226448 0
    endloop
  endfacet
  facet normal -0.7321684540532345 -0.681123597366364 0
    outer loop
      vertex 0.8704700022935867 0.1177000030875206 0.6000000000000001
      vertex 0.561498336493969 0.4498266652226448 0
      vertex 0.8704700022935867 0.1177000030875206 0
    endloop
  endfacet
  facet normal -0.756992339141356 -0.653423751084469 0
    outer loop
      vertex 0.8704700022935867 0.1177000030875206 0.6000000000000001
      vertex 0.8704700022935867 0.1177000030875206 0
      vertex 1.1647261083126068 -0.2231961116194725 0.6000000000000001
    endloop
  endfacet
  facet normal 0 0 -1
    outer loop
      vertex -1.9242083355784416 -2.678359441459179 0.6000000000000001
      vertex 1.1647261083126068 -0.2231961116194725 0.6000000000000001
      vertex 1.4407344460487366 -0.574444442987442 0.6000000000000001
    endloop
  endfacet
  facet normal 0 0 -1
    outer loop
      vertex -1.7022833302617073 -3.062497779726982 0.6000000000000001
      vertex 1.4407344460487366 -0.574444442987442 0.6000000000000001
      vertex 1.6984950006008148 -0.9360449984669685 0.6000000000000001
    endloop
  endfacet
  facet normal -0.7862884251968026 -0.6178596219219479 0
    outer loop
      vertex 1.1647261083126068 -0.2231961116194725 0.6000000000000001
      vertex 1.1647261083126068 -0.2231961116194725 0
      vertex 1.4407344460487366 -0.574444442987442 0.6000000000000001
    endloop
  endfacet
  facet normal -0.8142928608271807 -0.580454250398673 0
    outer loop
      vertex 1.4407344460487366 -0.574444442987442 0.6000000000000001
      vertex 1.4407344460487366 -0.574444442987442 0
      vertex 1.6984950006008148 -0.9360449984669685 0.6000000000000001
    endloop
  endfacet
  facet normal -0.756992339141356 -0.653423751084469 0
    outer loop
      vertex 1.1647261083126068 -0.2231961116194725 0.6000000000000001
      vertex 0.8704700022935867 0.1177000030875206 0
      vertex 1.1647261083126068 -0.2231961116194725 0
    endloop
  endfacet
  facet normal -0.7862884251968026 -0.6178596219219479 0
    outer loop
      vertex 1.4407344460487366 -0.574444442987442 0.6000000000000001
      vertex 1.1647261083126068 -0.2231961116194725 0
      vertex 1.4407344460487366 -0.574444442987442 0
    endloop
  endfacet
  facet normal -0.8407666654549005 -0.5413976489234575 0
    outer loop
      vertex 1.6984950006008148 -0.9360449984669685 0.6000000000000001
      vertex 1.6984950006008148 -0.9360449984669685 0
      vertex 1.9380077794194221 -1.307997778058052 0.6000000000000001
    endloop
  endfacet
  facet normal -0.8142928608271807 -0.580454250398673 0
    outer loop
      vertex 1.6984950006008148 -0.9360449984669685 0.6000000000000001
      vertex 1.4407344460487366 -0.574444442987442 0
      vertex 1.6984950006008148 -0.9360449984669685 0
    endloop
  endfacet
  facet normal -0.8407666654549005 -0.5413976489234575 0
    outer loop
      vertex 1.9380077794194221 -1.307997778058052 0.6000000000000001
      vertex 1.6984950006008148 -0.9360449984669685 0
      vertex 1.9380077794194221 -1.307997778058052 0
    endloop
  endfacet
  facet normal 0 0 -1
    outer loop
      vertex -1.7022833302617073 -3.062497779726982 0.6000000000000001
      vertex 1.6984950006008148 -0.9360449984669685 0.6000000000000001
      vertex 1.9380077794194221 -1.307997778058052 0.6000000000000001
    endloop
  endfacet
  facet normal 0 0 -1
    outer loop
      vertex -1.5296749994158745 -3.4441550001502037 0.6000000000000001
      vertex 1.9380077794194221 -1.307997778058052 0.6000000000000001
      vertex 2.159272775053978 -1.690302774310112 0.6000000000000001
    endloop
  endfacet
  facet normal 0 0 -1
    outer loop
      vertex -1.5296749994158745 -3.4441550001502037 0.6000000000000001
      vertex 2.159272775053978 -1.690302774310112 0.6000000000000001
      vertex 2.3622900024056435 -2.0829600021243095 0.6000000000000001
    endloop
  endfacet
  facet normal 0 0 -1
    outer loop
      vertex -1.4063833355903625 -3.8233311101794243 0.6000000000000001
      vertex 2.3622900024056435 -2.0829600021243095 0.6000000000000001
      vertex 2.540092781186104 -2.4886644408106804 0.6000000000000001
    endloop
  endfacet
  facet normal 0 0 -1
    outer loop
      vertex -1.4063833355903625 -3.8233311101794243 0.6000000000000001
      vertex 2.540092781186104 -2.4886644408106804 0.6000000000000001
      vertex 2.685567781329155 -2.910111114382744 0.6000000000000001
    endloop
  endfacet
  facet normal -0.8654944779749578 -0.5009184650168678 0
    outer loop
      vertex 1.9380077794194221 -1.307997778058052 0.6000000000000001
      vertex 1.9380077794194221 -1.307997778058052 0
      vertex 2.159272775053978 -1.690302774310112 0.6000000000000001
    endloop
  endfacet
  facet normal -0.8882927195630907 -0.4592777420812031 0
    outer loop
      vertex 2.159272775053978 -1.690302774310112 0.6000000000000001
      vertex 2.159272775053978 -1.690302774310112 0
      vertex 2.3622900024056435 -2.0829600021243095 0.6000000000000001
    endloop
  endfacet
  facet normal -0.915902573248055 -0.401400643145463 0
    outer loop
      vertex 2.3622900024056435 -2.0829600021243095 0.6000000000000001
      vertex 2.3622900024056435 -2.0829600021243095 0
      vertex 2.540092781186104 -2.4886644408106804 0.6000000000000001
    endloop
  endfacet
  facet normal -0.8654944779749578 -0.5009184650168678 0
    outer loop
      vertex 2.159272775053978 -1.690302774310112 0.6000000000000001
      vertex 1.9380077794194221 -1.307997778058052 0
      vertex 2.159272775053978 -1.690302774310112 0
    endloop
  endfacet
  facet normal -0.8882927195630907 -0.4592777420812031 0
    outer loop
      vertex 2.3622900024056435 -2.0829600021243095 0.6000000000000001
      vertex 2.159272775053978 -1.690302774310112 0
      vertex 2.3622900024056435 -2.0829600021243095 0
    endloop
  endfacet
  facet normal -0.9452702451155124 -0.32628846700313957 0
    outer loop
      vertex 2.540092781186104 -2.4886644408106804 0.6000000000000001
      vertex 2.540092781186104 -2.4886644408106804 0
      vertex 2.685567781329155 -2.910111114382744 0.6000000000000001
    endloop
  endfacet
  facet normal -0.9681033476521029 -0.25055120886715304 0
    outer loop
      vertex 2.685567781329155 -2.910111114382744 0.6000000000000001
      vertex 2.685567781329155 -2.910111114382744 0
      vertex 2.798715002834797 -3.347300000488758 0.6000000000000001
    endloop
  endfacet
  facet normal -0.915902573248055 -0.401400643145463 0
    outer loop
      vertex 2.540092781186104 -2.4886644408106804 0.6000000000000001
      vertex 2.3622900024056435 -2.0829600021243095 0
      vertex 2.540092781186104 -2.4886644408106804 0
    endloop
  endfacet
  facet normal -0.9452702451155124 -0.32628846700313957 0
    outer loop
      vertex 2.685567781329155 -2.910111114382744 0.6000000000000001
      vertex 2.540092781186104 -2.4886644408106804 0
      vertex 2.685567781329155 -2.910111114382744 0
    endloop
  endfacet
  facet normal 0 0 -1
    outer loop
      vertex -1.332408331334591 -4.200026109814644 0.6000000000000001
      vertex 2.928026109933853 -4.268904447555542 0.6000000000000001
      vertex -1.3077500015497208 -4.574239999055862 0.6000000000000001
    endloop
  endfacet
  facet normal 0 0 -1
    outer loop
      vertex -1.332408331334591 -4.200026109814644 0.6000000000000001
      vertex 2.685567781329155 -2.910111114382744 0.6000000000000001
      vertex 2.798715002834797 -3.347300000488758 0.6000000000000001
    endloop
  endfacet
  facet normal 0 0 -1
    outer loop
      vertex -1.332408331334591 -4.200026109814644 0.6000000000000001
      vertex 2.798715002834797 -3.347300000488758 0.6000000000000001
      vertex 2.8795344457030296 -3.8002311140298843 0.6000000000000001
    endloop
  endfacet
  facet normal 0 0 -1
    outer loop
      vertex -1.332408331334591 -4.200026109814644 0.6000000000000001
      vertex 2.8795344457030296 -3.8002311140298843 0.6000000000000001
      vertex 2.928026109933853 -4.268904447555542 0.6000000000000001
    endloop
  endfacet
  facet normal 0 0 -1
    outer loop
      vertex -1.3077500015497208 -4.574239999055862 0.6000000000000001
      vertex 2.928026109933853 -4.268904447555542 0.6000000000000001
      vertex 2.944190002977848 -4.753320001065731 0.6000000000000001
    endloop
  endfacet
  facet normal 0 0 -1
    outer loop
      vertex -1.3077500015497208 -4.574239999055862 0.6000000000000001
      vertex 2.8936327770352364 -5.653431668877602 0.6000000000000001
      vertex -1.3844138905405998 -5.41303888708353 0.6000000000000001
    endloop
  endfacet
  facet normal 0 0 -1
    outer loop
      vertex -1.3077500015497208 -4.574239999055862 0.6000000000000001
      vertex 2.944190002977848 -4.753320001065731 0.6000000000000001
      vertex 2.8936327770352364 -5.653431668877602 0.6000000000000001
    endloop
  endfacet
  facet normal 0 0 -1
    outer loop
      vertex -1.3844138905405998 -5.41303888708353 0.6000000000000001
      vertex 2.8936327770352364 -5.653431668877602 0.6000000000000001
      vertex 2.7419611141085625 -6.483913332223892 0.6000000000000001
    endloop
  endfacet
  facet normal -0.984450553744899 -0.17566191172636592 0
    outer loop
      vertex 2.798715002834797 -3.347300000488758 0.6000000000000001
      vertex 2.798715002834797 -3.347300000488758 0
      vertex 2.8795344457030296 -3.8002311140298843 0.6000000000000001
    endloop
  endfacet
  facet normal -0.9681033476521029 -0.25055120886715304 0
    outer loop
      vertex 2.798715002834797 -3.347300000488758 0.6000000000000001
      vertex 2.685567781329155 -2.910111114382744 0
      vertex 2.798715002834797 -3.347300000488758 0
    endloop
  endfacet
  facet normal -0.984450553744899 -0.17566191172636592 0
    outer loop
      vertex 2.8795344457030296 -3.8002311140298843 0.6000000000000001
      vertex 2.798715002834797 -3.347300000488758 0
      vertex 2.8795344457030296 -3.8002311140298843 0
    endloop
  endfacet
  facet normal -0.9946900089374272 -0.10291640355191654 0
    outer loop
      vertex 2.8795344457030296 -3.8002311140298843 0.6000000000000001
      vertex 2.8795344457030296 -3.8002311140298843 0
      vertex 2.928026109933853 -4.268904447555542 0.6000000000000001
    endloop
  endfacet
  facet normal -0.9994437586042471 -0.0333492636652665 0
    outer loop
      vertex 2.928026109933853 -4.268904447555542 0.6000000000000001
      vertex 2.928026109933853 -4.268904447555542 0
      vertex 2.944190002977848 -4.753320001065731 0.6000000000000001
    endloop
  endfacet
  facet normal -0.9946900089374272 -0.10291640355191654 0
    outer loop
      vertex 2.928026109933853 -4.268904447555542 0.6000000000000001
      vertex 2.8795344457030296 -3.8002311140298843 0
      vertex 2.928026109933853 -4.268904447555542 0
    endloop
  endfacet
  facet normal -0.9994437586042471 -0.0333492636652665 0
    outer loop
      vertex 2.944190002977848 -4.753320001065731 0.6000000000000001
      vertex 2.928026109933853 -4.268904447555542 0
      vertex 2.944190002977848 -4.753320001065731 0
    endloop
  endfacet
  facet normal -0.9837288843900157 0.17965934992862215 0
    outer loop
      vertex 2.8936327770352364 -5.653431668877602 0.6000000000000001
      vertex 2.8936327770352364 -5.653431668877602 0
      vertex 2.7419611141085625 -6.483913332223892 0.6000000000000001
    endloop
  endfacet
  facet normal -0.9984263157848401 0.05607933619713249 0
    outer loop
      vertex 2.944190002977848 -4.753320001065731 0.6000000000000001
      vertex 2.944190002977848 -4.753320001065731 0
      vertex 2.8936327770352364 -5.653431668877602 0.6000000000000001
    endloop
  endfacet
  facet normal -0.9984263157848401 0.05607933619713249 0
    outer loop
      vertex 2.8936327770352364 -5.653431668877602 0.6000000000000001
      vertex 2.944190002977848 -4.753320001065731 0
      vertex 2.8936327770352364 -5.653431668877602 0
    endloop
  endfacet
  facet normal 0 0 -1
    outer loop
      vertex -1.614405557513237 -6.099328890442848 0.6000000000000001
      vertex 2.1352744475007057 -7.935986667871475 0.6000000000000001
      vertex 1.6802594438195229 -8.557578332722187 0.6000000000000001
    endloop
  endfacet
  facet normal 0 0 -1
    outer loop
      vertex -1.3844138905405998 -5.41303888708353 0.6000000000000001
      vertex 2.7419611141085625 -6.483913332223892 0.6000000000000001
      vertex 2.489174999296665 -7.244764998555183 0.6000000000000001
    endloop
  endfacet
  facet normal 0 0 -1
    outer loop
      vertex -1.614405557513237 -6.099328890442848 0.6000000000000001
      vertex 2.489174999296665 -7.244764998555183 0.6000000000000001
      vertex 2.1352744475007057 -7.935986667871475 0.6000000000000001
    endloop
  endfacet
  facet normal 0 0 -1
    outer loop
      vertex -1.614405557513237 -6.099328890442848 0.6000000000000001
      vertex 1.6802594438195229 -8.557578332722187 0.6000000000000001
      vertex 1.1241300031542778 -9.1095400005579 0.6000000000000001
    endloop
  endfacet
  facet normal -0.5889355813563808 0.8081799805813193 0
    outer loop
      vertex 0.4735105559229851 -9.583658330142498 0.6000000000000001
      vertex 1.1241300031542778 -9.1095400005579 0.6000000000000001
      vertex 1.1241300031542778 -9.1095400005579 0
    endloop
  endfacet
  facet normal -0.8069116330287764 0.590672173445502 0
    outer loop
      vertex 1.6802594438195229 -8.557578332722187 0.6000000000000001
      vertex 2.1352744475007057 -7.935986667871475 0
      vertex 1.6802594438195229 -8.557578332722187 0
    endloop
  endfacet
  facet normal -0.7044422152745355 0.7097613439312574 0
    outer loop
      vertex 1.6802594438195229 -8.557578332722187 0.6000000000000001
      vertex 1.6802594438195229 -8.557578332722187 0
      vertex 1.1241300031542778 -9.1095400005579 0.6000000000000001
    endloop
  endfacet
  facet normal -0.7044422152745355 0.7097613439312574 0
    outer loop
      vertex 1.1241300031542778 -9.1095400005579 0.6000000000000001
      vertex 1.6802594438195229 -8.557578332722187 0
      vertex 1.1241300031542778 -9.1095400005579 0
    endloop
  endfacet
  facet normal -0.9489938259487153 0.3152946531598963 0
    outer loop
      vertex 2.7419611141085625 -6.483913332223892 0.6000000000000001
      vertex 2.7419611141085625 -6.483913332223892 0
      vertex 2.489174999296665 -7.244764998555183 0.6000000000000001
    endloop
  endfacet
  facet normal -0.9837288843900157 0.17965934992862215 0
    outer loop
      vertex 2.7419611141085625 -6.483913332223892 0.6000000000000001
      vertex 2.8936327770352364 -5.653431668877602 0
      vertex 2.7419611141085625 -6.483913332223892 0
    endloop
  endfacet
  facet normal -0.8901164071427795 0.4557332352761092 0
    outer loop
      vertex 2.489174999296665 -7.244764998555183 0.6000000000000001
      vertex 2.489174999296665 -7.244764998555183 0
      vertex 2.1352744475007057 -7.935986667871475 0.6000000000000001
    endloop
  endfacet
  facet normal -0.8901164071427795 0.4557332352761092 0
    outer loop
      vertex 2.1352744475007057 -7.935986667871475 0.6000000000000001
      vertex 2.489174999296665 -7.244764998555183 0
      vertex 2.1352744475007057 -7.935986667871475 0
    endloop
  endfacet
  facet normal -0.9489938259487153 0.3152946531598963 0
    outer loop
      vertex 2.489174999296665 -7.244764998555183 0.6000000000000001
      vertex 2.7419611141085625 -6.483913332223892 0
      vertex 2.489174999296665 -7.244764998555183 0
    endloop
  endfacet
  facet normal -0.8069116330287764 0.590672173445502 0
    outer loop
      vertex 1.6802594438195229 -8.557578332722187 0.6000000000000001
      vertex 2.1352744475007057 -7.935986667871475 0.6000000000000001
      vertex 2.1352744475007057 -7.935986667871475 0
    endloop
  endfacet
  facet normal -0.4650315918934129 0.8852940859065299 0
    outer loop
      vertex -0.264974445104599 -9.971573330461979 0.6000000000000001
      vertex 0.4735105559229851 -9.583658330142498 0.6000000000000001
      vertex 0.4735105559229851 -9.583658330142498 0
    endloop
  endfacet
  facet normal -0.5889355813563808 0.8081799805813193 0
    outer loop
      vertex 0.4735105559229851 -9.583658330142498 0.6000000000000001
      vertex 1.1241300031542778 -9.1095400005579 0
      vertex 0.4735105559229851 -9.583658330142498 0
    endloop
  endfacet
  facet normal 0 0 -1
    outer loop
      vertex -16.29992250353098 20.758942499756813 0.6000000000000001
      vertex -15.936972498893738 20.077342502772808 0.6000000000000001
      vertex -16.466485001146793 20.669430002570152 0.6000000000000001
    endloop
  endfacet
  facet normal 0 0 -1
    outer loop
      vertex -16.61380624771118 20.563388749957085 0.6000000000000001
      vertex -16.070552498102188 19.932892501354218 0.6000000000000001
      vertex -16.742480002343655 20.44056499749422 0.6000000000000001
    endloop
  endfacet
  facet normal 0 0 -1
    outer loop
      vertex -16.85250625014305 20.30095875263214 0.6000000000000001
      vertex -16.742480002343655 20.44056499749422 0.6000000000000001
      vertex -16.070552498102188 19.932892501354218 0.6000000000000001
    endloop
  endfacet
  facet normal 0 0 -1
    outer loop
      vertex -16.61380624771118 20.563388749957085 0.6000000000000001
      vertex -16.466485001146793 20.669430002570152 0.6000000000000001
      vertex -16.008424997329712 20.010329999029636 0.6000000000000001
    endloop
  endfacet
  facet normal 0 0 -1
    outer loop
      vertex -16.61380624771118 20.563388749957085 0.6000000000000001
      vertex -16.008424997329712 20.010329999029636 0.6000000000000001
      vertex -16.070552498102188 19.932892501354218 0.6000000000000001
    endloop
  endfacet
  facet normal 0 0 -1
    outer loop
      vertex -16.29992250353098 20.758942499756813 0.6000000000000001
      vertex -16.11352500319481 20.832180000841618 0.6000000000000001
      vertex -15.856195002794266 20.13392999768257 0.6000000000000001
    endloop
  endfacet
  facet normal 0 0 -1
    outer loop
      vertex -16.11352500319481 20.832180000841618 0.6000000000000001
      vertex -15.907292500138283 20.889142498373985 0.6000000000000001
      vertex -15.765231251716614 20.181010000407696 0.6000000000000001
    endloop
  endfacet
  facet normal 0 0 -1
    outer loop
      vertex -15.907292500138283 20.889142498373985 0.6000000000000001
      vertex -15.681225001811981 20.929829999804497 0.6000000000000001
      vertex -15.663249999284744 20.219530001282692 0.6000000000000001
    endloop
  endfacet
  facet normal 0 0 -1
    outer loop
      vertex -16.29992250353098 20.758942499756813 0.6000000000000001
      vertex -15.856195002794266 20.13392999768257 0.6000000000000001
      vertex -15.936972498893738 20.077342502772808 0.6000000000000001
    endloop
  endfacet
  facet normal 0 0 -1
    outer loop
      vertex -16.466485001146793 20.669430002570152 0.6000000000000001
      vertex -15.936972498893738 20.077342502772808 0.6000000000000001
      vertex -16.008424997329712 20.010329999029636 0.6000000000000001
    endloop
  endfacet
  facet normal 0 0 -1
    outer loop
      vertex -16.11352500319481 20.832180000841618 0.6000000000000001
      vertex -15.765231251716614 20.181010000407696 0.6000000000000001
      vertex -15.856195002794266 20.13392999768257 0.6000000000000001
    endloop
  endfacet
  facet normal 0 0 -1
    outer loop
      vertex -15.907292500138283 20.889142498373985 0.6000000000000001
      vertex -15.663249999284744 20.219530001282692 0.6000000000000001
      vertex -15.765231251716614 20.181010000407696 0.6000000000000001
    endloop
  endfacet
  facet normal 0 0 -1
    outer loop
      vertex -15.681225001811981 20.929829999804497 0.6000000000000001
      vertex -15.435322500765324 20.95424249768257 0.6000000000000001
      vertex -15.426234997808933 20.2708899974823 0.6000000000000001
    endloop
  endfacet
  facet normal 0 0 -1
    outer loop
      vertex -15.435322500765324 20.95424249768257 0.6000000000000001
      vertex -15.16958499699831 20.96237999945879 0.6000000000000001
      vertex -15.291201248764992 20.283730000257492 0.6000000000000001
    endloop
  endfacet
  facet normal 0 0 -1
    outer loop
      vertex -15.435322500765324 20.95424249768257 0.6000000000000001
      vertex -15.291201248764992 20.283730000257492 0.6000000000000001
      vertex -15.426234997808933 20.2708899974823 0.6000000000000001
    endloop
  endfacet
  facet normal 0 0 -1
    outer loop
      vertex -15.16958499699831 20.96237999945879 0.6000000000000001
      vertex -15.145149998366833 20.288010001182556 0.6000000000000001
      vertex -15.291201248764992 20.283730000257492 0.6000000000000001
    endloop
  endfacet
  facet normal 0 0 -1
    outer loop
      vertex -15.681225001811981 20.929829999804497 0.6000000000000001
      vertex -15.550251252949238 20.24949000030756 0.6000000000000001
      vertex -15.663249999284744 20.219530001282692 0.6000000000000001
    endloop
  endfacet
  facet normal 0 0 -1
    outer loop
      vertex -15.681225001811981 20.929829999804497 0.6000000000000001
      vertex -15.426234997808933 20.2708899974823 0.6000000000000001
      vertex -15.550251252949238 20.24949000030756 0.6000000000000001
    endloop
  endfacet
  facet normal 0.8634134904751204 -0.5044969221566858 0
    outer loop
      vertex -16.85250625014305 20.30095875263214 0.6000000000000001
      vertex -16.943884998559952 20.144570000469685 0.6000000000000001
      vertex -16.943884998559952 20.144570000469685 0
    endloop
  endfacet
  facet normal 0.7854001871556071 -0.6189883246200507 0
    outer loop
      vertex -16.85250625014305 20.30095875263214 0.6000000000000001
      vertex -16.85250625014305 20.30095875263214 0
      vertex -16.742480002343655 20.44056499749422 0.6000000000000001
    endloop
  endfacet
  facet normal 0.6904722311785816 -0.7233588998355321 0
    outer loop
      vertex -16.61380624771118 20.563388749957085 0.6000000000000001
      vertex -16.742480002343655 20.44056499749422 0.6000000000000001
      vertex -16.742480002343655 20.44056499749422 0
    endloop
  endfacet
  facet normal 0.47338220131442754 -0.8808571345449312 0
    outer loop
      vertex -16.29992250353098 20.758942499756813 0.6000000000000001
      vertex -16.466485001146793 20.669430002570152 0.6000000000000001
      vertex -16.466485001146793 20.669430002570152 0
    endloop
  endfacet
  facet normal 0.5841957100880113 -0.8116128216796258 0
    outer loop
      vertex -16.61380624771118 20.563388749957085 0.6000000000000001
      vertex -16.61380624771118 20.563388749957085 0
      vertex -16.466485001146793 20.669430002570152 0.6000000000000001
    endloop
  endfacet
  facet normal 0.36569524662555136 -0.9307346488637227 0
    outer loop
      vertex -16.29992250353098 20.758942499756813 0.6000000000000001
      vertex -16.29992250353098 20.758942499756813 0
      vertex -16.11352500319481 20.832180000841618 0.6000000000000001
    endloop
  endfacet
  facet normal 0.6904722311785816 -0.7233588998355321 0
    outer loop
      vertex -16.61380624771118 20.563388749957085 0.6000000000000001
      vertex -16.742480002343655 20.44056499749422 0
      vertex -16.61380624771118 20.563388749957085 0
    endloop
  endfacet
  facet normal 0.8634134904751204 -0.5044969221566858 0
    outer loop
      vertex -16.85250625014305 20.30095875263214 0.6000000000000001
      vertex -16.943884998559952 20.144570000469685 0
      vertex -16.85250625014305 20.30095875263214 0
    endloop
  endfacet
  facet normal 0.7854001871556071 -0.6189883246200507 0
    outer loop
      vertex -16.742480002343655 20.44056499749422 0.6000000000000001
      vertex -16.85250625014305 20.30095875263214 0
      vertex -16.742480002343655 20.44056499749422 0
    endloop
  endfacet
  facet normal 0.5841957100880113 -0.8116128216796258 0
    outer loop
      vertex -16.466485001146793 20.669430002570152 0.6000000000000001
      vertex -16.61380624771118 20.563388749957085 0
      vertex -16.466485001146793 20.669430002570152 0
    endloop
  endfacet
  facet normal 0.47338220131442754 -0.8808571345449312 0
    outer loop
      vertex -16.29992250353098 20.758942499756813 0.6000000000000001
      vertex -16.466485001146793 20.669430002570152 0
      vertex -16.29992250353098 20.758942499756813 0
    endloop
  endfacet
  facet normal 0.36569524662555136 -0.9307346488637227 0
    outer loop
      vertex -16.11352500319481 20.832180000841618 0.6000000000000001
      vertex -16.29992250353098 20.758942499756813 0
      vertex -16.11352500319481 20.832180000841618 0
    endloop
  endfacet
  facet normal 0.1771333970821549 -0.9841868519941401 0
    outer loop
      vertex -15.907292500138283 20.889142498373985 0.6000000000000001
      vertex -15.907292500138283 20.889142498373985 0
      vertex -15.681225001811981 20.929829999804497 0.6000000000000001
    endloop
  endfacet
  facet normal 0.09879149509773384 -0.9951081551752827 0
    outer loop
      vertex -15.681225001811981 20.929829999804497 0.6000000000000001
      vertex -15.681225001811981 20.929829999804497 0
      vertex -15.435322500765324 20.95424249768257 0.6000000000000001
    endloop
  endfacet
  facet normal 0.03060798330677415 -0.9995314659168525 0
    outer loop
      vertex -15.435322500765324 20.95424249768257 0.6000000000000001
      vertex -15.435322500765324 20.95424249768257 0
      vertex -15.16958499699831 20.96237999945879 0.6000000000000001
    endloop
  endfacet
  facet normal 0.1771333970821549 -0.9841868519941401 0
    outer loop
      vertex -15.681225001811981 20.929829999804497 0.6000000000000001
      vertex -15.907292500138283 20.889142498373985 0
      vertex -15.681225001811981 20.929829999804497 0
    endloop
  endfacet
  facet normal 0.09879149509773384 -0.9951081551752827 0
    outer loop
      vertex -15.435322500765324 20.95424249768257 0.6000000000000001
      vertex -15.681225001811981 20.929829999804497 0
      vertex -15.435322500765324 20.95424249768257 0
    endloop
  endfacet
  facet normal 0.03060798330677415 -0.9995314659168525 0
    outer loop
      vertex -15.16958499699831 20.96237999945879 0.6000000000000001
      vertex -15.435322500765324 20.95424249768257 0
      vertex -15.16958499699831 20.96237999945879 0
    endloop
  endfacet
  facet normal 0.26623637524469196 -0.9639077717793167 0
    outer loop
      vertex -16.11352500319481 20.832180000841618 0.6000000000000001
      vertex -16.11352500319481 20.832180000841618 0
      vertex -15.907292500138283 20.889142498373985 0.6000000000000001
    endloop
  endfacet
  facet normal -0.5737566026934612 0.8190258609260501 0
    outer loop
      vertex -15.856195002794266 20.13392999768257 0.6000000000000001
      vertex -15.856195002794266 20.13392999768257 0
      vertex -15.936972498893738 20.077342502772808 0.6000000000000001
    endloop
  endfacet
  facet normal -0.4596523352622798 0.8880989419473106 0
    outer loop
      vertex -15.856195002794266 20.13392999768257 0.6000000000000001
      vertex -15.765231251716614 20.181010000407696 0.6000000000000001
      vertex -15.765231251716614 20.181010000407696 0
    endloop
  endfacet
  facet normal -0.35335039590901784 0.9354910463018555 0
    outer loop
      vertex -15.765231251716614 20.181010000407696 0.6000000000000001
      vertex -15.663249999284744 20.219530001282692 0.6000000000000001
      vertex -15.663249999284744 20.219530001282692 0
    endloop
  endfacet
  facet normal -0.25628077606797206 0.9666023814464756 0
    outer loop
      vertex -15.663249999284744 20.219530001282692 0.6000000000000001
      vertex -15.550251252949238 20.24949000030756 0.6000000000000001
      vertex -15.550251252949238 20.24949000030756 0
    endloop
  endfacet
  facet normal -0.17004492086558531 0.9854363119389385 0
    outer loop
      vertex -15.550251252949238 20.24949000030756 0.6000000000000001
      vertex -15.426234997808933 20.2708899974823 0.6000000000000001
      vertex -15.426234997808933 20.2708899974823 0
    endloop
  endfacet
  facet normal -0.09466038252392805 0.9955096242530374 0
    outer loop
      vertex -15.426234997808933 20.2708899974823 0.6000000000000001
      vertex -15.291201248764992 20.283730000257492 0.6000000000000001
      vertex -15.291201248764992 20.283730000257492 0
    endloop
  endfacet
  facet normal 0.26623637524469196 -0.9639077717793167 0
    outer loop
      vertex -15.907292500138283 20.889142498373985 0.6000000000000001
      vertex -16.11352500319481 20.832180000841618 0
      vertex -15.907292500138283 20.889142498373985 0
    endloop
  endfacet
  facet normal -0.4596523352622798 0.8880989419473106 0
    outer loop
      vertex -15.856195002794266 20.13392999768257 0.6000000000000001
      vertex -15.765231251716614 20.181010000407696 0
      vertex -15.856195002794266 20.13392999768257 0
    endloop
  endfacet
  facet normal -0.35335039590901784 0.9354910463018555 0
    outer loop
      vertex -15.765231251716614 20.181010000407696 0.6000000000000001
      vertex -15.663249999284744 20.219530001282692 0
      vertex -15.765231251716614 20.181010000407696 0
    endloop
  endfacet
  facet normal -0.25628077606797206 0.9666023814464756 0
    outer loop
      vertex -15.663249999284744 20.219530001282692 0.6000000000000001
      vertex -15.550251252949238 20.24949000030756 0
      vertex -15.663249999284744 20.219530001282692 0
    endloop
  endfacet
  facet normal -0.17004492086558531 0.9854363119389385 0
    outer loop
      vertex -15.550251252949238 20.24949000030756 0.6000000000000001
      vertex -15.426234997808933 20.2708899974823 0
      vertex -15.550251252949238 20.24949000030756 0
    endloop
  endfacet
  facet normal -0.09466038252392805 0.9955096242530374 0
    outer loop
      vertex -15.426234997808933 20.2708899974823 0.6000000000000001
      vertex -15.291201248764992 20.283730000257492 0
      vertex -15.426234997808933 20.2708899974823 0
    endloop
  endfacet
  facet normal -0.02929221301936916 0.9995708910609732 0
    outer loop
      vertex -15.291201248764992 20.283730000257492 0.6000000000000001
      vertex -15.145149998366833 20.288010001182556 0
      vertex -15.291201248764992 20.283730000257492 0
    endloop
  endfacet
  facet normal 0 0 -1
    outer loop
      vertex -16.85250625014305 20.30095875263214 0.6000000000000001
      vertex -16.123355001211166 19.84503000229597 0.6000000000000001
      vertex -16.943884998559952 20.144570000469685 0.6000000000000001
    endloop
  endfacet
  facet normal 0 0 -1
    outer loop
      vertex -16.943884998559952 20.144570000469685 0.6000000000000001
      vertex -16.166832499206066 19.746742501854897 0.6000000000000001
      vertex -17.016616247594357 19.971398748457432 0.6000000000000001
    endloop
  endfacet
  facet normal 0 0 -1
    outer loop
      vertex -17.016616247594357 19.971398748457432 0.6000000000000001
      vertex -16.200984999537468 19.638030000030994 0.6000000000000001
      vertex -17.070699997246265 19.781444996595383 0.6000000000000001
    endloop
  endfacet
  facet normal 0 0 -1
    outer loop
      vertex -16.943884998559952 20.144570000469685 0.6000000000000001
      vertex -16.123355001211166 19.84503000229597 0.6000000000000001
      vertex -16.166832499206066 19.746742501854897 0.6000000000000001
    endloop
  endfacet
  facet normal 0 0 -1
    outer loop
      vertex -17.016616247594357 19.971398748457432 0.6000000000000001
      vertex -16.166832499206066 19.746742501854897 0.6000000000000001
      vertex -16.200984999537468 19.638030000030994 0.6000000000000001
    endloop
  endfacet
  facet normal 0 0 -1
    outer loop
      vertex -16.85250625014305 20.30095875263214 0.6000000000000001
      vertex -16.070552498102188 19.932892501354218 0.6000000000000001
      vertex -16.123355001211166 19.84503000229597 0.6000000000000001
    endloop
  endfacet
  facet normal 0 0 -1
    outer loop
      vertex -16.1644150018692 18.791555002331734 0.6000000000000001
      vertex -16.104403749108315 18.81647749990225 0.6000000000000001
      vertex -15.753289997577667 18.090884998440742 0.6000000000000001
    endloop
  endfacet
  facet normal 0 0 -1
    outer loop
      vertex -16.104403749108315 18.81647749990225 0.6000000000000001
      vertex -16.04236000031233 18.840044997632504 0.6000000000000001
      vertex -15.753289997577667 18.090884998440742 0.6000000000000001
    endloop
  endfacet
  facet normal 0 0 -1
    outer loop
      vertex -15.971147499978542 18.864150002598763 0.6000000000000001
      vertex -15.703325003385544 18.118481248617172 0.6000000000000001
      vertex -16.04236000031233 18.840044997632504 0.6000000000000001
    endloop
  endfacet
  facet normal 0 0 -1
    outer loop
      vertex -15.971147499978542 18.864150002598763 0.6000000000000001
      vertex -15.8836600035429 18.89071500301361 0.6000000000000001
      vertex -15.64869999885559 18.144299998879433 0.6000000000000001
    endloop
  endfacet
  facet normal 0 0 -1
    outer loop
      vertex -15.8836600035429 18.89071500301361 0.6000000000000001
      vertex -15.779897503554821 18.91973999887705 0.6000000000000001
      vertex -15.581982500851154 18.170275002717972 0.6000000000000001
    endloop
  endfacet
  facet normal 0 0 -1
    outer loop
      vertex -15.779897503554821 18.91973999887705 0.6000000000000001
      vertex -15.659860000014305 18.951224997639656 0.6000000000000001
      vertex -15.495769999921322 18.19837000221014 0.6000000000000001
    endloop
  endfacet
  facet normal 0 0 -1
    outer loop
      vertex -15.659860000014305 18.951224997639656 0.6000000000000001
      vertex -15.523547500371933 18.985169999301434 0.6000000000000001
      vertex -15.390062503516674 18.228584997355938 0.6000000000000001
    endloop
  endfacet
  facet normal 0 0 -1
    outer loop
      vertex -15.370959997177124 19.0215749964118 0.6000000000000001
      vertex -15.26485999673605 18.260920003056526 0.6000000000000001
      vertex -15.523547500371933 18.985169999301434 0.6000000000000001
    endloop
  endfacet
  facet normal 0 0 -1
    outer loop
      vertex -15.370959997177124 19.0215749964118 0.6000000000000001
      vertex -15.194868750870228 19.058291248977184 0.6000000000000001
      vertex -15.12016250193119 18.295374996960163 0.6000000000000001
    endloop
  endfacet
  facet normal 0.9219833920993934 -0.3872294212645732 0
    outer loop
      vertex -16.943884998559952 20.144570000469685 0.6000000000000001
      vertex -17.016616247594357 19.971398748457432 0.6000000000000001
      vertex -17.016616247594357 19.971398748457432 0
    endloop
  endfacet
  facet normal 0.9617759869343884 -0.2738374535310741 0
    outer loop
      vertex -17.016616247594357 19.971398748457432 0.6000000000000001
      vertex -17.070699997246265 19.781444996595383 0.6000000000000001
      vertex -17.070699997246265 19.781444996595383 0
    endloop
  endfacet
  facet normal 0.16270161804530037 0.9866753181697824 0
    outer loop
      vertex -17.070699997246265 19.781444996595383 0.6000000000000001
      vertex -16.200984999537468 19.638030000030994 0.6000000000000001
      vertex -16.200984999537468 19.638030000030994 0
    endloop
  endfacet
  facet normal -0.9540295698337261 0.2997124953732755 0
    outer loop
      vertex -16.166832499206066 19.746742501854897 0.6000000000000001
      vertex -16.166832499206066 19.746742501854897 0
      vertex -16.200984999537468 19.638030000030994 0.6000000000000001
    endloop
  endfacet
  facet normal 0.9219833920993934 -0.3872294212645732 0
    outer loop
      vertex -16.943884998559952 20.144570000469685 0.6000000000000001
      vertex -17.016616247594357 19.971398748457432 0
      vertex -16.943884998559952 20.144570000469685 0
    endloop
  endfacet
  facet normal 0.9617759869343884 -0.2738374535310741 0
    outer loop
      vertex -17.016616247594357 19.971398748457432 0.6000000000000001
      vertex -17.070699997246265 19.781444996595383 0
      vertex -17.016616247594357 19.971398748457432 0
    endloop
  endfacet
  facet normal 0.16270161804530037 0.9866753181697824 0
    outer loop
      vertex -17.070699997246265 19.781444996595383 0.6000000000000001
      vertex -16.200984999537468 19.638030000030994 0
      vertex -17.070699997246265 19.781444996595383 0
    endloop
  endfacet
  facet normal -0.9145209475952307 0.40453854749519397 0
    outer loop
      vertex -16.166832499206066 19.746742501854897 0.6000000000000001
      vertex -16.123355001211166 19.84503000229597 0
      vertex -16.166832499206066 19.746742501854897 0
    endloop
  endfacet
  facet normal -0.9540295698337261 0.2997124953732755 0
    outer loop
      vertex -16.200984999537468 19.638030000030994 0.6000000000000001
      vertex -16.166832499206066 19.746742501854897 0
      vertex -16.200984999537468 19.638030000030994 0
    endloop
  endfacet
  facet normal 0.6323997230968667 -0.7746422336969541 0
    outer loop
      vertex -16.525255002081394 18.575681246817112 0.6000000000000001
      vertex -16.525255002081394 18.575681246817112 0
      vertex -16.480755001306534 18.61201000213623 0.6000000000000001
    endloop
  endfacet
  facet normal 0.5881755058627811 -0.8087333146984 0
    outer loop
      vertex -16.433715000748634 18.64622125029564 0.6000000000000001
      vertex -16.480755001306534 18.61201000213623 0.6000000000000001
      vertex -16.480755001306534 18.61201000213623 0
    endloop
  endfacet
  facet normal 0.5434013105937702 -0.839473058319904 0
    outer loop
      vertex -16.384135000407696 18.67831499874592 0.6000000000000001
      vertex -16.433715000748634 18.64622125029564 0.6000000000000001
      vertex -16.433715000748634 18.64622125029564 0
    endloop
  endfacet
  facet normal 0.4128070657932601 -0.9108184925829949 0
    outer loop
      vertex -16.22239375114441 18.76527749747038 0.6000000000000001
      vertex -16.22239375114441 18.76527749747038 0
      vertex -16.1644150018692 18.791555002331734 0.6000000000000001
    endloop
  endfacet
  facet normal 0.504844455070491 -0.8632103313703902 0
    outer loop
      vertex -16.384135000407696 18.67831499874592 0.6000000000000001
      vertex -16.384135000407696 18.67831499874592 0
      vertex -16.332253746688366 18.70865750312805 0.6000000000000001
    endloop
  endfacet
  facet normal 0.4735553645422306 -0.8807640528048788 0
    outer loop
      vertex -16.332253746688366 18.70865750312805 0.6000000000000001
      vertex -16.332253746688366 18.70865750312805 0
      vertex -16.278339996933937 18.737645000219345 0.6000000000000001
    endloop
  endfacet
  facet normal 0.4428411444464232 -0.8966000896639382 0
    outer loop
      vertex -16.278339996933937 18.737645000219345 0.6000000000000001
      vertex -16.278339996933937 18.737645000219345 0
      vertex -16.22239375114441 18.76527749747038 0.6000000000000001
    endloop
  endfacet
  facet normal 0.6755614628128868 -0.7373036755381818 0
    outer loop
      vertex -16.525255002081394 18.575681246817112 0.6000000000000001
      vertex -16.567215003073215 18.537234999239445 0
      vertex -16.525255002081394 18.575681246817112 0
    endloop
  endfacet
  facet normal 0.5434013105937702 -0.839473058319904 0
    outer loop
      vertex -16.384135000407696 18.67831499874592 0.6000000000000001
      vertex -16.433715000748634 18.64622125029564 0
      vertex -16.384135000407696 18.67831499874592 0
    endloop
  endfacet
  facet normal 0.5881755058627811 -0.8087333146984 0
    outer loop
      vertex -16.433715000748634 18.64622125029564 0.6000000000000001
      vertex -16.480755001306534 18.61201000213623 0
      vertex -16.433715000748634 18.64622125029564 0
    endloop
  endfacet
  facet normal 0.6323997230968667 -0.7746422336969541 0
    outer loop
      vertex -16.480755001306534 18.61201000213623 0.6000000000000001
      vertex -16.525255002081394 18.575681246817112 0
      vertex -16.480755001306534 18.61201000213623 0
    endloop
  endfacet
  facet normal 0.4428411444464232 -0.8966000896639382 0
    outer loop
      vertex -16.22239375114441 18.76527749747038 0.6000000000000001
      vertex -16.278339996933937 18.737645000219345 0
      vertex -16.22239375114441 18.76527749747038 0
    endloop
  endfacet
  facet normal 0.4128070657932601 -0.9108184925829949 0
    outer loop
      vertex -16.1644150018692 18.791555002331734 0.6000000000000001
      vertex -16.22239375114441 18.76527749747038 0
      vertex -16.1644150018692 18.791555002331734 0
    endloop
  endfacet
  facet normal 0.504844455070491 -0.8632103313703902 0
    outer loop
      vertex -16.332253746688366 18.70865750312805 0.6000000000000001
      vertex -16.384135000407696 18.67831499874592 0
      vertex -16.332253746688366 18.70865750312805 0
    endloop
  endfacet
  facet normal 0.4735553645422306 -0.8807640528048788 0
    outer loop
      vertex -16.278339996933937 18.737645000219345 0.6000000000000001
      vertex -16.332253746688366 18.70865750312805 0
      vertex -16.278339996933937 18.737645000219345 0
    endloop
  endfacet
  facet normal -0.6840812163636448 0.7294058468496369 0
    outer loop
      vertex -16.008424997329712 20.010329999029636 0.6000000000000001
      vertex -15.936972498893738 20.077342502772808 0.6000000000000001
      vertex -15.936972498893738 20.077342502772808 0
    endloop
  endfacet
  facet normal -0.7799958968993521 0.625784628143082 0
    outer loop
      vertex -16.008424997329712 20.010329999029636 0.6000000000000001
      vertex -16.008424997329712 20.010329999029636 0
      vertex -16.070552498102188 19.932892501354218 0.6000000000000001
    endloop
  endfacet
  facet normal -0.8571268685879891 0.5151053592659931 0
    outer loop
      vertex -16.123355001211166 19.84503000229597 0.6000000000000001
      vertex -16.070552498102188 19.932892501354218 0.6000000000000001
      vertex -16.070552498102188 19.932892501354218 0
    endloop
  endfacet
  facet normal -0.9145209475952307 0.40453854749519397 0
    outer loop
      vertex -16.166832499206066 19.746742501854897 0.6000000000000001
      vertex -16.123355001211166 19.84503000229597 0.6000000000000001
      vertex -16.123355001211166 19.84503000229597 0
    endloop
  endfacet
  facet normal -0.7799958968993521 0.625784628143082 0
    outer loop
      vertex -16.070552498102188 19.932892501354218 0.6000000000000001
      vertex -16.008424997329712 20.010329999029636 0
      vertex -16.070552498102188 19.932892501354218 0
    endloop
  endfacet
  facet normal -0.6840812163636448 0.7294058468496369 0
    outer loop
      vertex -16.008424997329712 20.010329999029636 0.6000000000000001
      vertex -15.936972498893738 20.077342502772808 0
      vertex -16.008424997329712 20.010329999029636 0
    endloop
  endfacet
  facet normal -0.8571268685879891 0.5151053592659931 0
    outer loop
      vertex -16.123355001211166 19.84503000229597 0.6000000000000001
      vertex -16.070552498102188 19.932892501354218 0
      vertex -16.123355001211166 19.84503000229597 0
    endloop
  endfacet
  facet normal -0.5737566026934612 0.8190258609260501 0
    outer loop
      vertex -15.936972498893738 20.077342502772808 0.6000000000000001
      vertex -15.856195002794266 20.13392999768257 0
      vertex -15.936972498893738 20.077342502772808 0
    endloop
  endfacet
  facet normal 0.3835373760047788 -0.9235253549347571 0
    outer loop
      vertex -16.1644150018692 18.791555002331734 0.6000000000000001
      vertex -16.1644150018692 18.791555002331734 0
      vertex -16.104403749108315 18.81647749990225 0.6000000000000001
    endloop
  endfacet
  facet normal 0.35509759337201685 -0.9348292353052519 0
    outer loop
      vertex -16.104403749108315 18.81647749990225 0.6000000000000001
      vertex -16.104403749108315 18.81647749990225 0
      vertex -16.04236000031233 18.840044997632504 0.6000000000000001
    endloop
  endfacet
  facet normal 0.29054465412663844 -0.9568614340427939 0
    outer loop
      vertex -15.971147499978542 18.864150002598763 0.6000000000000001
      vertex -15.971147499978542 18.864150002598763 0
      vertex -15.8836600035429 18.89071500301361 0.6000000000000001
    endloop
  endfacet
  facet normal 0.3206237721306258 -0.9472066283260102 0
    outer loop
      vertex -15.971147499978542 18.864150002598763 0.6000000000000001
      vertex -16.04236000031233 18.840044997632504 0.6000000000000001
      vertex -16.04236000031233 18.840044997632504 0
    endloop
  endfacet
  facet normal 0.26938459925554453 -0.9630326773707782 0
    outer loop
      vertex -15.8836600035429 18.89071500301361 0.6000000000000001
      vertex -15.8836600035429 18.89071500301361 0
      vertex -15.779897503554821 18.91973999887705 0.6000000000000001
    endloop
  endfacet
  facet normal 0.2537108180717184 -0.9672801149581125 0
    outer loop
      vertex -15.779897503554821 18.91973999887705 0.6000000000000001
      vertex -15.779897503554821 18.91973999887705 0
      vertex -15.659860000014305 18.951224997639656 0.6000000000000001
    endloop
  endfacet
  facet normal 0.2416436055357552 -0.9703650693958847 0
    outer loop
      vertex -15.659860000014305 18.951224997639656 0.6000000000000001
      vertex -15.659860000014305 18.951224997639656 0
      vertex -15.523547500371933 18.985169999301434 0.6000000000000001
    endloop
  endfacet
  facet normal 0.23207077885531757 -0.9726989018198212 0
    outer loop
      vertex -15.370959997177124 19.0215749964118 0.6000000000000001
      vertex -15.523547500371933 18.985169999301434 0.6000000000000001
      vertex -15.523547500371933 18.985169999301434 0
    endloop
  endfacet
  facet normal 0.20411716342044095 -0.9789464661549133 0
    outer loop
      vertex -15.370959997177124 19.0215749964118 0.6000000000000001
      vertex -15.370959997177124 19.0215749964118 0
      vertex -15.194868750870228 19.058291248977184 0.6000000000000001
    endloop
  endfacet
  facet normal 0.3835373760047788 -0.9235253549347571 0
    outer loop
      vertex -16.104403749108315 18.81647749990225 0.6000000000000001
      vertex -16.1644150018692 18.791555002331734 0
      vertex -16.104403749108315 18.81647749990225 0
    endloop
  endfacet
  facet normal 0.35509759337201685 -0.9348292353052519 0
    outer loop
      vertex -16.04236000031233 18.840044997632504 0.6000000000000001
      vertex -16.104403749108315 18.81647749990225 0
      vertex -16.04236000031233 18.840044997632504 0
    endloop
  endfacet
  facet normal 0.3206237721306258 -0.9472066283260102 0
    outer loop
      vertex -15.971147499978542 18.864150002598763 0.6000000000000001
      vertex -16.04236000031233 18.840044997632504 0
      vertex -15.971147499978542 18.864150002598763 0
    endloop
  endfacet
  facet normal 0.29054465412663844 -0.9568614340427939 0
    outer loop
      vertex -15.8836600035429 18.89071500301361 0.6000000000000001
      vertex -15.971147499978542 18.864150002598763 0
      vertex -15.8836600035429 18.89071500301361 0
    endloop
  endfacet
  facet normal 0.26938459925554453 -0.9630326773707782 0
    outer loop
      vertex -15.779897503554821 18.91973999887705 0.6000000000000001
      vertex -15.8836600035429 18.89071500301361 0
      vertex -15.779897503554821 18.91973999887705 0
    endloop
  endfacet
  facet normal 0.2537108180717184 -0.9672801149581125 0
    outer loop
      vertex -15.659860000014305 18.951224997639656 0.6000000000000001
      vertex -15.779897503554821 18.91973999887705 0
      vertex -15.659860000014305 18.951224997639656 0
    endloop
  endfacet
  facet normal 0.2416436055357552 -0.9703650693958847 0
    outer loop
      vertex -15.523547500371933 18.985169999301434 0.6000000000000001
      vertex -15.659860000014305 18.951224997639656 0
      vertex -15.523547500371933 18.985169999301434 0
    endloop
  endfacet
  facet normal 0.23207077885531757 -0.9726989018198212 0
    outer loop
      vertex -15.370959997177124 19.0215749964118 0.6000000000000001
      vertex -15.523547500371933 18.985169999301434 0
      vertex -15.370959997177124 19.0215749964118 0
    endloop
  endfacet
  facet normal 0.20411716342044095 -0.9789464661549133 0
    outer loop
      vertex -15.194868750870228 19.058291248977184 0.6000000000000001
      vertex -15.370959997177124 19.0215749964118 0
      vertex -15.194868750870228 19.058291248977184 0
    endloop
  endfacet
  facet normal 0 0 -1
    outer loop
      vertex -16.606634996831417 18.496671251952648 0.6000000000000001
      vertex -15.933114998042583 17.925420001149178 0.6000000000000001
      vertex -16.64351499825716 18.45398999750614 0.6000000000000001
    endloop
  endfacet
  facet normal 0 0 -1
    outer loop
      vertex -16.738476246595383 18.311328746378422 0.6000000000000001
      vertex -16.709449999034405 18.36142499744892 0.6000000000000001
      vertex -15.933114998042583 17.925420001149178 0.6000000000000001
    endloop
  endfacet
  facet normal 0 0 -1
    outer loop
      vertex -16.677796252071857 18.40897875279188 0.6000000000000001
      vertex -16.64351499825716 18.45398999750614 0.6000000000000001
      vertex -15.933114998042583 17.925420001149178 0.6000000000000001
    endloop
  endfacet
  facet normal 0 0 -1
    outer loop
      vertex -16.677796252071857 18.40897875279188 0.6000000000000001
      vertex -15.933114998042583 17.925420001149178 0.6000000000000001
      vertex -16.709449999034405 18.36142499744892 0.6000000000000001
    endloop
  endfacet
  facet normal 0 0 -1
    outer loop
      vertex -16.525255002081394 18.575681246817112 0.6000000000000001
      vertex -16.480755001306534 18.61201000213623 0.6000000000000001
      vertex -15.906549997627735 17.96272499859333 0.6000000000000001
    endloop
  endfacet
  facet normal 0 0 -1
    outer loop
      vertex -16.384135000407696 18.67831499874592 0.6000000000000001
      vertex -16.332253746688366 18.70865750312805 0.6000000000000001
      vertex -15.839239999651909 18.030359998345375 0.6000000000000001
    endloop
  endfacet
  facet normal 0 0 -1
    outer loop
      vertex -16.384135000407696 18.67831499874592 0.6000000000000001
      vertex -15.875225000083447 17.997431248426437 0.6000000000000001
      vertex -16.433715000748634 18.64622125029564 0.6000000000000001
    endloop
  endfacet
  facet normal 0 0 -1
    outer loop
      vertex -16.433715000748634 18.64622125029564 0.6000000000000001
      vertex -15.875225000083447 17.997431248426437 0.6000000000000001
      vertex -16.480755001306534 18.61201000213623 0.6000000000000001
    endloop
  endfacet
  facet normal 0 0 -1
    outer loop
      vertex -16.525255002081394 18.575681246817112 0.6000000000000001
      vertex -15.906549997627735 17.96272499859333 0.6000000000000001
      vertex -16.567215003073215 18.537234999239445 0.6000000000000001
    endloop
  endfacet
  facet normal 0 0 -1
    outer loop
      vertex -16.606634996831417 18.496671251952648 0.6000000000000001
      vertex -16.567215003073215 18.537234999239445 0.6000000000000001
      vertex -15.906549997627735 17.96272499859333 0.6000000000000001
    endloop
  endfacet
  facet normal 0 0 -1
    outer loop
      vertex -16.80979000031948 18.145784996449947 0.6000000000000001
      vertex -16.78864625096321 18.203508749604225 0.6000000000000001
      vertex -15.971754997968674 17.840640000998974 0.6000000000000001
    endloop
  endfacet
  facet normal 0 0 -1
    outer loop
      vertex -16.80979000031948 18.145784996449947 0.6000000000000001
      vertex -15.971754997968674 17.840640000998974 0.6000000000000001
      vertex -16.82796750217676 18.08534874767065 0.6000000000000001
    endloop
  endfacet
  facet normal 0 0 -1
    outer loop
      vertex -16.82796750217676 18.08534874767065 0.6000000000000001
      vertex -15.971754997968674 17.840640000998974 0.6000000000000001
      vertex -16.842840000987053 18.022030003368855 0.6000000000000001
    endloop
  endfacet
  facet normal 0 0 -1
    outer loop
      vertex -16.738476246595383 18.311328746378422 0.6000000000000001
      vertex -15.954850003123283 17.884724996984005 0.6000000000000001
      vertex -16.764875002205372 18.258689999580383 0.6000000000000001
    endloop
  endfacet
  facet normal 0 0 -1
    outer loop
      vertex -16.764875002205372 18.258689999580383 0.6000000000000001
      vertex -15.954850003123283 17.884724996984005 0.6000000000000001
      vertex -16.78864625096321 18.203508749604225 0.6000000000000001
    endloop
  endfacet
  facet normal 0 0 -1
    outer loop
      vertex -16.842840000987053 18.022030003368855 0.6000000000000001
      vertex -15.983829997479916 17.793164998292923 0.6000000000000001
      vertex -16.854407496750355 17.9558287486434 0.6000000000000001
    endloop
  endfacet
  facet normal 0 0 -1
    outer loop
      vertex -16.862669996917248 17.886744998395443 0.6000000000000001
      vertex -16.854407496750355 17.9558287486434 0.6000000000000001
      vertex -15.983829997479916 17.793164998292923 0.6000000000000001
    endloop
  endfacet
  facet normal 0 0 -1
    outer loop
      vertex -16.862669996917248 17.886744998395443 0.6000000000000001
      vertex -15.99107500165701 17.742299996316433 0.6000000000000001
      vertex -16.867627501487732 17.81477875262499 0.6000000000000001
    endloop
  endfacet
  facet normal 0 0 -1
    outer loop
      vertex -16.738476246595383 18.311328746378422 0.6000000000000001
      vertex -15.933114998042583 17.925420001149178 0.6000000000000001
      vertex -15.954850003123283 17.884724996984005 0.6000000000000001
    endloop
  endfacet
  facet normal 0 0 -1
    outer loop
      vertex -16.862669996917248 17.886744998395443 0.6000000000000001
      vertex -15.983829997479916 17.793164998292923 0.6000000000000001
      vertex -15.99107500165701 17.742299996316433 0.6000000000000001
    endloop
  endfacet
  facet normal 0 0 -1
    outer loop
      vertex -16.78864625096321 18.203508749604225 0.6000000000000001
      vertex -15.954850003123283 17.884724996984005 0.6000000000000001
      vertex -15.971754997968674 17.840640000998974 0.6000000000000001
    endloop
  endfacet
  facet normal 0 0 -1
    outer loop
      vertex -16.842840000987053 18.022030003368855 0.6000000000000001
      vertex -15.971754997968674 17.840640000998974 0.6000000000000001
      vertex -15.983829997479916 17.793164998292923 0.6000000000000001
    endloop
  endfacet
  facet normal 0 0 -1
    outer loop
      vertex -16.867627501487732 17.81477875262499 0.6000000000000001
      vertex -15.99107500165701 17.742299996316433 0.6000000000000001
      vertex -16.869280003011227 17.739929996430874 0.6000000000000001
    endloop
  endfacet
  facet normal 0 0 -1
    outer loop
      vertex -16.869280003011227 17.739929996430874 0.6000000000000001
      vertex -15.993490003049374 17.688045002520084 0.6000000000000001
      vertex -16.857116252183914 17.55323625355959 0.6000000000000001
    endloop
  endfacet
  facet normal 0 0 -1
    outer loop
      vertex -16.857116252183914 17.55323625355959 0.6000000000000001
      vertex -15.993490003049374 17.688045002520084 0.6000000000000001
      vertex -16.820624999701977 17.38171499967575 0.6000000000000001
    endloop
  endfacet
  facet normal 0 0 -1
    outer loop
      vertex -16.869280003011227 17.739929996430874 0.6000000000000001
      vertex -15.99107500165701 17.742299996316433 0.6000000000000001
      vertex -15.993490003049374 17.688045002520084 0.6000000000000001
    endloop
  endfacet
  facet normal 0 0 -1
    outer loop
      vertex -16.820624999701977 17.38171499967575 0.6000000000000001
      vertex -15.993490003049374 17.688045002520084 0.6000000000000001
      vertex -15.970772497355938 17.53140500187874 0.6000000000000001
    endloop
  endfacet
  facet normal 0 0 -1
    outer loop
      vertex -16.820624999701977 17.38171499967575 0.6000000000000001
      vertex -15.970772497355938 17.53140500187874 0.6000000000000001
      vertex -16.759806253015995 17.22536624968052 0.6000000000000001
    endloop
  endfacet
  facet normal 0 0 -1
    outer loop
      vertex -16.759806253015995 17.22536624968052 0.6000000000000001
      vertex -15.970772497355938 17.53140500187874 0.6000000000000001
      vertex -16.674659997224808 17.084190003573895 0.6000000000000001
    endloop
  endfacet
  facet normal 0 0 -1
    outer loop
      vertex -16.674659997224808 17.084190003573895 0.6000000000000001
      vertex -15.970772497355938 17.53140500187874 0.6000000000000001
      vertex -16.565186247229576 16.958186246454716 0.6000000000000001
    endloop
  endfacet
  facet normal 0 0 -1
    outer loop
      vertex -15.902620002627373 17.403245002031326 0.6000000000000001
      vertex -16.4313850030303 16.847355000674725 0.6000000000000001
      vertex -16.565186247229576 16.958186246454716 0.6000000000000001
    endloop
  endfacet
  facet normal 0 0 -1
    outer loop
      vertex -16.278339996933937 18.737645000219345 0.6000000000000001
      vertex -16.22239375114441 18.76527749747038 0.6000000000000001
      vertex -15.798594996333122 18.061511248350143 0.6000000000000001
    endloop
  endfacet
  facet normal 0 0 -1
    outer loop
      vertex -16.332253746688366 18.70865750312805 0.6000000000000001
      vertex -16.278339996933937 18.737645000219345 0.6000000000000001
      vertex -15.839239999651909 18.030359998345375 0.6000000000000001
    endloop
  endfacet
  facet normal 0 0 -1
    outer loop
      vertex -16.22239375114441 18.76527749747038 0.6000000000000001
      vertex -16.1644150018692 18.791555002331734 0.6000000000000001
      vertex -15.798594996333122 18.061511248350143 0.6000000000000001
    endloop
  endfacet
  facet normal 0 0 -1
    outer loop
      vertex -16.384135000407696 18.67831499874592 0.6000000000000001
      vertex -15.839239999651909 18.030359998345375 0.6000000000000001
      vertex -15.875225000083447 17.997431248426437 0.6000000000000001
    endloop
  endfacet
  facet normal 0 0 -1
    outer loop
      vertex -16.480755001306534 18.61201000213623 0.6000000000000001
      vertex -15.875225000083447 17.997431248426437 0.6000000000000001
      vertex -15.906549997627735 17.96272499859333 0.6000000000000001
    endloop
  endfacet
  facet normal 0 0 -1
    outer loop
      vertex -16.278339996933937 18.737645000219345 0.6000000000000001
      vertex -15.798594996333122 18.061511248350143 0.6000000000000001
      vertex -15.839239999651909 18.030359998345375 0.6000000000000001
    endloop
  endfacet
  facet normal 0 0 -1
    outer loop
      vertex -15.971147499978542 18.864150002598763 0.6000000000000001
      vertex -15.64869999885559 18.144299998879433 0.6000000000000001
      vertex -15.703325003385544 18.118481248617172 0.6000000000000001
    endloop
  endfacet
  facet normal 0 0 -1
    outer loop
      vertex -15.8836600035429 18.89071500301361 0.6000000000000001
      vertex -15.581982500851154 18.170275002717972 0.6000000000000001
      vertex -15.64869999885559 18.144299998879433 0.6000000000000001
    endloop
  endfacet
  facet normal 0 0 -1
    outer loop
      vertex -16.1644150018692 18.791555002331734 0.6000000000000001
      vertex -15.753289997577667 18.090884998440742 0.6000000000000001
      vertex -15.798594996333122 18.061511248350143 0.6000000000000001
    endloop
  endfacet
  facet normal 0 0 -1
    outer loop
      vertex -16.04236000031233 18.840044997632504 0.6000000000000001
      vertex -15.703325003385544 18.118481248617172 0.6000000000000001
      vertex -15.753289997577667 18.090884998440742 0.6000000000000001
    endloop
  endfacet
  facet normal 0 0 -1
    outer loop
      vertex -16.606634996831417 18.496671251952648 0.6000000000000001
      vertex -15.906549997627735 17.96272499859333 0.6000000000000001
      vertex -15.933114998042583 17.925420001149178 0.6000000000000001
    endloop
  endfacet
  facet normal 0 0 -1
    outer loop
      vertex -15.779897503554821 18.91973999887705 0.6000000000000001
      vertex -15.495769999921322 18.19837000221014 0.6000000000000001
      vertex -15.581982500851154 18.170275002717972 0.6000000000000001
    endloop
  endfacet
  facet normal 0 0 -1
    outer loop
      vertex -15.659860000014305 18.951224997639656 0.6000000000000001
      vertex -15.390062503516674 18.228584997355938 0.6000000000000001
      vertex -15.495769999921322 18.19837000221014 0.6000000000000001
    endloop
  endfacet
  facet normal 0 0 -1
    outer loop
      vertex -15.523547500371933 18.985169999301434 0.6000000000000001
      vertex -15.26485999673605 18.260920003056526 0.6000000000000001
      vertex -15.390062503516674 18.228584997355938 0.6000000000000001
    endloop
  endfacet
  facet normal 0 0 -1
    outer loop
      vertex -15.370959997177124 19.0215749964118 0.6000000000000001
      vertex -15.12016250193119 18.295374996960163 0.6000000000000001
      vertex -15.26485999673605 18.260920003056526 0.6000000000000001
    endloop
  endfacet
  facet normal 0 0 -1
    outer loop
      vertex -15.970772497355938 17.53140500187874 0.6000000000000001
      vertex -15.902620002627373 17.403245002031326 0.6000000000000001
      vertex -16.565186247229576 16.958186246454716 0.6000000000000001
    endloop
  endfacet
  facet normal 0 0 -1
    outer loop
      vertex -15.902620002627373 17.403245002031326 0.6000000000000001
      vertex -15.789032496511936 17.303565002977848 0.6000000000000001
      vertex -16.27435874938965 16.75271374732256 0.6000000000000001
    endloop
  endfacet
  facet normal 0 0 -1
    outer loop
      vertex -15.789032496511936 17.303565002977848 0.6000000000000001
      vertex -15.63001000136137 17.232364997267723 0.6000000000000001
      vertex -15.89393875002861 16.61505375057459 0.6000000000000001
    endloop
  endfacet
  facet normal 0.7566570790906082 -0.6538119490052695 0
    outer loop
      vertex -16.606634996831417 18.496671251952648 0.6000000000000001
      vertex -16.64351499825716 18.45398999750614 0.6000000000000001
      vertex -16.64351499825716 18.45398999750614 0
    endloop
  endfacet
  facet normal 0.8324440076906611 -0.5541091716078254 0
    outer loop
      vertex -16.677796252071857 18.40897875279188 0.6000000000000001
      vertex -16.709449999034405 18.36142499744892 0.6000000000000001
      vertex -16.709449999034405 18.36142499744892 0
    endloop
  endfacet
  facet normal 0.7955427065607412 -0.6058975177684841 0
    outer loop
      vertex -16.677796252071857 18.40897875279188 0.6000000000000001
      vertex -16.677796252071857 18.40897875279188 0
      vertex -16.64351499825716 18.45398999750614 0.6000000000000001
    endloop
  endfacet
  facet normal 0.8938873277776965 -0.4482916965977051 0
    outer loop
      vertex -16.738476246595383 18.311328746378422 0.6000000000000001
      vertex -16.764875002205372 18.258689999580383 0.6000000000000001
      vertex -16.764875002205372 18.258689999580383 0
    endloop
  endfacet
  facet normal 0.9184073899078878 -0.3956360273819625 0
    outer loop
      vertex -16.764875002205372 18.258689999580383 0.6000000000000001
      vertex -16.78864625096321 18.203508749604225 0.6000000000000001
      vertex -16.78864625096321 18.203508749604225 0
    endloop
  endfacet
  facet normal 0.8652528218036338 -0.5013357700791446 0
    outer loop
      vertex -16.738476246595383 18.311328746378422 0.6000000000000001
      vertex -16.738476246595383 18.311328746378422 0
      vertex -16.709449999034405 18.36142499744892 0.6000000000000001
    endloop
  endfacet
  facet normal 0.9976357344906296 -0.06872365871621028 0
    outer loop
      vertex -16.862669996917248 17.886744998395443 0.6000000000000001
      vertex -16.867627501487732 17.81477875262499 0.6000000000000001
      vertex -16.867627501487732 17.81477875262499 0
    endloop
  endfacet
  facet normal 0.9576227014463301 -0.2880256267671909 0
    outer loop
      vertex -16.80979000031948 18.145784996449947 0.6000000000000001
      vertex -16.82796750217676 18.08534874767065 0.6000000000000001
      vertex -16.82796750217676 18.08534874767065 0
    endloop
  endfacet
  facet normal 0.9389899715830234 -0.3439445206228947 0
    outer loop
      vertex -16.80979000031948 18.145784996449947 0.6000000000000001
      vertex -16.80979000031948 18.145784996449947 0
      vertex -16.78864625096321 18.203508749604225 0.6000000000000001
    endloop
  endfacet
  facet normal 0.9735063175907697 -0.22866011810295983 0
    outer loop
      vertex -16.82796750217676 18.08534874767065 0.6000000000000001
      vertex -16.842840000987053 18.022030003368855 0.6000000000000001
      vertex -16.842840000987053 18.022030003368855 0
    endloop
  endfacet
  facet normal 0.9850752153230724 -0.17212443218846812 0
    outer loop
      vertex -16.842840000987053 18.022030003368855 0.6000000000000001
      vertex -16.854407496750355 17.9558287486434 0.6000000000000001
      vertex -16.854407496750355 17.9558287486434 0
    endloop
  endfacet
  facet normal 0.9929236033179911 -0.11875486505409746 0
    outer loop
      vertex -16.862669996917248 17.886744998395443 0.6000000000000001
      vertex -16.862669996917248 17.886744998395443 0
      vertex -16.854407496750355 17.9558287486434 0.6000000000000001
    endloop
  endfacet
  facet normal 0.7171449657203889 -0.6969240260902922 0
    outer loop
      vertex -16.606634996831417 18.496671251952648 0.6000000000000001
      vertex -16.606634996831417 18.496671251952648 0
      vertex -16.567215003073215 18.537234999239445 0.6000000000000001
    endloop
  endfacet
  facet normal 0.6755614628128868 -0.7373036755381818 0
    outer loop
      vertex -16.525255002081394 18.575681246817112 0.6000000000000001
      vertex -16.567215003073215 18.537234999239445 0.6000000000000001
      vertex -16.567215003073215 18.537234999239445 0
    endloop
  endfacet
  facet normal 0.8324440076906611 -0.5541091716078254 0
    outer loop
      vertex -16.677796252071857 18.40897875279188 0.6000000000000001
      vertex -16.709449999034405 18.36142499744892 0
      vertex -16.677796252071857 18.40897875279188 0
    endloop
  endfacet
  facet normal 0.7955427065607412 -0.6058975177684841 0
    outer loop
      vertex -16.64351499825716 18.45398999750614 0.6000000000000001
      vertex -16.677796252071857 18.40897875279188 0
      vertex -16.64351499825716 18.45398999750614 0
    endloop
  endfacet
  facet normal 0.8938873277776965 -0.4482916965977051 0
    outer loop
      vertex -16.738476246595383 18.311328746378422 0.6000000000000001
      vertex -16.764875002205372 18.258689999580383 0
      vertex -16.738476246595383 18.311328746378422 0
    endloop
  endfacet
  facet normal 0.9184073899078878 -0.3956360273819625 0
    outer loop
      vertex -16.764875002205372 18.258689999580383 0.6000000000000001
      vertex -16.78864625096321 18.203508749604225 0
      vertex -16.764875002205372 18.258689999580383 0
    endloop
  endfacet
  facet normal 0.9389899715830234 -0.3439445206228947 0
    outer loop
      vertex -16.78864625096321 18.203508749604225 0.6000000000000001
      vertex -16.80979000031948 18.145784996449947 0
      vertex -16.78864625096321 18.203508749604225 0
    endloop
  endfacet
  facet normal 0.8652528218036338 -0.5013357700791446 0
    outer loop
      vertex -16.709449999034405 18.36142499744892 0.6000000000000001
      vertex -16.738476246595383 18.311328746378422 0
      vertex -16.709449999034405 18.36142499744892 0
    endloop
  endfacet
  facet normal 0.9976357344906296 -0.06872365871621028 0
    outer loop
      vertex -16.862669996917248 17.886744998395443 0.6000000000000001
      vertex -16.867627501487732 17.81477875262499 0
      vertex -16.862669996917248 17.886744998395443 0
    endloop
  endfacet
  facet normal 0.9997563727661176 -0.02207249676714693 0
    outer loop
      vertex -16.867627501487732 17.81477875262499 0.6000000000000001
      vertex -16.869280003011227 17.739929996430874 0
      vertex -16.867627501487732 17.81477875262499 0
    endloop
  endfacet
  facet normal 0.9576227014463301 -0.2880256267671909 0
    outer loop
      vertex -16.80979000031948 18.145784996449947 0.6000000000000001
      vertex -16.82796750217676 18.08534874767065 0
      vertex -16.80979000031948 18.145784996449947 0
    endloop
  endfacet
  facet normal 0.9735063175907697 -0.22866011810295983 0
    outer loop
      vertex -16.82796750217676 18.08534874767065 0.6000000000000001
      vertex -16.842840000987053 18.022030003368855 0
      vertex -16.82796750217676 18.08534874767065 0
    endloop
  endfacet
  facet normal 0.9850752153230724 -0.17212443218846812 0
    outer loop
      vertex -16.842840000987053 18.022030003368855 0.6000000000000001
      vertex -16.854407496750355 17.9558287486434 0
      vertex -16.842840000987053 18.022030003368855 0
    endloop
  endfacet
  facet normal 0.9929236033179911 -0.11875486505409746 0
    outer loop
      vertex -16.854407496750355 17.9558287486434 0.6000000000000001
      vertex -16.862669996917248 17.886744998395443 0
      vertex -16.854407496750355 17.9558287486434 0
    endloop
  endfacet
  facet normal 0.7171449657203889 -0.6969240260902922 0
    outer loop
      vertex -16.567215003073215 18.537234999239445 0.6000000000000001
      vertex -16.606634996831417 18.496671251952648 0
      vertex -16.567215003073215 18.537234999239445 0
    endloop
  endfacet
  facet normal 0.7566570790906082 -0.6538119490052695 0
    outer loop
      vertex -16.606634996831417 18.496671251952648 0.6000000000000001
      vertex -16.64351499825716 18.45398999750614 0
      vertex -16.606634996831417 18.496671251952648 0
    endloop
  endfacet
  facet normal 0.9997563727661176 -0.02207249676714693 0
    outer loop
      vertex -16.867627501487732 17.81477875262499 0.6000000000000001
      vertex -16.869280003011227 17.739929996430874 0.6000000000000001
      vertex -16.869280003011227 17.739929996430874 0
    endloop
  endfacet
  facet normal 0.9978842443263848 0.06501565138610813 0
    outer loop
      vertex -16.869280003011227 17.739929996430874 0.6000000000000001
      vertex -16.857116252183914 17.55323625355959 0.6000000000000001
      vertex -16.857116252183914 17.55323625355959 0
    endloop
  endfacet
  facet normal 0.9781089832197297 0.20809328904331956 0
    outer loop
      vertex -16.857116252183914 17.55323625355959 0.6000000000000001
      vertex -16.820624999701977 17.38171499967575 0.6000000000000001
      vertex -16.820624999701977 17.38171499967575 0
    endloop
  endfacet
  facet normal 0.9319715340646365 0.362531460280633 0
    outer loop
      vertex -16.820624999701977 17.38171499967575 0.6000000000000001
      vertex -16.759806253015995 17.22536624968052 0.6000000000000001
      vertex -16.759806253015995 17.22536624968052 0
    endloop
  endfacet
  facet normal 0.8563118845968966 0.5164590557809121 0
    outer loop
      vertex -16.759806253015995 17.22536624968052 0.6000000000000001
      vertex -16.674659997224808 17.084190003573895 0.6000000000000001
      vertex -16.674659997224808 17.084190003573895 0
    endloop
  endfacet
  facet normal 0.9978842443263848 0.06501565138610813 0
    outer loop
      vertex -16.869280003011227 17.739929996430874 0.6000000000000001
      vertex -16.857116252183914 17.55323625355959 0
      vertex -16.869280003011227 17.739929996430874 0
    endloop
  endfacet
  facet normal 0.9781089832197297 0.20809328904331956 0
    outer loop
      vertex -16.857116252183914 17.55323625355959 0.6000000000000001
      vertex -16.820624999701977 17.38171499967575 0
      vertex -16.857116252183914 17.55323625355959 0
    endloop
  endfacet
  facet normal 0.9319715340646365 0.362531460280633 0
    outer loop
      vertex -16.820624999701977 17.38171499967575 0.6000000000000001
      vertex -16.759806253015995 17.22536624968052 0
      vertex -16.820624999701977 17.38171499967575 0
    endloop
  endfacet
  facet normal 0.8563118845968966 0.5164590557809121 0
    outer loop
      vertex -16.759806253015995 17.22536624968052 0.6000000000000001
      vertex -16.674659997224808 17.084190003573895 0
      vertex -16.759806253015995 17.22536624968052 0
    endloop
  endfacet
  facet normal 0.7548864800803373 0.6558554735548973 0
    outer loop
      vertex -16.674659997224808 17.084190003573895 0.6000000000000001
      vertex -16.565186247229576 16.958186246454716 0
      vertex -16.674659997224808 17.084190003573895 0
    endloop
  endfacet
  facet normal -0.8145735585152387 0.580060270806251 0
    outer loop
      vertex -15.906549997627735 17.96272499859333 0.6000000000000001
      vertex -15.906549997627735 17.96272499859333 0
      vertex -15.933114998042583 17.925420001149178 0.6000000000000001
    endloop
  endfacet
  facet normal -0.8820737573186967 0.47111133148086853 0
    outer loop
      vertex -15.954850003123283 17.884724996984005 0.6000000000000001
      vertex -15.933114998042583 17.925420001149178 0.6000000000000001
      vertex -15.933114998042583 17.925420001149178 0
    endloop
  endfacet
  facet normal -0.9691437445669538 0.2464962522367083 0
    outer loop
      vertex -15.971754997968674 17.840640000998974 0.6000000000000001
      vertex -15.971754997968674 17.840640000998974 0
      vertex -15.983829997479916 17.793164998292923 0.6000000000000001
    endloop
  endfacet
  facet normal -0.933705434361671 0.35804212300158683 0
    outer loop
      vertex -15.954850003123283 17.884724996984005 0.6000000000000001
      vertex -15.954850003123283 17.884724996984005 0
      vertex -15.971754997968674 17.840640000998974 0.6000000000000001
    endloop
  endfacet
  facet normal -0.742342866330064 0.670020200299114 0
    outer loop
      vertex -15.875225000083447 17.997431248426437 0.6000000000000001
      vertex -15.875225000083447 17.997431248426437 0
      vertex -15.906549997627735 17.96272499859333 0.6000000000000001
    endloop
  endfacet
  facet normal -0.6083095430630564 0.7936998801930208 0
    outer loop
      vertex -15.839239999651909 18.030359998345375 0.6000000000000001
      vertex -15.798594996333122 18.061511248350143 0.6000000000000001
      vertex -15.798594996333122 18.061511248350143 0
    endloop
  endfacet
  facet normal -0.675083797620842 0.7377410563265555 0
    outer loop
      vertex -15.839239999651909 18.030359998345375 0.6000000000000001
      vertex -15.839239999651909 18.030359998345375 0
      vertex -15.875225000083447 17.997431248426437 0.6000000000000001
    endloop
  endfacet
  facet normal -0.544018028535892 0.8390735275456624 0
    outer loop
      vertex -15.798594996333122 18.061511248350143 0.6000000000000001
      vertex -15.753289997577667 18.090884998440742 0.6000000000000001
      vertex -15.753289997577667 18.090884998440742 0
    endloop
  endfacet
  facet normal -0.48347158722730316 0.8753600541171114 0
    outer loop
      vertex -15.753289997577667 18.090884998440742 0.6000000000000001
      vertex -15.703325003385544 18.118481248617172 0.6000000000000001
      vertex -15.703325003385544 18.118481248617172 0
    endloop
  endfacet
  facet normal -0.30984342972044765 0.9507875940813858 0
    outer loop
      vertex -15.581982500851154 18.170275002717972 0.6000000000000001
      vertex -15.495769999921322 18.19837000221014 0.6000000000000001
      vertex -15.495769999921322 18.19837000221014 0
    endloop
  endfacet
  facet normal -0.27482921373288705 0.9614930594023875 0
    outer loop
      vertex -15.495769999921322 18.19837000221014 0.6000000000000001
      vertex -15.390062503516674 18.228584997355938 0.6000000000000001
      vertex -15.390062503516674 18.228584997355938 0
    endloop
  endfacet
  facet normal -0.25005696603154465 0.9682311261982331 0
    outer loop
      vertex -15.390062503516674 18.228584997355938 0.6000000000000001
      vertex -15.26485999673605 18.260920003056526 0.6000000000000001
      vertex -15.26485999673605 18.260920003056526 0
    endloop
  endfacet
  facet normal -0.4273257865924539 0.9040977115960092 0
    outer loop
      vertex -15.703325003385544 18.118481248617172 0.6000000000000001
      vertex -15.64869999885559 18.144299998879433 0.6000000000000001
      vertex -15.64869999885559 18.144299998879433 0
    endloop
  endfacet
  facet normal -0.36280184019833206 0.9318663127019368 0
    outer loop
      vertex -15.64869999885559 18.144299998879433 0.6000000000000001
      vertex -15.581982500851154 18.170275002717972 0.6000000000000001
      vertex -15.581982500851154 18.170275002717972 0
    endloop
  endfacet
  facet normal -0.8145735585152387 0.580060270806251 0
    outer loop
      vertex -15.933114998042583 17.925420001149178 0.6000000000000001
      vertex -15.906549997627735 17.96272499859333 0
      vertex -15.933114998042583 17.925420001149178 0
    endloop
  endfacet
  facet normal -0.8820737573186967 0.47111133148086853 0
    outer loop
      vertex -15.954850003123283 17.884724996984005 0.6000000000000001
      vertex -15.933114998042583 17.925420001149178 0
      vertex -15.954850003123283 17.884724996984005 0
    endloop
  endfacet
  facet normal -0.9691437445669538 0.2464962522367083 0
    outer loop
      vertex -15.983829997479916 17.793164998292923 0.6000000000000001
      vertex -15.971754997968674 17.840640000998974 0
      vertex -15.983829997479916 17.793164998292923 0
    endloop
  endfacet
  facet normal -0.933705434361671 0.35804212300158683 0
    outer loop
      vertex -15.971754997968674 17.840640000998974 0.6000000000000001
      vertex -15.954850003123283 17.884724996984005 0
      vertex -15.971754997968674 17.840640000998974 0
    endloop
  endfacet
  facet normal -0.675083797620842 0.7377410563265555 0
    outer loop
      vertex -15.875225000083447 17.997431248426437 0.6000000000000001
      vertex -15.839239999651909 18.030359998345375 0
      vertex -15.875225000083447 17.997431248426437 0
    endloop
  endfacet
  facet normal -0.6083095430630564 0.7936998801930208 0
    outer loop
      vertex -15.839239999651909 18.030359998345375 0.6000000000000001
      vertex -15.798594996333122 18.061511248350143 0
      vertex -15.839239999651909 18.030359998345375 0
    endloop
  endfacet
  facet normal -0.48347158722730316 0.8753600541171114 0
    outer loop
      vertex -15.753289997577667 18.090884998440742 0.6000000000000001
      vertex -15.703325003385544 18.118481248617172 0
      vertex -15.753289997577667 18.090884998440742 0
    endloop
  endfacet
  facet normal -0.4273257865924539 0.9040977115960092 0
    outer loop
      vertex -15.703325003385544 18.118481248617172 0.6000000000000001
      vertex -15.64869999885559 18.144299998879433 0
      vertex -15.703325003385544 18.118481248617172 0
    endloop
  endfacet
  facet normal -0.544018028535892 0.8390735275456624 0
    outer loop
      vertex -15.798594996333122 18.061511248350143 0.6000000000000001
      vertex -15.753289997577667 18.090884998440742 0
      vertex -15.798594996333122 18.061511248350143 0
    endloop
  endfacet
  facet normal -0.742342866330064 0.670020200299114 0
    outer loop
      vertex -15.906549997627735 17.96272499859333 0.6000000000000001
      vertex -15.875225000083447 17.997431248426437 0
      vertex -15.906549997627735 17.96272499859333 0
    endloop
  endfacet
  facet normal -0.30984342972044765 0.9507875940813858 0
    outer loop
      vertex -15.581982500851154 18.170275002717972 0.6000000000000001
      vertex -15.495769999921322 18.19837000221014 0
      vertex -15.581982500851154 18.170275002717972 0
    endloop
  endfacet
  facet normal -0.27482921373288705 0.9614930594023875 0
    outer loop
      vertex -15.495769999921322 18.19837000221014 0.6000000000000001
      vertex -15.390062503516674 18.228584997355938 0
      vertex -15.495769999921322 18.19837000221014 0
    endloop
  endfacet
  facet normal -0.25005696603154465 0.9682311261982331 0
    outer loop
      vertex -15.390062503516674 18.228584997355938 0.6000000000000001
      vertex -15.26485999673605 18.260920003056526 0
      vertex -15.390062503516674 18.228584997355938 0
    endloop
  endfacet
  facet normal -0.23164094666703006 0.9728013527062975 0
    outer loop
      vertex -15.26485999673605 18.260920003056526 0.6000000000000001
      vertex -15.12016250193119 18.295374996960163 0
      vertex -15.26485999673605 18.260920003056526 0
    endloop
  endfacet
  facet normal -0.36280184019833206 0.9318663127019368 0
    outer loop
      vertex -15.64869999885559 18.144299998879433 0.6000000000000001
      vertex -15.581982500851154 18.170275002717972 0
      vertex -15.64869999885559 18.144299998879433 0
    endloop
  endfacet
  facet normal -0.9900077890127058 0.14101268628805647 0
    outer loop
      vertex -15.983829997479916 17.793164998292923 0.6000000000000001
      vertex -15.983829997479916 17.793164998292923 0
      vertex -15.99107500165701 17.742299996316433 0.6000000000000001
    endloop
  endfacet
  facet normal -0.9990108080669818 0.044468026326294034 0
    outer loop
      vertex -15.99107500165701 17.742299996316433 0.6000000000000001
      vertex -15.99107500165701 17.742299996316433 0
      vertex -15.993490003049374 17.688045002520084 0.6000000000000001
    endloop
  endfacet
  facet normal -0.9896461945297189 -0.1435284280302889 0
    outer loop
      vertex -15.993490003049374 17.688045002520084 0.6000000000000001
      vertex -15.993490003049374 17.688045002520084 0
      vertex -15.970772497355938 17.53140500187874 0.6000000000000001
    endloop
  endfacet
  facet normal -0.8829229923988042 -0.4695178265982464 0
    outer loop
      vertex -15.970772497355938 17.53140500187874 0.6000000000000001
      vertex -15.970772497355938 17.53140500187874 0
      vertex -15.902620002627373 17.403245002031326 0.6000000000000001
    endloop
  endfacet
  facet normal -0.6595942535569436 -0.7516218601628469 0
    outer loop
      vertex -15.902620002627373 17.403245002031326 0.6000000000000001
      vertex -15.902620002627373 17.403245002031326 0
      vertex -15.789032496511936 17.303565002977848 0.6000000000000001
    endloop
  endfacet
  facet normal -0.4086451498271654 -0.9126933447345464 0
    outer loop
      vertex -15.789032496511936 17.303565002977848 0.6000000000000001
      vertex -15.789032496511936 17.303565002977848 0
      vertex -15.63001000136137 17.232364997267723 0.6000000000000001
    endloop
  endfacet
  facet normal -0.20452633091071806 -0.9788610626458688 0
    outer loop
      vertex -15.63001000136137 17.232364997267723 0.6000000000000001
      vertex -15.63001000136137 17.232364997267723 0
      vertex -15.425552502274513 17.189644999802113 0.6000000000000001
    endloop
  endfacet
  facet normal -0.056892193118397646 -0.9983803275116045 0
    outer loop
      vertex -15.425552502274513 17.189644999802113 0.6000000000000001
      vertex -15.425552502274513 17.189644999802113 0
      vertex -15.175659999251366 17.175405003130436 0.6000000000000001
    endloop
  endfacet
  facet normal -0.9900077890127058 0.14101268628805647 0
    outer loop
      vertex -15.99107500165701 17.742299996316433 0.6000000000000001
      vertex -15.983829997479916 17.793164998292923 0
      vertex -15.99107500165701 17.742299996316433 0
    endloop
  endfacet
  facet normal -0.9990108080669818 0.044468026326294034 0
    outer loop
      vertex -15.993490003049374 17.688045002520084 0.6000000000000001
      vertex -15.99107500165701 17.742299996316433 0
      vertex -15.993490003049374 17.688045002520084 0
    endloop
  endfacet
  facet normal -0.9896461945297189 -0.1435284280302889 0
    outer loop
      vertex -15.970772497355938 17.53140500187874 0.6000000000000001
      vertex -15.993490003049374 17.688045002520084 0
      vertex -15.970772497355938 17.53140500187874 0
    endloop
  endfacet
  facet normal -0.8829229923988042 -0.4695178265982464 0
    outer loop
      vertex -15.902620002627373 17.403245002031326 0.6000000000000001
      vertex -15.970772497355938 17.53140500187874 0
      vertex -15.902620002627373 17.403245002031326 0
    endloop
  endfacet
  facet normal -0.6595942535569436 -0.7516218601628469 0
    outer loop
      vertex -15.789032496511936 17.303565002977848 0.6000000000000001
      vertex -15.902620002627373 17.403245002031326 0
      vertex -15.789032496511936 17.303565002977848 0
    endloop
  endfacet
  facet normal -0.4086451498271654 -0.9126933447345464 0
    outer loop
      vertex -15.63001000136137 17.232364997267723 0.6000000000000001
      vertex -15.789032496511936 17.303565002977848 0
      vertex -15.63001000136137 17.232364997267723 0
    endloop
  endfacet
  facet normal -0.20452633091071806 -0.9788610626458688 0
    outer loop
      vertex -15.425552502274513 17.189644999802113 0.6000000000000001
      vertex -15.63001000136137 17.232364997267723 0
      vertex -15.425552502274513 17.189644999802113 0
    endloop
  endfacet
  facet normal -0.056892193118397646 -0.9983803275116045 0
    outer loop
      vertex -15.175659999251366 17.175405003130436 0.6000000000000001
      vertex -15.425552502274513 17.189644999802113 0
      vertex -15.175659999251366 17.175405003130436 0
    endloop
  endfacet
  facet normal 0 0 -1
    outer loop
      vertex -15.902620002627373 17.403245002031326 0.6000000000000001
      vertex -16.27435874938965 16.75271374732256 0.6000000000000001
      vertex -16.4313850030303 16.847355000674725 0.6000000000000001
    endloop
  endfacet
  facet normal 0 0 -1
    outer loop
      vertex -15.789032496511936 17.303565002977848 0.6000000000000001
      vertex -16.095210000872612 16.67527999728918 0.6000000000000001
      vertex -16.27435874938965 16.75271374732256 0.6000000000000001
    endloop
  endfacet
  facet normal 0 0 -1
    outer loop
      vertex -15.789032496511936 17.303565002977848 0.6000000000000001
      vertex -15.89393875002861 16.61505375057459 0.6000000000000001
      vertex -16.095210000872612 16.67527999728918 0.6000000000000001
    endloop
  endfacet
  facet normal 0 0 -1
    outer loop
      vertex -15.63001000136137 17.232364997267723 0.6000000000000001
      vertex -15.670544996857643 16.572034999728203 0.6000000000000001
      vertex -15.89393875002861 16.61505375057459 0.6000000000000001
    endloop
  endfacet
  facet normal 0 0 -1
    outer loop
      vertex -15.63001000136137 17.232364997267723 0.6000000000000001
      vertex -15.425552502274513 17.189644999802113 0.6000000000000001
      vertex -15.670544996857643 16.572034999728203 0.6000000000000001
    endloop
  endfacet
  facet normal 0 0 -1
    outer loop
      vertex -15.425552502274513 17.189644999802113 0.6000000000000001
      vertex -15.425028748810291 16.546223752200603 0.6000000000000001
      vertex -15.670544996857643 16.572034999728203 0.6000000000000001
    endloop
  endfacet
  facet normal 0 0 -1
    outer loop
      vertex -15.425552502274513 17.189644999802113 0.6000000000000001
      vertex -15.175659999251366 17.175405003130436 0.6000000000000001
      vertex -15.425028748810291 16.546223752200603 0.6000000000000001
    endloop
  endfacet
  facet normal 0 0 -1
    outer loop
      vertex -15.175659999251366 17.175405003130436 0.6000000000000001
      vertex -15.157389998435974 16.53762000054121 0.6000000000000001
      vertex -15.425028748810291 16.546223752200603 0.6000000000000001
    endloop
  endfacet
  facet normal 0.7548864800803373 0.6558554735548973 0
    outer loop
      vertex -16.674659997224808 17.084190003573895 0.6000000000000001
      vertex -16.565186247229576 16.958186246454716 0.6000000000000001
      vertex -16.565186247229576 16.958186246454716 0
    endloop
  endfacet
  facet normal 0.6379064591691259 0.7701138547970087 0
    outer loop
      vertex -16.565186247229576 16.958186246454716 0.6000000000000001
      vertex -16.4313850030303 16.847355000674725 0.6000000000000001
      vertex -16.4313850030303 16.847355000674725 0
    endloop
  endfacet
  facet normal 0.5162012134112561 0.85646734162649 0
    outer loop
      vertex -16.4313850030303 16.847355000674725 0.6000000000000001
      vertex -16.27435874938965 16.75271374732256 0.6000000000000001
      vertex -16.27435874938965 16.75271374732256 0
    endloop
  endfacet
  facet normal 0.3967558373461485 0.9179241828886286 0
    outer loop
      vertex -16.27435874938965 16.75271374732256 0.6000000000000001
      vertex -16.095210000872612 16.67527999728918 0.6000000000000001
      vertex -16.095210000872612 16.67527999728918 0
    endloop
  endfacet
  facet normal 0.6379064591691259 0.7701138547970087 0
    outer loop
      vertex -16.565186247229576 16.958186246454716 0.6000000000000001
      vertex -16.4313850030303 16.847355000674725 0
      vertex -16.565186247229576 16.958186246454716 0
    endloop
  endfacet
  facet normal 0.5162012134112561 0.85646734162649 0
    outer loop
      vertex -16.4313850030303 16.847355000674725 0.6000000000000001
      vertex -16.27435874938965 16.75271374732256 0
      vertex -16.4313850030303 16.847355000674725 0
    endloop
  endfacet
  facet normal 0.3967558373461485 0.9179241828886286 0
    outer loop
      vertex -16.27435874938965 16.75271374732256 0.6000000000000001
      vertex -16.095210000872612 16.67527999728918 0
      vertex -16.27435874938965 16.75271374732256 0
    endloop
  endfacet
  facet normal 0.2866703871126217 0.95802927364079 0
    outer loop
      vertex -16.095210000872612 16.67527999728918 0.6000000000000001
      vertex -15.89393875002861 16.61505375057459 0.6000000000000001
      vertex -15.89393875002861 16.61505375057459 0
    endloop
  endfacet
  facet normal 0.18909499618795125 0.9819587987368302 0
    outer loop
      vertex -15.89393875002861 16.61505375057459 0.6000000000000001
      vertex -15.670544996857643 16.572034999728203 0.6000000000000001
      vertex -15.670544996857643 16.572034999728203 0
    endloop
  endfacet
  facet normal 0.10455430507295772 0.9945191789456406 0
    outer loop
      vertex -15.670544996857643 16.572034999728203 0.6000000000000001
      vertex -15.425028748810291 16.546223752200603 0.6000000000000001
      vertex -15.425028748810291 16.546223752200603 0
    endloop
  endfacet
  facet normal 0.03213028545573426 0.9994836890897884 0
    outer loop
      vertex -15.425028748810291 16.546223752200603 0.6000000000000001
      vertex -15.157389998435974 16.53762000054121 0.6000000000000001
      vertex -15.157389998435974 16.53762000054121 0
    endloop
  endfacet
  facet normal 0.2866703871126217 0.95802927364079 0
    outer loop
      vertex -16.095210000872612 16.67527999728918 0.6000000000000001
      vertex -15.89393875002861 16.61505375057459 0
      vertex -16.095210000872612 16.67527999728918 0
    endloop
  endfacet
  facet normal 0.18909499618795125 0.9819587987368302 0
    outer loop
      vertex -15.89393875002861 16.61505375057459 0.6000000000000001
      vertex -15.670544996857643 16.572034999728203 0
      vertex -15.89393875002861 16.61505375057459 0
    endloop
  endfacet
  facet normal 0.10455430507295772 0.9945191789456406 0
    outer loop
      vertex -15.670544996857643 16.572034999728203 0.6000000000000001
      vertex -15.425028748810291 16.546223752200603 0
      vertex -15.670544996857643 16.572034999728203 0
    endloop
  endfacet
  facet normal 0.03213028545573426 0.9994836890897884 0
    outer loop
      vertex -15.425028748810291 16.546223752200603 0.6000000000000001
      vertex -15.157389998435974 16.53762000054121 0
      vertex -15.425028748810291 16.546223752200603 0
    endloop
  endfacet
  facet normal 0 0 -1
    outer loop
      vertex -15.16958499699831 20.96237999945879 0.6000000000000001
      vertex -14.879648752510548 20.953098751604557 0.6000000000000001
      vertex -15.145149998366833 20.288010001182556 0.6000000000000001
    endloop
  endfacet
  facet normal 0 0 -1
    outer loop
      vertex -14.879648752510548 20.953098751604557 0.6000000000000001
      vertex -14.61404000222683 20.925255000591278 0.6000000000000001
      vertex -14.857032500207424 20.27207375317812 0.6000000000000001
    endloop
  endfacet
  facet normal 0 0 -1
    outer loop
      vertex -14.879648752510548 20.953098751604557 0.6000000000000001
      vertex -14.857032500207424 20.27207375317812 0.6000000000000001
      vertex -15.145149998366833 20.288010001182556 0.6000000000000001
    endloop
  endfacet
  facet normal 0 0 -1
    outer loop
      vertex -14.61404000222683 20.925255000591278 0.6000000000000001
      vertex -14.372758753597736 20.878848746418953 0.6000000000000001
      vertex -14.621299996972084 20.22426500171423 0.6000000000000001
    endloop
  endfacet
  facet normal 0 0 -1
    outer loop
      vertex -14.372758753597736 20.878848746418953 0.6000000000000001
      vertex -14.155804999172688 20.813879996538162 0.6000000000000001
      vertex -14.437952503561974 20.144583746790886 0.6000000000000001
    endloop
  endfacet
  facet normal 0 0 -1
    outer loop
      vertex -14.857032500207424 20.27207375317812 0.6000000000000001
      vertex -14.61404000222683 20.925255000591278 0.6000000000000001
      vertex -14.621299996972084 20.22426500171423 0.6000000000000001
    endloop
  endfacet
  facet normal 0 0 -1
    outer loop
      vertex -14.372758753597736 20.878848746418953 0.6000000000000001
      vertex -14.437952503561974 20.144583746790886 0.6000000000000001
      vertex -14.621299996972084 20.22426500171423 0.6000000000000001
    endloop
  endfacet
  facet normal 0 0 -1
    outer loop
      vertex -14.437952503561974 20.144583746790886 0.6000000000000001
      vertex -14.155804999172688 20.813879996538162 0.6000000000000001
      vertex -13.963178746402264 20.730348750948906 0.6000000000000001
    endloop
  endfacet
  facet normal 0 0 -1
    outer loop
      vertex -14.306989997625351 20.03303000330925 0.6000000000000001
      vertex -13.963178746402264 20.730348750948906 0.6000000000000001
      vertex -13.794880002737045 20.628255002200603 0.6000000000000001
    endloop
  endfacet
  facet normal 0 0 -1
    outer loop
      vertex -14.437952503561974 20.144583746790886 0.6000000000000001
      vertex -13.963178746402264 20.730348750948906 0.6000000000000001
      vertex -14.306989997625351 20.03303000330925 0.6000000000000001
    endloop
  endfacet
  facet normal 0 0 -1
    outer loop
      vertex -14.306989997625351 20.03303000330925 0.6000000000000001
      vertex -13.794880002737045 20.628255002200603 0.6000000000000001
      vertex -13.65174250304699 20.508601248264313 0.6000000000000001
    endloop
  endfacet
  facet normal 0 0 -1
    outer loop
      vertex -14.306989997625351 20.03303000330925 0.6000000000000001
      vertex -13.65174250304699 20.508601248264313 0.6000000000000001
      vertex -13.534630000591278 20.372419998049736 0.6000000000000001
    endloop
  endfacet
  facet normal 0 0 -1
    outer loop
      vertex -14.228412501513958 19.88960374891758 0.6000000000000001
      vertex -13.534630000591278 20.372419998049736 0.6000000000000001
      vertex -13.443542502820492 20.219711251556873 0.6000000000000001
    endloop
  endfacet
  facet normal -0.03199495169905475 -0.999488030476491 0
    outer loop
      vertex -15.16958499699831 20.96237999945879 0.6000000000000001
      vertex -15.16958499699831 20.96237999945879 0
      vertex -14.879648752510548 20.953098751604557 0.6000000000000001
    endloop
  endfacet
  facet normal -0.10425864581532585 -0.9945502173207518 0
    outer loop
      vertex -14.879648752510548 20.953098751604557 0.6000000000000001
      vertex -14.879648752510548 20.953098751604557 0
      vertex -14.61404000222683 20.925255000591278 0.6000000000000001
    endloop
  endfacet
  facet normal -0.1888709975392285 -0.9820019074770358 0
    outer loop
      vertex -14.61404000222683 20.925255000591278 0.6000000000000001
      vertex -14.61404000222683 20.925255000591278 0
      vertex -14.372758753597736 20.878848746418953 0.6000000000000001
    endloop
  endfacet
  facet normal -0.03199495169905475 -0.999488030476491 0
    outer loop
      vertex -14.879648752510548 20.953098751604557 0.6000000000000001
      vertex -15.16958499699831 20.96237999945879 0
      vertex -14.879648752510548 20.953098751604557 0
    endloop
  endfacet
  facet normal -0.10425864581532585 -0.9945502173207518 0
    outer loop
      vertex -14.61404000222683 20.925255000591278 0.6000000000000001
      vertex -14.879648752510548 20.953098751604557 0
      vertex -14.61404000222683 20.925255000591278 0
    endloop
  endfacet
  facet normal -0.1888709975392285 -0.9820019074770358 0
    outer loop
      vertex -14.372758753597736 20.878848746418953 0.6000000000000001
      vertex -14.61404000222683 20.925255000591278 0
      vertex -14.372758753597736 20.878848746418953 0
    endloop
  endfacet
  facet normal -0.02929221301936916 0.9995708910609732 0
    outer loop
      vertex -15.291201248764992 20.283730000257492 0.6000000000000001
      vertex -15.145149998366833 20.288010001182556 0.6000000000000001
      vertex -15.145149998366833 20.288010001182556 0
    endloop
  endfacet
  facet normal 0.05522721254191007 0.9984738128738534 0
    outer loop
      vertex -15.145149998366833 20.288010001182556 0.6000000000000001
      vertex -14.857032500207424 20.27207375317812 0.6000000000000001
      vertex -14.857032500207424 20.27207375317812 0
    endloop
  endfacet
  facet normal -0.2868723631452946 -0.9579688133041879 0
    outer loop
      vertex -14.372758753597736 20.878848746418953 0.6000000000000001
      vertex -14.372758753597736 20.878848746418953 0
      vertex -14.155804999172688 20.813879996538162 0.6000000000000001
    endloop
  endfacet
  facet normal 0.1987628040043286 0.9800476252429455 0
    outer loop
      vertex -14.857032500207424 20.27207375317812 0.6000000000000001
      vertex -14.621299996972084 20.22426500171423 0.6000000000000001
      vertex -14.621299996972084 20.22426500171423 0
    endloop
  endfacet
  facet normal 0.3985786686450928 0.9171341477129207 0
    outer loop
      vertex -14.621299996972084 20.22426500171423 0.6000000000000001
      vertex -14.437952503561974 20.144583746790886 0.6000000000000001
      vertex -14.437952503561974 20.144583746790886 0
    endloop
  endfacet
  facet normal 0.05522721254191007 0.9984738128738534 0
    outer loop
      vertex -15.145149998366833 20.288010001182556 0.6000000000000001
      vertex -14.857032500207424 20.27207375317812 0
      vertex -15.145149998366833 20.288010001182556 0
    endloop
  endfacet
  facet normal 0.1987628040043286 0.9800476252429455 0
    outer loop
      vertex -14.857032500207424 20.27207375317812 0.6000000000000001
      vertex -14.621299996972084 20.22426500171423 0
      vertex -14.857032500207424 20.27207375317812 0
    endloop
  endfacet
  facet normal 0.3985786686450928 0.9171341477129207 0
    outer loop
      vertex -14.621299996972084 20.22426500171423 0.6000000000000001
      vertex -14.437952503561974 20.144583746790886 0
      vertex -14.621299996972084 20.22426500171423 0
    endloop
  endfacet
  facet normal -0.3978474936960432 -0.9174515637131896 0
    outer loop
      vertex -14.155804999172688 20.813879996538162 0.6000000000000001
      vertex -14.155804999172688 20.813879996538162 0
      vertex -13.963178746402264 20.730348750948906 0.6000000000000001
    endloop
  endfacet
  facet normal -0.5186528196650934 -0.85498494293961 0
    outer loop
      vertex -13.963178746402264 20.730348750948906 0.6000000000000001
      vertex -13.963178746402264 20.730348750948906 0
      vertex -13.794880002737045 20.628255002200603 0.6000000000000001
    endloop
  endfacet
  facet normal -0.6413620139990424 -0.7672384029746505 0
    outer loop
      vertex -13.794880002737045 20.628255002200603 0.6000000000000001
      vertex -13.794880002737045 20.628255002200603 0
      vertex -13.65174250304699 20.508601248264313 0.6000000000000001
    endloop
  endfacet
  facet normal -0.7581944793508466 -0.6520284744410314 0
    outer loop
      vertex -13.65174250304699 20.508601248264313 0.6000000000000001
      vertex -13.65174250304699 20.508601248264313 0
      vertex -13.534630000591278 20.372419998049736 0.6000000000000001
    endloop
  endfacet
  facet normal -0.8588242801888508 -0.5122702956038954 0
    outer loop
      vertex -13.534630000591278 20.372419998049736 0.6000000000000001
      vertex -13.534630000591278 20.372419998049736 0
      vertex -13.443542502820492 20.219711251556873 0.6000000000000001
    endloop
  endfacet
  facet normal -0.9333980126152144 -0.35884279294137716 0
    outer loop
      vertex -13.443542502820492 20.219711251556873 0.6000000000000001
      vertex -13.443542502820492 20.219711251556873 0
      vertex -13.37848000228405 20.050475001335144 0.6000000000000001
    endloop
  endfacet
  facet normal -0.2868723631452946 -0.9579688133041879 0
    outer loop
      vertex -14.155804999172688 20.813879996538162 0.6000000000000001
      vertex -14.372758753597736 20.878848746418953 0
      vertex -14.155804999172688 20.813879996538162 0
    endloop
  endfacet
  facet normal -0.3978474936960432 -0.9174515637131896 0
    outer loop
      vertex -13.963178746402264 20.730348750948906 0.6000000000000001
      vertex -14.155804999172688 20.813879996538162 0
      vertex -13.963178746402264 20.730348750948906 0
    endloop
  endfacet
  facet normal -0.5186528196650934 -0.85498494293961 0
    outer loop
      vertex -13.794880002737045 20.628255002200603 0.6000000000000001
      vertex -13.963178746402264 20.730348750948906 0
      vertex -13.794880002737045 20.628255002200603 0
    endloop
  endfacet
  facet normal -0.6413620139990424 -0.7672384029746505 0
    outer loop
      vertex -13.65174250304699 20.508601248264313 0.6000000000000001
      vertex -13.794880002737045 20.628255002200603 0
      vertex -13.65174250304699 20.508601248264313 0
    endloop
  endfacet
  facet normal -0.7581944793508466 -0.6520284744410314 0
    outer loop
      vertex -13.534630000591278 20.372419998049736 0.6000000000000001
      vertex -13.65174250304699 20.508601248264313 0
      vertex -13.534630000591278 20.372419998049736 0
    endloop
  endfacet
  facet normal -0.8588242801888508 -0.5122702956038954 0
    outer loop
      vertex -13.443542502820492 20.219711251556873 0.6000000000000001
      vertex -13.534630000591278 20.372419998049736 0
      vertex -13.443542502820492 20.219711251556873 0
    endloop
  endfacet
  facet normal 0 0 -1
    outer loop
      vertex -15.194868750870228 19.058291248977184 0.6000000000000001
      vertex -15.038865000009537 19.093139998614788 0.6000000000000001
      vertex -14.955969996750355 18.33195000141859 0.6000000000000001
    endloop
  endfacet
  facet normal 0 0 -1
    outer loop
      vertex -15.038865000009537 19.093139998614788 0.6000000000000001
      vertex -14.902948752045631 19.126121252775192 0.6000000000000001
      vertex -14.759271249175072 18.375138752162457 0.6000000000000001
    endloop
  endfacet
  facet normal 0 0 -1
    outer loop
      vertex -14.902948752045631 19.126121252775192 0.6000000000000001
      vertex -14.787119999527931 19.157234996557236 0.6000000000000001
      vertex -14.582154996693134 18.417225003242493 0.6000000000000001
    endloop
  endfacet
  facet normal 0 0 -1
    outer loop
      vertex -15.038865000009537 19.093139998614788 0.6000000000000001
      vertex -14.759271249175072 18.375138752162457 0.6000000000000001
      vertex -14.955969996750355 18.33195000141859 0.6000000000000001
    endloop
  endfacet
  facet normal 0 0 -1
    outer loop
      vertex -14.902948752045631 19.126121252775192 0.6000000000000001
      vertex -14.582154996693134 18.417225003242493 0.6000000000000001
      vertex -14.759271249175072 18.375138752162457 0.6000000000000001
    endloop
  endfacet
  facet normal 0 0 -1
    outer loop
      vertex -14.691378749907017 19.18648125231266 0.6000000000000001
      vertex -14.615725003182888 19.213859997689724 0.6000000000000001
      vertex -14.424621246755123 18.45820874720812 0.6000000000000001
    endloop
  endfacet
  facet normal 0 0 -1
    outer loop
      vertex -14.552573747932911 19.241407498717308 0.6000000000000001
      vertex -14.286669999361038 18.498089998960495 0.6000000000000001
      vertex -14.615725003182888 19.213859997689724 0.6000000000000001
    endloop
  endfacet
  facet normal 0 0 -1
    outer loop
      vertex -14.552573747932911 19.241407498717308 0.6000000000000001
      vertex -14.494340002536774 19.27115999907255 0.6000000000000001
      vertex -14.168301247060299 18.53686875104904 0.6000000000000001
    endloop
  endfacet
  facet normal 0 0 -1
    outer loop
      vertex -14.494340002536774 19.27115999907255 0.6000000000000001
      vertex -14.441023752093315 19.303117498755455 0.6000000000000001
      vertex -14.069514997303486 18.57454500347376 0.6000000000000001
    endloop
  endfacet
  facet normal 0 0 -1
    outer loop
      vertex -14.441023752093315 19.303117498755455 0.6000000000000001
      vertex -14.392624996602535 19.337279997766018 0.6000000000000001
      vertex -13.983599998056889 18.61268749833107 0.6000000000000001
    endloop
  endfacet
  facet normal 0 0 -1
    outer loop
      vertex -14.787119999527931 19.157234996557236 0.6000000000000001
      vertex -14.691378749907017 19.18648125231266 0.6000000000000001
      vertex -14.582154996693134 18.417225003242493 0.6000000000000001
    endloop
  endfacet
  facet normal 0 0 -1
    outer loop
      vertex -14.691378749907017 19.18648125231266 0.6000000000000001
      vertex -14.424621246755123 18.45820874720812 0.6000000000000001
      vertex -14.582154996693134 18.417225003242493 0.6000000000000001
    endloop
  endfacet
  facet normal 0 0 -1
    outer loop
      vertex -14.552573747932911 19.241407498717308 0.6000000000000001
      vertex -14.168301247060299 18.53686875104904 0.6000000000000001
      vertex -14.286669999361038 18.498089998960495 0.6000000000000001
    endloop
  endfacet
  facet normal 0 0 -1
    outer loop
      vertex -14.615725003182888 19.213859997689724 0.6000000000000001
      vertex -14.286669999361038 18.498089998960495 0.6000000000000001
      vertex -14.424621246755123 18.45820874720812 0.6000000000000001
    endloop
  endfacet
  facet normal 0 0 -1
    outer loop
      vertex -14.306989997625351 20.03303000330925 0.6000000000000001
      vertex -13.534630000591278 20.372419998049736 0.6000000000000001
      vertex -14.228412501513958 19.88960374891758 0.6000000000000001
    endloop
  endfacet
  facet normal 0 0 -1
    outer loop
      vertex -14.228412501513958 19.88960374891758 0.6000000000000001
      vertex -13.339442498981953 19.864711247384548 0.6000000000000001
      vertex -14.202220000326633 19.714304998517036 0.6000000000000001
    endloop
  endfacet
  facet normal 0 0 -1
    outer loop
      vertex -14.202220000326633 19.714304998517036 0.6000000000000001
      vertex -13.32643000036478 19.662419997155666 0.6000000000000001
      vertex -14.205229997634888 19.65505124628544 0.6000000000000001
    endloop
  endfacet
  facet normal 0 0 -1
    outer loop
      vertex -14.205229997634888 19.65505124628544 0.6000000000000001
      vertex -13.335584998130798 19.490359999239445 0.6000000000000001
      vertex -14.214259997010231 19.59935999661684 0.6000000000000001
    endloop
  endfacet
  facet normal 0 0 -1
    outer loop
      vertex -14.229309998452663 19.547231249511242 0.6000000000000001
      vertex -14.214259997010231 19.59935999661684 0.6000000000000001
      vertex -13.363049998879433 19.33219999819994 0.6000000000000001
    endloop
  endfacet
  facet normal 0 0 -1
    outer loop
      vertex -14.229309998452663 19.547231249511242 0.6000000000000001
      vertex -13.408825002610683 19.187940001487732 0.6000000000000001
      vertex -14.250380001962185 19.498664997518063 0.6000000000000001
    endloop
  endfacet
  facet normal 0 0 -1
    outer loop
      vertex -14.228412501513958 19.88960374891758 0.6000000000000001
      vertex -13.443542502820492 20.219711251556873 0.6000000000000001
      vertex -13.37848000228405 20.050475001335144 0.6000000000000001
    endloop
  endfacet
  facet normal 0 0 -1
    outer loop
      vertex -14.228412501513958 19.88960374891758 0.6000000000000001
      vertex -13.37848000228405 20.050475001335144 0.6000000000000001
      vertex -13.339442498981953 19.864711247384548 0.6000000000000001
    endloop
  endfacet
  facet normal 0 0 -1
    outer loop
      vertex -14.202220000326633 19.714304998517036 0.6000000000000001
      vertex -13.339442498981953 19.864711247384548 0.6000000000000001
      vertex -13.32643000036478 19.662419997155666 0.6000000000000001
    endloop
  endfacet
  facet normal 0 0 -1
    outer loop
      vertex -14.205229997634888 19.65505124628544 0.6000000000000001
      vertex -13.32643000036478 19.662419997155666 0.6000000000000001
      vertex -13.32871875166893 19.57465250045061 0.6000000000000001
    endloop
  endfacet
  facet normal 0 0 -1
    outer loop
      vertex -14.205229997634888 19.65505124628544 0.6000000000000001
      vertex -13.32871875166893 19.57465250045061 0.6000000000000001
      vertex -13.335584998130798 19.490359999239445 0.6000000000000001
    endloop
  endfacet
  facet normal 0 0 -1
    outer loop
      vertex -14.229309998452663 19.547231249511242 0.6000000000000001
      vertex -13.363049998879433 19.33219999819994 0.6000000000000001
      vertex -13.383648753166199 19.2583324983716 0.6000000000000001
    endloop
  endfacet
  facet normal 0 0 -1
    outer loop
      vertex -14.214259997010231 19.59935999661684 0.6000000000000001
      vertex -13.335584998130798 19.490359999239445 0.6000000000000001
      vertex -13.347028747200966 19.409542500972748 0.6000000000000001
    endloop
  endfacet
  facet normal 0 0 -1
    outer loop
      vertex -14.214259997010231 19.59935999661684 0.6000000000000001
      vertex -13.347028747200966 19.409542500972748 0.6000000000000001
      vertex -13.363049998879433 19.33219999819994 0.6000000000000001
    endloop
  endfacet
  facet normal 0 0 -1
    outer loop
      vertex -14.349143750965595 19.37364750355482 0.6000000000000001
      vertex -14.310580000281334 19.412220001220703 0.6000000000000001
      vertex -13.76299499720335 18.739325001835823 0.6000000000000001
    endloop
  endfacet
  facet normal 0 0 -1
    outer loop
      vertex -14.277470000088215 19.453661248087883 0.6000000000000001
      vertex -13.646875001490116 18.833925001323223 0.6000000000000001
      vertex -14.310580000281334 19.412220001220703 0.6000000000000001
    endloop
  endfacet
  facet normal 0 0 -1
    outer loop
      vertex -14.349143750965595 19.37364750355482 0.6000000000000001
      vertex -13.90387500077486 18.65286500006914 0.6000000000000001
      vertex -14.392624996602535 19.337279997766018 0.6000000000000001
    endloop
  endfacet
  facet normal 0 0 -1
    outer loop
      vertex -14.277470000088215 19.453661248087883 0.6000000000000001
      vertex -14.250380001962185 19.498664997518063 0.6000000000000001
      vertex -13.509534999728203 18.99643124639988 0.6000000000000001
    endloop
  endfacet
  facet normal 0 0 -1
    outer loop
      vertex -14.310580000281334 19.412220001220703 0.6000000000000001
      vertex -13.701839998364449 18.785607501864433 0.6000000000000001
      vertex -13.76299499720335 18.739325001835823 0.6000000000000001
    endloop
  endfacet
  facet normal 0 0 -1
    outer loop
      vertex -14.277470000088215 19.453661248087883 0.6000000000000001
      vertex -13.597024999558926 18.884871251881123 0.6000000000000001
      vertex -13.646875001490116 18.833925001323223 0.6000000000000001
    endloop
  endfacet
  facet normal 0 0 -1
    outer loop
      vertex -14.277470000088215 19.453661248087883 0.6000000000000001
      vertex -13.509534999728203 18.99643124639988 0.6000000000000001
      vertex -13.551244996488094 18.93903999775648 0.6000000000000001
    endloop
  endfacet
  facet normal 0 0 -1
    outer loop
      vertex -14.277470000088215 19.453661248087883 0.6000000000000001
      vertex -13.551244996488094 18.93903999775648 0.6000000000000001
      vertex -13.597024999558926 18.884871251881123 0.6000000000000001
    endloop
  endfacet
  facet normal 0 0 -1
    outer loop
      vertex -14.310580000281334 19.412220001220703 0.6000000000000001
      vertex -13.646875001490116 18.833925001323223 0.6000000000000001
      vertex -13.701839998364449 18.785607501864433 0.6000000000000001
    endloop
  endfacet
  facet normal 0 0 -1
    outer loop
      vertex -14.494340002536774 19.27115999907255 0.6000000000000001
      vertex -14.069514997303486 18.57454500347376 0.6000000000000001
      vertex -14.168301247060299 18.53686875104904 0.6000000000000001
    endloop
  endfacet
  facet normal 0 0 -1
    outer loop
      vertex -14.441023752093315 19.303117498755455 0.6000000000000001
      vertex -13.983599998056889 18.61268749833107 0.6000000000000001
      vertex -14.069514997303486 18.57454500347376 0.6000000000000001
    endloop
  endfacet
  facet normal 0 0 -1
    outer loop
      vertex -14.392624996602535 19.337279997766018 0.6000000000000001
      vertex -13.90387500077486 18.65286500006914 0.6000000000000001
      vertex -13.983599998056889 18.61268749833107 0.6000000000000001
    endloop
  endfacet
  facet normal 0 0 -1
    outer loop
      vertex -14.349143750965595 19.37364750355482 0.6000000000000001
      vertex -13.83033999800682 18.695077501237392 0.6000000000000001
      vertex -13.90387500077486 18.65286500006914 0.6000000000000001
    endloop
  endfacet
  facet normal 0 0 -1
    outer loop
      vertex -14.349143750965595 19.37364750355482 0.6000000000000001
      vertex -13.76299499720335 18.739325001835823 0.6000000000000001
      vertex -13.83033999800682 18.695077501237392 0.6000000000000001
    endloop
  endfacet
  facet normal 0 0 -1
    outer loop
      vertex -14.229309998452663 19.547231249511242 0.6000000000000001
      vertex -13.383648753166199 19.2583324983716 0.6000000000000001
      vertex -13.408825002610683 19.187940001487732 0.6000000000000001
    endloop
  endfacet
  facet normal 0 0 -1
    outer loop
      vertex -14.250380001962185 19.498664997518063 0.6000000000000001
      vertex -13.408825002610683 19.187940001487732 0.6000000000000001
      vertex -13.438325002789497 19.120881251990795 0.6000000000000001
    endloop
  endfacet
  facet normal 0 0 -1
    outer loop
      vertex -14.250380001962185 19.498664997518063 0.6000000000000001
      vertex -13.438325002789497 19.120881251990795 0.6000000000000001
      vertex -13.47189500182867 19.057044997811317 0.6000000000000001
    endloop
  endfacet
  facet normal 0 0 -1
    outer loop
      vertex -14.250380001962185 19.498664997518063 0.6000000000000001
      vertex -13.47189500182867 19.057044997811317 0.6000000000000001
      vertex -13.509534999728203 18.99643124639988 0.6000000000000001
    endloop
  endfacet
  facet normal 0.6484431799937106 0.7612630572408229 0
    outer loop
      vertex -14.437952503561974 20.144583746790886 0.6000000000000001
      vertex -14.306989997625351 20.03303000330925 0.6000000000000001
      vertex -14.306989997625351 20.03303000330925 0
    endloop
  endfacet
  facet normal 0.8770072586410944 0.48047712566867584 0
    outer loop
      vertex -14.306989997625351 20.03303000330925 0.6000000000000001
      vertex -14.228412501513958 19.88960374891758 0.6000000000000001
      vertex -14.228412501513958 19.88960374891758 0
    endloop
  endfacet
  facet normal 0.6415694532386063 -0.7670649494476435 0
    outer loop
      vertex -14.349143750965595 19.37364750355482 0.6000000000000001
      vertex -14.392624996602535 19.337279997766018 0.6000000000000001
      vertex -14.392624996602535 19.337279997766018 0
    endloop
  endfacet
  facet normal 0.8567550589049333 -0.5157235393510793 0
    outer loop
      vertex -14.277470000088215 19.453661248087883 0.6000000000000001
      vertex -14.277470000088215 19.453661248087883 0
      vertex -14.250380001962185 19.498664997518063 0.6000000000000001
    endloop
  endfacet
  facet normal 0.7071869600833689 -0.7070265931972032 0
    outer loop
      vertex -14.349143750965595 19.37364750355482 0.6000000000000001
      vertex -14.349143750965595 19.37364750355482 0
      vertex -14.310580000281334 19.412220001220703 0.6000000000000001
    endloop
  endfacet
  facet normal 0.7812640673100598 -0.6242006545415842 0
    outer loop
      vertex -14.277470000088215 19.453661248087883 0.6000000000000001
      vertex -14.310580000281334 19.412220001220703 0.6000000000000001
      vertex -14.310580000281334 19.412220001220703 0
    endloop
  endfacet
  facet normal 0.6484431799937106 0.7612630572408229 0
    outer loop
      vertex -14.437952503561974 20.144583746790886 0.6000000000000001
      vertex -14.306989997625351 20.03303000330925 0
      vertex -14.437952503561974 20.144583746790886 0
    endloop
  endfacet
  facet normal 0.8770072586410944 0.48047712566867584 0
    outer loop
      vertex -14.306989997625351 20.03303000330925 0.6000000000000001
      vertex -14.228412501513958 19.88960374891758 0
      vertex -14.306989997625351 20.03303000330925 0
    endloop
  endfacet
  facet normal 0.8567550589049333 -0.5157235393510793 0
    outer loop
      vertex -14.250380001962185 19.498664997518063 0.6000000000000001
      vertex -14.277470000088215 19.453661248087883 0
      vertex -14.250380001962185 19.498664997518063 0
    endloop
  endfacet
  facet normal 0.7812640673100598 -0.6242006545415842 0
    outer loop
      vertex -14.277470000088215 19.453661248087883 0.6000000000000001
      vertex -14.310580000281334 19.412220001220703 0
      vertex -14.277470000088215 19.453661248087883 0
    endloop
  endfacet
  facet normal 0.7071869600833689 -0.7070265931972032 0
    outer loop
      vertex -14.310580000281334 19.412220001220703 0.6000000000000001
      vertex -14.349143750965595 19.37364750355482 0
      vertex -14.310580000281334 19.412220001220703 0
    endloop
  endfacet
  facet normal 0.6415694532386063 -0.7670649494476435 0
    outer loop
      vertex -14.349143750965595 19.37364750355482 0.6000000000000001
      vertex -14.392624996602535 19.337279997766018 0
      vertex -14.349143750965595 19.37364750355482 0
    endloop
  endfacet
  facet normal 0.21801084710304694 -0.9759463461407147 0
    outer loop
      vertex -15.194868750870228 19.058291248977184 0.6000000000000001
      vertex -15.194868750870228 19.058291248977184 0
      vertex -15.038865000009537 19.093139998614788 0.6000000000000001
    endloop
  endfacet
  facet normal 0.23581517842994415 -0.9717979222153408 0
    outer loop
      vertex -15.038865000009537 19.093139998614788 0.6000000000000001
      vertex -15.038865000009537 19.093139998614788 0
      vertex -14.902948752045631 19.126121252775192 0.6000000000000001
    endloop
  endfacet
  facet normal 0.29214530874999417 -0.9563739428567523 0
    outer loop
      vertex -14.787119999527931 19.157234996557236 0.6000000000000001
      vertex -14.787119999527931 19.157234996557236 0
      vertex -14.691378749907017 19.18648125231266 0.6000000000000001
    endloop
  endfacet
  facet normal 0.2594220723350735 -0.9657640438457916 0
    outer loop
      vertex -14.902948752045631 19.126121252775192 0.6000000000000001
      vertex -14.902948752045631 19.126121252775192 0
      vertex -14.787119999527931 19.157234996557236 0.6000000000000001
    endloop
  endfacet
  facet normal 0.3402968153593927 -0.9403180724926301 0
    outer loop
      vertex -14.691378749907017 19.18648125231266 0.6000000000000001
      vertex -14.691378749907017 19.18648125231266 0
      vertex -14.615725003182888 19.213859997689724 0.6000000000000001
    endloop
  endfacet
  facet normal 0.45497266507517115 -0.8905054037087007 0
    outer loop
      vertex -14.552573747932911 19.241407498717308 0.6000000000000001
      vertex -14.552573747932911 19.241407498717308 0
      vertex -14.494340002536774 19.27115999907255 0.6000000000000001
    endloop
  endfacet
  facet normal 0.39982971651615695 -0.916589437965881 0
    outer loop
      vertex -14.552573747932911 19.241407498717308 0.6000000000000001
      vertex -14.615725003182888 19.213859997689724 0.6000000000000001
      vertex -14.615725003182888 19.213859997689724 0
    endloop
  endfacet
  facet normal 0.5141142124708242 -0.8577217360749956 0
    outer loop
      vertex -14.494340002536774 19.27115999907255 0.6000000000000001
      vertex -14.494340002536774 19.27115999907255 0
      vertex -14.441023752093315 19.303117498755455 0.6000000000000001
    endloop
  endfacet
  facet normal 0.5766682312354325 -0.8169784275510569 0
    outer loop
      vertex -14.441023752093315 19.303117498755455 0.6000000000000001
      vertex -14.441023752093315 19.303117498755455 0
      vertex -14.392624996602535 19.337279997766018 0.6000000000000001
    endloop
  endfacet
  facet normal 0.21801084710304694 -0.9759463461407147 0
    outer loop
      vertex -15.038865000009537 19.093139998614788 0.6000000000000001
      vertex -15.194868750870228 19.058291248977184 0
      vertex -15.038865000009537 19.093139998614788 0
    endloop
  endfacet
  facet normal 0.2594220723350735 -0.9657640438457916 0
    outer loop
      vertex -14.787119999527931 19.157234996557236 0.6000000000000001
      vertex -14.902948752045631 19.126121252775192 0
      vertex -14.787119999527931 19.157234996557236 0
    endloop
  endfacet
  facet normal 0.23581517842994415 -0.9717979222153408 0
    outer loop
      vertex -14.902948752045631 19.126121252775192 0.6000000000000001
      vertex -15.038865000009537 19.093139998614788 0
      vertex -14.902948752045631 19.126121252775192 0
    endloop
  endfacet
  facet normal 0.29214530874999417 -0.9563739428567523 0
    outer loop
      vertex -14.691378749907017 19.18648125231266 0.6000000000000001
      vertex -14.787119999527931 19.157234996557236 0
      vertex -14.691378749907017 19.18648125231266 0
    endloop
  endfacet
  facet normal 0.3402968153593927 -0.9403180724926301 0
    outer loop
      vertex -14.615725003182888 19.213859997689724 0.6000000000000001
      vertex -14.691378749907017 19.18648125231266 0
      vertex -14.615725003182888 19.213859997689724 0
    endloop
  endfacet
  facet normal 0.45497266507517115 -0.8905054037087007 0
    outer loop
      vertex -14.494340002536774 19.27115999907255 0.6000000000000001
      vertex -14.552573747932911 19.241407498717308 0
      vertex -14.494340002536774 19.27115999907255 0
    endloop
  endfacet
  facet normal 0.39982971651615695 -0.916589437965881 0
    outer loop
      vertex -14.552573747932911 19.241407498717308 0.6000000000000001
      vertex -14.615725003182888 19.213859997689724 0
      vertex -14.552573747932911 19.241407498717308 0
    endloop
  endfacet
  facet normal 0.5141142124708242 -0.8577217360749956 0
    outer loop
      vertex -14.441023752093315 19.303117498755455 0.6000000000000001
      vertex -14.494340002536774 19.27115999907255 0
      vertex -14.441023752093315 19.303117498755455 0
    endloop
  endfacet
  facet normal 0.5766682312354325 -0.8169784275510569 0
    outer loop
      vertex -14.392624996602535 19.337279997766018 0.6000000000000001
      vertex -14.441023752093315 19.303117498755455 0
      vertex -14.392624996602535 19.337279997766018 0
    endloop
  endfacet
  facet normal 0.989020871278459 0.14777589849362383 0
    outer loop
      vertex -14.228412501513958 19.88960374891758 0.6000000000000001
      vertex -14.202220000326633 19.714304998517036 0.6000000000000001
      vertex -14.202220000326633 19.714304998517036 0
    endloop
  endfacet
  facet normal 0.9987122517132956 -0.05073300974473134 0
    outer loop
      vertex -14.202220000326633 19.714304998517036 0.6000000000000001
      vertex -14.205229997634888 19.65505124628544 0.6000000000000001
      vertex -14.205229997634888 19.65505124628544 0
    endloop
  endfacet
  facet normal 0.9871083176593942 -0.16005364478086948 0
    outer loop
      vertex -14.205229997634888 19.65505124628544 0.6000000000000001
      vertex -14.214259997010231 19.59935999661684 0.6000000000000001
      vertex -14.214259997010231 19.59935999661684 0
    endloop
  endfacet
  facet normal 0.9607604341305974 -0.27737950214315776 0
    outer loop
      vertex -14.229309998452663 19.547231249511242 0.6000000000000001
      vertex -14.229309998452663 19.547231249511242 0
      vertex -14.214259997010231 19.59935999661684 0.6000000000000001
    endloop
  endfacet
  facet normal 0.9173858239824059 -0.39799905773270655 0
    outer loop
      vertex -14.229309998452663 19.547231249511242 0.6000000000000001
      vertex -14.250380001962185 19.498664997518063 0.6000000000000001
      vertex -14.250380001962185 19.498664997518063 0
    endloop
  endfacet
  facet normal -0.9786247566448735 -0.20565404367957915 0
    outer loop
      vertex -13.37848000228405 20.050475001335144 0.6000000000000001
      vertex -13.37848000228405 20.050475001335144 0
      vertex -13.339442498981953 19.864711247384548 0.6000000000000001
    endloop
  endfacet
  facet normal -0.9979375093484943 -0.06419289240502991 0
    outer loop
      vertex -13.339442498981953 19.864711247384548 0.6000000000000001
      vertex -13.339442498981953 19.864711247384548 0
      vertex -13.32643000036478 19.662419997155666 0.6000000000000001
    endloop
  endfacet
  facet normal -0.9996601569765781 0.02606857406079786 0
    outer loop
      vertex -13.32643000036478 19.662419997155666 0.6000000000000001
      vertex -13.32643000036478 19.662419997155666 0
      vertex -13.32871875166893 19.57465250045061 0.6000000000000001
    endloop
  endfacet
  facet normal -0.9966987669299521 0.08118847209002603 0
    outer loop
      vertex -13.32871875166893 19.57465250045061 0.6000000000000001
      vertex -13.32871875166893 19.57465250045061 0
      vertex -13.335584998130798 19.490359999239445 0.6000000000000001
    endloop
  endfacet
  facet normal -0.9901230185310786 0.14020131302846386 0
    outer loop
      vertex -13.335584998130798 19.490359999239445 0.6000000000000001
      vertex -13.335584998130798 19.490359999239445 0
      vertex -13.347028747200966 19.409542500972748 0.6000000000000001
    endloop
  endfacet
  facet normal -0.9792117739721851 0.2028405820200836 0
    outer loop
      vertex -13.347028747200966 19.409542500972748 0.6000000000000001
      vertex -13.347028747200966 19.409542500972748 0
      vertex -13.363049998879433 19.33219999819994 0.6000000000000001
    endloop
  endfacet
  facet normal 0.989020871278459 0.14777589849362383 0
    outer loop
      vertex -14.228412501513958 19.88960374891758 0.6000000000000001
      vertex -14.202220000326633 19.714304998517036 0
      vertex -14.228412501513958 19.88960374891758 0
    endloop
  endfacet
  facet normal 0.9987122517132956 -0.05073300974473134 0
    outer loop
      vertex -14.202220000326633 19.714304998517036 0.6000000000000001
      vertex -14.205229997634888 19.65505124628544 0
      vertex -14.202220000326633 19.714304998517036 0
    endloop
  endfacet
  facet normal 0.9871083176593942 -0.16005364478086948 0
    outer loop
      vertex -14.205229997634888 19.65505124628544 0.6000000000000001
      vertex -14.214259997010231 19.59935999661684 0
      vertex -14.205229997634888 19.65505124628544 0
    endloop
  endfacet
  facet normal 0.9607604341305974 -0.27737950214315776 0
    outer loop
      vertex -14.214259997010231 19.59935999661684 0.6000000000000001
      vertex -14.229309998452663 19.547231249511242 0
      vertex -14.214259997010231 19.59935999661684 0
    endloop
  endfacet
  facet normal 0.9173858239824059 -0.39799905773270655 0
    outer loop
      vertex -14.229309998452663 19.547231249511242 0.6000000000000001
      vertex -14.250380001962185 19.498664997518063 0
      vertex -14.229309998452663 19.547231249511242 0
    endloop
  endfacet
  facet normal -0.9333980126152144 -0.35884279294137716 0
    outer loop
      vertex -13.37848000228405 20.050475001335144 0.6000000000000001
      vertex -13.443542502820492 20.219711251556873 0
      vertex -13.37848000228405 20.050475001335144 0
    endloop
  endfacet
  facet normal -0.9786247566448735 -0.20565404367957915 0
    outer loop
      vertex -13.339442498981953 19.864711247384548 0.6000000000000001
      vertex -13.37848000228405 20.050475001335144 0
      vertex -13.339442498981953 19.864711247384548 0
    endloop
  endfacet
  facet normal -0.9979375093484943 -0.06419289240502991 0
    outer loop
      vertex -13.32643000036478 19.662419997155666 0.6000000000000001
      vertex -13.339442498981953 19.864711247384548 0
      vertex -13.32643000036478 19.662419997155666 0
    endloop
  endfacet
  facet normal -0.9996601569765781 0.02606857406079786 0
    outer loop
      vertex -13.32871875166893 19.57465250045061 0.6000000000000001
      vertex -13.32643000036478 19.662419997155666 0
      vertex -13.32871875166893 19.57465250045061 0
    endloop
  endfacet
  facet normal -0.9966987669299521 0.08118847209002603 0
    outer loop
      vertex -13.335584998130798 19.490359999239445 0.6000000000000001
      vertex -13.32871875166893 19.57465250045061 0
      vertex -13.335584998130798 19.490359999239445 0
    endloop
  endfacet
  facet normal -0.9901230185310786 0.14020131302846386 0
    outer loop
      vertex -13.347028747200966 19.409542500972748 0.6000000000000001
      vertex -13.335584998130798 19.490359999239445 0
      vertex -13.347028747200966 19.409542500972748 0
    endloop
  endfacet
  facet normal -0.9792117739721851 0.2028405820200836 0
    outer loop
      vertex -13.363049998879433 19.33219999819994 0.6000000000000001
      vertex -13.347028747200966 19.409542500972748 0
      vertex -13.363049998879433 19.33219999819994 0
    endloop
  endfacet
  facet normal -0.40576577996161994 0.9139770958903393 0
    outer loop
      vertex -14.069514997303486 18.57454500347376 0.6000000000000001
      vertex -13.983599998056889 18.61268749833107 0.6000000000000001
      vertex -13.983599998056889 18.61268749833107 0
    endloop
  endfacet
  facet normal -0.4500340851303314 0.8930113785506352 0
    outer loop
      vertex -13.983599998056889 18.61268749833107 0.6000000000000001
      vertex -13.90387500077486 18.65286500006914 0.6000000000000001
      vertex -13.90387500077486 18.65286500006914 0
    endloop
  endfacet
  facet normal -0.4978494451520712 0.8672634720555079 0
    outer loop
      vertex -13.90387500077486 18.65286500006914 0.6000000000000001
      vertex -13.83033999800682 18.695077501237392 0.6000000000000001
      vertex -13.83033999800682 18.695077501237392 0
    endloop
  endfacet
  facet normal -0.5491104053539915 0.8357498206592539 0
    outer loop
      vertex -13.76299499720335 18.739325001835823 0.6000000000000001
      vertex -13.76299499720335 18.739325001835823 0
      vertex -13.83033999800682 18.695077501237392 0.6000000000000001
    endloop
  endfacet
  facet normal -0.9632483836809526 0.2686122695187849 0
    outer loop
      vertex -13.363049998879433 19.33219999819994 0.6000000000000001
      vertex -13.363049998879433 19.33219999819994 0
      vertex -13.383648753166199 19.2583324983716 0.6000000000000001
    endloop
  endfacet
  facet normal -0.9415889835943978 0.33676428844767503 0
    outer loop
      vertex -13.408825002610683 19.187940001487732 0.6000000000000001
      vertex -13.383648753166199 19.2583324983716 0.6000000000000001
      vertex -13.383648753166199 19.2583324983716 0
    endloop
  endfacet
  facet normal -0.9153444639679024 0.4026717177594093 0
    outer loop
      vertex -13.408825002610683 19.187940001487732 0.6000000000000001
      vertex -13.408825002610683 19.187940001487732 0
      vertex -13.438325002789497 19.120881251990795 0.6000000000000001
    endloop
  endfacet
  facet normal -0.885078340349168 0.46544208172957713 0
    outer loop
      vertex -13.438325002789497 19.120881251990795 0.6000000000000001
      vertex -13.438325002789497 19.120881251990795 0
      vertex -13.47189500182867 19.057044997811317 0.6000000000000001
    endloop
  endfacet
  facet normal -0.849529185349589 0.5275416222813741 0
    outer loop
      vertex -13.509534999728203 18.99643124639988 0.6000000000000001
      vertex -13.47189500182867 19.057044997811317 0.6000000000000001
      vertex -13.47189500182867 19.057044997811317 0
    endloop
  endfacet
  facet normal -0.8089310996122215 0.5879034581291064 0
    outer loop
      vertex -13.509534999728203 18.99643124639988 0.6000000000000001
      vertex -13.509534999728203 18.99643124639988 0
      vertex -13.551244996488094 18.93903999775648 0.6000000000000001
    endloop
  endfacet
  facet normal -0.6034678859387501 0.7973873027836695 0
    outer loop
      vertex -13.76299499720335 18.739325001835823 0.6000000000000001
      vertex -13.701839998364449 18.785607501864433 0.6000000000000001
      vertex -13.701839998364449 18.785607501864433 0
    endloop
  endfacet
  facet normal -0.6602296846945255 0.7510637545829032 0
    outer loop
      vertex -13.701839998364449 18.785607501864433 0.6000000000000001
      vertex -13.646875001490116 18.833925001323223 0.6000000000000001
      vertex -13.646875001490116 18.833925001323223 0
    endloop
  endfacet
  facet normal -0.7147549233457466 0.6993750063828531 0
    outer loop
      vertex -13.597024999558926 18.884871251881123 0.6000000000000001
      vertex -13.597024999558926 18.884871251881123 0
      vertex -13.646875001490116 18.833925001323223 0.6000000000000001
    endloop
  endfacet
  facet normal -0.7637691707180869 0.6454894684350828 0
    outer loop
      vertex -13.551244996488094 18.93903999775648 0.6000000000000001
      vertex -13.551244996488094 18.93903999775648 0
      vertex -13.597024999558926 18.884871251881123 0.6000000000000001
    endloop
  endfacet
  facet normal -0.40576577996161994 0.9139770958903393 0
    outer loop
      vertex -14.069514997303486 18.57454500347376 0.6000000000000001
      vertex -13.983599998056889 18.61268749833107 0
      vertex -14.069514997303486 18.57454500347376 0
    endloop
  endfacet
  facet normal -0.4500340851303314 0.8930113785506352 0
    outer loop
      vertex -13.983599998056889 18.61268749833107 0.6000000000000001
      vertex -13.90387500077486 18.65286500006914 0
      vertex -13.983599998056889 18.61268749833107 0
    endloop
  endfacet
  facet normal -0.4978494451520712 0.8672634720555079 0
    outer loop
      vertex -13.90387500077486 18.65286500006914 0.6000000000000001
      vertex -13.83033999800682 18.695077501237392 0
      vertex -13.90387500077486 18.65286500006914 0
    endloop
  endfacet
  facet normal -0.5491104053539915 0.8357498206592539 0
    outer loop
      vertex -13.83033999800682 18.695077501237392 0.6000000000000001
      vertex -13.76299499720335 18.739325001835823 0
      vertex -13.83033999800682 18.695077501237392 0
    endloop
  endfacet
  facet normal -0.9153444639679024 0.4026717177594093 0
    outer loop
      vertex -13.438325002789497 19.120881251990795 0.6000000000000001
      vertex -13.408825002610683 19.187940001487732 0
      vertex -13.438325002789497 19.120881251990795 0
    endloop
  endfacet
  facet normal -0.9632483836809526 0.2686122695187849 0
    outer loop
      vertex -13.383648753166199 19.2583324983716 0.6000000000000001
      vertex -13.363049998879433 19.33219999819994 0
      vertex -13.383648753166199 19.2583324983716 0
    endloop
  endfacet
  facet normal -0.9415889835943978 0.33676428844767503 0
    outer loop
      vertex -13.408825002610683 19.187940001487732 0.6000000000000001
      vertex -13.383648753166199 19.2583324983716 0
      vertex -13.408825002610683 19.187940001487732 0
    endloop
  endfacet
  facet normal -0.885078340349168 0.46544208172957713 0
    outer loop
      vertex -13.47189500182867 19.057044997811317 0.6000000000000001
      vertex -13.438325002789497 19.120881251990795 0
      vertex -13.47189500182867 19.057044997811317 0
    endloop
  endfacet
  facet normal -0.849529185349589 0.5275416222813741 0
    outer loop
      vertex -13.509534999728203 18.99643124639988 0.6000000000000001
      vertex -13.47189500182867 19.057044997811317 0
      vertex -13.509534999728203 18.99643124639988 0
    endloop
  endfacet
  facet normal -0.8089310996122215 0.5879034581291064 0
    outer loop
      vertex -13.551244996488094 18.93903999775648 0.6000000000000001
      vertex -13.509534999728203 18.99643124639988 0
      vertex -13.551244996488094 18.93903999775648 0
    endloop
  endfacet
  facet normal -0.6602296846945255 0.7510637545829032 0
    outer loop
      vertex -13.701839998364449 18.785607501864433 0.6000000000000001
      vertex -13.646875001490116 18.833925001323223 0
      vertex -13.701839998364449 18.785607501864433 0
    endloop
  endfacet
  facet normal -0.7637691707180869 0.6454894684350828 0
    outer loop
      vertex -13.597024999558926 18.884871251881123 0.6000000000000001
      vertex -13.551244996488094 18.93903999775648 0
      vertex -13.597024999558926 18.884871251881123 0
    endloop
  endfacet
  facet normal -0.7147549233457466 0.6993750063828531 0
    outer loop
      vertex -13.646875001490116 18.833925001323223 0.6000000000000001
      vertex -13.597024999558926 18.884871251881123 0
      vertex -13.646875001490116 18.833925001323223 0
    endloop
  endfacet
  facet normal -0.6034678859387501 0.7973873027836695 0
    outer loop
      vertex -13.76299499720335 18.739325001835823 0.6000000000000001
      vertex -13.701839998364449 18.785607501864433 0
      vertex -13.76299499720335 18.739325001835823 0
    endloop
  endfacet
  facet normal 1 0 0
    outer loop
      vertex -11.623405002057552 20.901359997689724 0.6000000000000001
      vertex -11.623405002057552 17.297444999217987 0
      vertex -11.623405002057552 20.901359997689724 0
    endloop
  endfacet
  facet normal 0 -1 0
    outer loop
      vertex -11.623405002057552 20.901359997689724 0.6000000000000001
      vertex -11.623405002057552 20.901359997689724 0
      vertex -10.723180003464222 20.901359997689724 0.6000000000000001
    endloop
  endfacet
  facet normal 0 -1 0
    outer loop
      vertex -10.723180003464222 20.901359997689724 0.6000000000000001
      vertex -11.623405002057552 20.901359997689724 0
      vertex -10.723180003464222 20.901359997689724 0
    endloop
  endfacet
  facet normal 0 0 -1
    outer loop
      vertex -11.623405002057552 20.901359997689724 0.6000000000000001
      vertex -10.723180003464222 20.901359997689724 0.6000000000000001
      vertex -11.623405002057552 17.297444999217987 0.6000000000000001
    endloop
  endfacet
  facet normal -1 0 0
    outer loop
      vertex -10.723180003464222 20.901359997689724 0.6000000000000001
      vertex -10.723180003464222 20.901359997689724 0
      vertex -10.723180003464222 17.297444999217987 0.6000000000000001
    endloop
  endfacet
  facet normal 0 0 -1
    outer loop
      vertex -9.572530001401901 20.901359997689724 0.6000000000000001
      vertex -8.67230500280857 20.901359997689724 0.6000000000000001
      vertex -8.29083999991417 19.802775003015995 0.6000000000000001
    endloop
  endfacet
  facet normal 0 -1 0
    outer loop
      vertex -9.572530001401901 20.901359997689724 0.6000000000000001
      vertex -9.572530001401901 20.901359997689724 0
      vertex -8.67230500280857 20.901359997689724 0.6000000000000001
    endloop
  endfacet
  facet normal 0 -1 0
    outer loop
      vertex -8.67230500280857 20.901359997689724 0.6000000000000001
      vertex -9.572530001401901 20.901359997689724 0
      vertex -8.67230500280857 20.901359997689724 0
    endloop
  endfacet
  facet normal -0.9446704988178 -0.3280208052293774 0
    outer loop
      vertex -8.67230500280857 20.901359997689724 0.6000000000000001
      vertex -8.67230500280857 20.901359997689724 0
      vertex -8.29083999991417 19.802775003015995 0.6000000000000001
    endloop
  endfacet
  facet normal -0.9446704988178 -0.3280208052293774 0
    outer loop
      vertex -8.29083999991417 19.802775003015995 0.6000000000000001
      vertex -8.67230500280857 20.901359997689724 0
      vertex -8.29083999991417 19.802775003015995 0
    endloop
  endfacet
  facet normal 0 0 -1
    outer loop
      vertex -9.572530001401901 20.901359997689724 0.6000000000000001
      vertex -8.29083999991417 19.802775003015995 0.6000000000000001
      vertex -8.089464999735355 19.12534499913454 0.6000000000000001
    endloop
  endfacet
  facet normal 0 0 -1
    outer loop
      vertex -9.572530001401901 20.901359997689724 0.6000000000000001
      vertex -8.089464999735355 19.12534499913454 0.6000000000000001
      vertex -7.940947502851486 18.692528747022152 0.6000000000000001
    endloop
  endfacet
  facet normal 0 0 -1
    outer loop
      vertex -8.29083999991417 19.802775003015995 0.6000000000000001
      vertex -6.652165003120899 19.802775003015995 0.6000000000000001
      vertex -8.089464999735355 19.12534499913454 0.6000000000000001
    endloop
  endfacet
  facet normal 0 0 -1
    outer loop
      vertex -9.572530001401901 20.901359997689724 0.6000000000000001
      vertex -7.940947502851486 18.692528747022152 0.6000000000000001
      vertex -7.816844999790192 18.32989999651909 0.6000000000000001
    endloop
  endfacet
  facet normal 0 0 -1
    outer loop
      vertex -9.572530001401901 20.901359997689724 0.6000000000000001
      vertex -7.816844999790192 18.32989999651909 0.6000000000000001
      vertex -7.717157498002052 18.03745874762535 0.6000000000000001
    endloop
  endfacet
  facet normal 0.9394415530161737 0.34270916017311187 0
    outer loop
      vertex -9.572530001401901 20.901359997689724 0.6000000000000001
      vertex -8.004009999334812 16.601700000464916 0
      vertex -9.572530001401901 20.901359997689724 0
    endloop
  endfacet
  facet normal 0 -1 0
    outer loop
      vertex -8.29083999991417 19.802775003015995 0.6000000000000001
      vertex -8.29083999991417 19.802775003015995 0
      vertex -6.652165003120899 19.802775003015995 0.6000000000000001
    endloop
  endfacet
  facet normal -0.9458632121650465 -0.32456553093762136 0
    outer loop
      vertex -8.089464999735355 19.12534499913454 0.6000000000000001
      vertex -8.089464999735355 19.12534499913454 0
      vertex -7.940947502851486 18.692528747022152 0.6000000000000001
    endloop
  endfacet
  facet normal -0.9461277824022892 -0.32379348258809415 0
    outer loop
      vertex -7.940947502851486 18.692528747022152 0.6000000000000001
      vertex -7.940947502851486 18.692528747022152 0
      vertex -7.816844999790192 18.32989999651909 0.6000000000000001
    endloop
  endfacet
  facet normal 0 1 0
    outer loop
      vertex -8.089464999735355 19.12534499913454 0.6000000000000001
      vertex -6.853584997355938 19.12534499913454 0
      vertex -8.089464999735355 19.12534499913454 0
    endloop
  endfacet
  facet normal -0.9458632121650465 -0.32456553093762136 0
    outer loop
      vertex -7.940947502851486 18.692528747022152 0.6000000000000001
      vertex -8.089464999735355 19.12534499913454 0
      vertex -7.940947502851486 18.692528747022152 0
    endloop
  endfacet
  facet normal 0 0 -1
    outer loop
      vertex -15.194868750870228 19.058291248977184 0.6000000000000001
      vertex -14.955969996750355 18.33195000141859 0.6000000000000001
      vertex -15.12016250193119 18.295374996960163 0.6000000000000001
    endloop
  endfacet
  facet normal 0 0 -1
    outer loop
      vertex -14.658828750252724 17.272904999554157 0.6000000000000001
      vertex -14.457437500357628 16.600181251764297 0.6000000000000001
      vertex -14.74236000329256 17.237805001437664 0.6000000000000001
    endloop
  endfacet
  facet normal 0 0 -1
    outer loop
      vertex -14.658828750252724 17.272904999554157 0.6000000000000001
      vertex -14.585215002298355 17.31580500304699 0.6000000000000001
      vertex -14.268370002508163 16.648840002715588 0.6000000000000001
    endloop
  endfacet
  facet normal 0 0 -1
    outer loop
      vertex -14.585215002298355 17.31580500304699 0.6000000000000001
      vertex -14.520403750240803 17.366405002772808 0.6000000000000001
      vertex -14.101427502930164 16.711401246488094 0.6000000000000001
    endloop
  endfacet
  facet normal 0 0 -1
    outer loop
      vertex -14.46331000328064 17.424635000526905 0.6000000000000001
      vertex -13.95661000162363 16.78786499798298 0.6000000000000001
      vertex -14.520403750240803 17.366405002772808 0.6000000000000001
    endloop
  endfacet
  facet normal 0 0 -1
    outer loop
      vertex -14.338333748281002 17.645104996860027 0.6000000000000001
      vertex -14.312109999358654 17.7338550016284 0.6000000000000001
      vertex -13.485916249454021 17.43164625018835 0.6000000000000001
    endloop
  endfacet
  facet normal 0 0 -1
    outer loop
      vertex -14.338333748281002 17.645104996860027 0.6000000000000001
      vertex -13.548349998891354 17.266604997217655 0.6000000000000001
      vertex -14.37227500230074 17.563984997570515 0.6000000000000001
    endloop
  endfacet
  facet normal 0 0 -1
    outer loop
      vertex -14.338333748281002 17.645104996860027 0.6000000000000001
      vertex -13.485916249454021 17.43164625018835 0.6000000000000001
      vertex -13.548349998891354 17.266604997217655 0.6000000000000001
    endloop
  endfacet
  facet normal 0 0 -1
    outer loop
      vertex -14.37227500230074 17.563984997570515 0.6000000000000001
      vertex -13.626636251807213 17.119706250727177 0.6000000000000001
      vertex -14.413933746516705 17.49049499630928 0.6000000000000001
    endloop
  endfacet
  facet normal 0 0 -1
    outer loop
      vertex -14.413933746516705 17.49049499630928 0.6000000000000001
      vertex -13.830766253173351 16.880336247384548 0.6000000000000001
      vertex -14.46331000328064 17.424635000526905 0.6000000000000001
    endloop
  endfacet
  facet normal 0 0 -1
    outer loop
      vertex -14.46331000328064 17.424635000526905 0.6000000000000001
      vertex -13.830766253173351 16.880336247384548 0.6000000000000001
      vertex -13.95661000162363 16.78786499798298 0.6000000000000001
    endloop
  endfacet
  facet normal 0 0 -1
    outer loop
      vertex -14.37227500230074 17.563984997570515 0.6000000000000001
      vertex -13.548349998891354 17.266604997217655 0.6000000000000001
      vertex -13.626636251807213 17.119706250727177 0.6000000000000001
    endloop
  endfacet
  facet normal 0 0 -1
    outer loop
      vertex -14.413933746516705 17.49049499630928 0.6000000000000001
      vertex -13.720775000751019 16.990950003266335 0.6000000000000001
      vertex -13.830766253173351 16.880336247384548 0.6000000000000001
    endloop
  endfacet
  facet normal 0 0 -1
    outer loop
      vertex -14.413933746516705 17.49049499630928 0.6000000000000001
      vertex -13.626636251807213 17.119706250727177 0.6000000000000001
      vertex -13.720775000751019 16.990950003266335 0.6000000000000001
    endloop
  endfacet
  facet normal 0 0 -1
    outer loop
      vertex -14.312109999358654 17.7338550016284 0.6000000000000001
      vertex -13.439335003495216 17.614830002188683 0.6000000000000001
      vertex -13.485916249454021 17.43164625018835 0.6000000000000001
    endloop
  endfacet
  facet normal -0.23164094666703006 0.9728013527062975 0
    outer loop
      vertex -15.26485999673605 18.260920003056526 0.6000000000000001
      vertex -15.12016250193119 18.295374996960163 0.6000000000000001
      vertex -15.12016250193119 18.295374996960163 0
    endloop
  endfacet
  facet normal -0.21742770571063905 0.9760764277398608 0
    outer loop
      vertex -15.12016250193119 18.295374996960163 0.6000000000000001
      vertex -14.955969996750355 18.33195000141859 0.6000000000000001
      vertex -14.955969996750355 18.33195000141859 0
    endloop
  endfacet
  facet normal -0.2144592959574526 0.9767329268420483 0
    outer loop
      vertex -14.955969996750355 18.33195000141859 0.6000000000000001
      vertex -14.759271249175072 18.375138752162457 0.6000000000000001
      vertex -14.759271249175072 18.375138752162457 0
    endloop
  endfacet
  facet normal -0.2311823580953581 0.9729104364254038 0
    outer loop
      vertex -14.759271249175072 18.375138752162457 0.6000000000000001
      vertex -14.582154996693134 18.417225003242493 0.6000000000000001
      vertex -14.582154996693134 18.417225003242493 0
    endloop
  endfacet
  facet normal -0.25177752941722037 0.9677851392125014 0
    outer loop
      vertex -14.582154996693134 18.417225003242493 0.6000000000000001
      vertex -14.424621246755123 18.45820874720812 0.6000000000000001
      vertex -14.424621246755123 18.45820874720812 0
    endloop
  endfacet
  facet normal -0.27772391492136217 0.9606609324213992 0
    outer loop
      vertex -14.286669999361038 18.498089998960495 0.6000000000000001
      vertex -14.286669999361038 18.498089998960495 0
      vertex -14.424621246755123 18.45820874720812 0.6000000000000001
    endloop
  endfacet
  facet normal -0.21742770571063905 0.9760764277398608 0
    outer loop
      vertex -15.12016250193119 18.295374996960163 0.6000000000000001
      vertex -14.955969996750355 18.33195000141859 0
      vertex -15.12016250193119 18.295374996960163 0
    endloop
  endfacet
  facet normal -0.2144592959574526 0.9767329268420483 0
    outer loop
      vertex -14.955969996750355 18.33195000141859 0.6000000000000001
      vertex -14.759271249175072 18.375138752162457 0
      vertex -14.955969996750355 18.33195000141859 0
    endloop
  endfacet
  facet normal -0.2311823580953581 0.9729104364254038 0
    outer loop
      vertex -14.759271249175072 18.375138752162457 0.6000000000000001
      vertex -14.582154996693134 18.417225003242493 0
      vertex -14.759271249175072 18.375138752162457 0
    endloop
  endfacet
  facet normal -0.25177752941722037 0.9677851392125014 0
    outer loop
      vertex -14.582154996693134 18.417225003242493 0.6000000000000001
      vertex -14.424621246755123 18.45820874720812 0
      vertex -14.582154996693134 18.417225003242493 0
    endloop
  endfacet
  facet normal -0.27772391492136217 0.9606609324213992 0
    outer loop
      vertex -14.424621246755123 18.45820874720812 0.6000000000000001
      vertex -14.286669999361038 18.498089998960495 0
      vertex -14.424621246755123 18.45820874720812 0
    endloop
  endfacet
  facet normal 0.03163966565728785 -0.9994993404485543 0
    outer loop
      vertex -15.175659999251366 17.175405003130436 0.6000000000000001
      vertex -15.175659999251366 17.175405003130436 0
      vertex -15.052458748221397 17.179305002093315 0.6000000000000001
    endloop
  endfacet
  facet normal 0.10273398484303903 -0.9947088661303217 0
    outer loop
      vertex -15.052458748221397 17.179305002093315 0.6000000000000001
      vertex -15.052458748221397 17.179305002093315 0
      vertex -14.939175002276897 17.191004998981953 0.6000000000000001
    endloop
  endfacet
  facet normal 0.2804176005350501 -0.9598781012764929 0
    outer loop
      vertex -14.835808746516705 17.21050500124693 0.6000000000000001
      vertex -14.835808746516705 17.21050500124693 0
      vertex -14.74236000329256 17.237805001437664 0.6000000000000001
    endloop
  endfacet
  facet normal 0.1853797241703485 -0.9826669618271114 0
    outer loop
      vertex -14.939175002276897 17.191004998981953 0.6000000000000001
      vertex -14.939175002276897 17.191004998981953 0
      vertex -14.835808746516705 17.21050500124693 0.6000000000000001
    endloop
  endfacet
  facet normal 0.9590113753982173 -0.2833675737568069 0
    outer loop
      vertex -14.338333748281002 17.645104996860027 0.6000000000000001
      vertex -14.338333748281002 17.645104996860027 0
      vertex -14.312109999358654 17.7338550016284 0.6000000000000001
    endloop
  endfacet
  facet normal 0.8699490079771001 -0.4931416870633221 0
    outer loop
      vertex -14.37227500230074 17.563984997570515 0.6000000000000001
      vertex -14.413933746516705 17.49049499630928 0.6000000000000001
      vertex -14.413933746516705 17.49049499630928 0
    endloop
  endfacet
  facet normal 0.8001092665869596 -0.5998542835736672 0
    outer loop
      vertex -14.413933746516705 17.49049499630928 0.6000000000000001
      vertex -14.46331000328064 17.424635000526905 0.6000000000000001
      vertex -14.46331000328064 17.424635000526905 0
    endloop
  endfacet
  facet normal 0.9225056030833693 -0.38598369431854135 0
    outer loop
      vertex -14.338333748281002 17.645104996860027 0.6000000000000001
      vertex -14.37227500230074 17.563984997570515 0.6000000000000001
      vertex -14.37227500230074 17.563984997570515 0
    endloop
  endfacet
  facet normal 0.38739076723404076 -0.9219156108136043 0
    outer loop
      vertex -14.658828750252724 17.272904999554157 0.6000000000000001
      vertex -14.74236000329256 17.237805001437664 0.6000000000000001
      vertex -14.74236000329256 17.237805001437664 0
    endloop
  endfacet
  facet normal 0.5035088841474633 -0.8639900483133914 0
    outer loop
      vertex -14.658828750252724 17.272904999554157 0.6000000000000001
      vertex -14.658828750252724 17.272904999554157 0
      vertex -14.585215002298355 17.31580500304699 0.6000000000000001
    endloop
  endfacet
  facet normal 0.6153888108416697 -0.7882237065014447 0
    outer loop
      vertex -14.585215002298355 17.31580500304699 0.6000000000000001
      vertex -14.585215002298355 17.31580500304699 0
      vertex -14.520403750240803 17.366405002772808 0.6000000000000001
    endloop
  endfacet
  facet normal 0.7140390383358408 -0.7001058860861176 0
    outer loop
      vertex -14.46331000328064 17.424635000526905 0.6000000000000001
      vertex -14.520403750240803 17.366405002772808 0.6000000000000001
      vertex -14.520403750240803 17.366405002772808 0
    endloop
  endfacet
  facet normal 0.03163966565728785 -0.9994993404485543 0
    outer loop
      vertex -15.052458748221397 17.179305002093315 0.6000000000000001
      vertex -15.175659999251366 17.175405003130436 0
      vertex -15.052458748221397 17.179305002093315 0
    endloop
  endfacet
  facet normal 0.10273398484303903 -0.9947088661303217 0
    outer loop
      vertex -14.939175002276897 17.191004998981953 0.6000000000000001
      vertex -15.052458748221397 17.179305002093315 0
      vertex -14.939175002276897 17.191004998981953 0
    endloop
  endfacet
  facet normal 0.2804176005350501 -0.9598781012764929 0
    outer loop
      vertex -14.74236000329256 17.237805001437664 0.6000000000000001
      vertex -14.835808746516705 17.21050500124693 0
      vertex -14.74236000329256 17.237805001437664 0
    endloop
  endfacet
  facet normal 0.1853797241703485 -0.9826669618271114 0
    outer loop
      vertex -14.835808746516705 17.21050500124693 0.6000000000000001
      vertex -14.939175002276897 17.191004998981953 0
      vertex -14.835808746516705 17.21050500124693 0
    endloop
  endfacet
  facet normal 0.9590113753982173 -0.2833675737568069 0
    outer loop
      vertex -14.312109999358654 17.7338550016284 0.6000000000000001
      vertex -14.338333748281002 17.645104996860027 0
      vertex -14.312109999358654 17.7338550016284 0
    endloop
  endfacet
  facet normal 0.9225056030833693 -0.38598369431854135 0
    outer loop
      vertex -14.338333748281002 17.645104996860027 0.6000000000000001
      vertex -14.37227500230074 17.563984997570515 0
      vertex -14.338333748281002 17.645104996860027 0
    endloop
  endfacet
  facet normal 0.8699490079771001 -0.4931416870633221 0
    outer loop
      vertex -14.37227500230074 17.563984997570515 0.6000000000000001
      vertex -14.413933746516705 17.49049499630928 0
      vertex -14.37227500230074 17.563984997570515 0
    endloop
  endfacet
  facet normal 0.8001092665869596 -0.5998542835736672 0
    outer loop
      vertex -14.413933746516705 17.49049499630928 0.6000000000000001
      vertex -14.46331000328064 17.424635000526905 0
      vertex -14.413933746516705 17.49049499630928 0
    endloop
  endfacet
  facet normal 0.7140390383358408 -0.7001058860861176 0
    outer loop
      vertex -14.46331000328064 17.424635000526905 0.6000000000000001
      vertex -14.520403750240803 17.366405002772808 0
      vertex -14.46331000328064 17.424635000526905 0
    endloop
  endfacet
  facet normal 0.38739076723404076 -0.9219156108136043 0
    outer loop
      vertex -14.658828750252724 17.272904999554157 0.6000000000000001
      vertex -14.74236000329256 17.237805001437664 0
      vertex -14.658828750252724 17.272904999554157 0
    endloop
  endfacet
  facet normal 0.5035088841474633 -0.8639900483133914 0
    outer loop
      vertex -14.585215002298355 17.31580500304699 0.6000000000000001
      vertex -14.658828750252724 17.272904999554157 0
      vertex -14.585215002298355 17.31580500304699 0
    endloop
  endfacet
  facet normal 0.6153888108416697 -0.7882237065014447 0
    outer loop
      vertex -14.520403750240803 17.366405002772808 0.6000000000000001
      vertex -14.585215002298355 17.31580500304699 0
      vertex -14.520403750240803 17.366405002772808 0
    endloop
  endfacet
  facet normal -0.3113282964195988 0.9503024212578176 0
    outer loop
      vertex -14.286669999361038 18.498089998960495 0.6000000000000001
      vertex -14.168301247060299 18.53686875104904 0.6000000000000001
      vertex -14.168301247060299 18.53686875104904 0
    endloop
  endfacet
  facet normal -0.3563537313333422 0.9343511214553145 0
    outer loop
      vertex -14.168301247060299 18.53686875104904 0.6000000000000001
      vertex -14.069514997303486 18.57454500347376 0.6000000000000001
      vertex -14.069514997303486 18.57454500347376 0
    endloop
  endfacet
  facet normal -0.3113282964195988 0.9503024212578176 0
    outer loop
      vertex -14.286669999361038 18.498089998960495 0.6000000000000001
      vertex -14.168301247060299 18.53686875104904 0
      vertex -14.286669999361038 18.498089998960495 0
    endloop
  endfacet
  facet normal -0.3563537313333422 0.9343511214553145 0
    outer loop
      vertex -14.168301247060299 18.53686875104904 0.6000000000000001
      vertex -14.069514997303486 18.57454500347376 0
      vertex -14.168301247060299 18.53686875104904 0
    endloop
  endfacet
  facet normal -0.135124603407607 -0.990828613612837 0
    outer loop
      vertex -14.312109999358654 17.7338550016284 0.6000000000000001
      vertex -14.312109999358654 17.7338550016284 0
      vertex -13.439335003495216 17.614830002188683 0.6000000000000001
    endloop
  endfacet
  facet normal -0.9691570258865443 0.24644402848263175 0
    outer loop
      vertex -13.439335003495216 17.614830002188683 0.6000000000000001
      vertex -13.439335003495216 17.614830002188683 0
      vertex -13.485916249454021 17.43164625018835 0.6000000000000001
    endloop
  endfacet
  facet normal -0.8825019304918306 0.47030877376271896 0
    outer loop
      vertex -13.548349998891354 17.266604997217655 0.6000000000000001
      vertex -13.548349998891354 17.266604997217655 0
      vertex -13.626636251807213 17.119706250727177 0.6000000000000001
    endloop
  endfacet
  facet normal -0.8072487987775984 0.5902112984958222 0
    outer loop
      vertex -13.626636251807213 17.119706250727177 0.6000000000000001
      vertex -13.626636251807213 17.119706250727177 0
      vertex -13.720775000751019 16.990950003266335 0.6000000000000001
    endloop
  endfacet
  facet normal -0.9353130637234858 0.3538212441730805 0
    outer loop
      vertex -13.548349998891354 17.266604997217655 0.6000000000000001
      vertex -13.485916249454021 17.43164625018835 0.6000000000000001
      vertex -13.485916249454021 17.43164625018835 0
    endloop
  endfacet
  facet normal -0.135124603407607 -0.990828613612837 0
    outer loop
      vertex -13.439335003495216 17.614830002188683 0.6000000000000001
      vertex -14.312109999358654 17.7338550016284 0
      vertex -13.439335003495216 17.614830002188683 0
    endloop
  endfacet
  facet normal -0.9691570258865443 0.24644402848263175 0
    outer loop
      vertex -13.485916249454021 17.43164625018835 0.6000000000000001
      vertex -13.439335003495216 17.614830002188683 0
      vertex -13.485916249454021 17.43164625018835 0
    endloop
  endfacet
  facet normal -0.8072487987775984 0.5902112984958222 0
    outer loop
      vertex -13.720775000751019 16.990950003266335 0.6000000000000001
      vertex -13.626636251807213 17.119706250727177 0
      vertex -13.720775000751019 16.990950003266335 0
    endloop
  endfacet
  facet normal -0.8825019304918306 0.47030877376271896 0
    outer loop
      vertex -13.626636251807213 17.119706250727177 0.6000000000000001
      vertex -13.548349998891354 17.266604997217655 0
      vertex -13.626636251807213 17.119706250727177 0
    endloop
  endfacet
  facet normal -0.9353130637234858 0.3538212441730805 0
    outer loop
      vertex -13.548349998891354 17.266604997217655 0.6000000000000001
      vertex -13.485916249454021 17.43164625018835 0
      vertex -13.548349998891354 17.266604997217655 0
    endloop
  endfacet
  facet normal 0 0 -1
    outer loop
      vertex -15.175659999251366 17.175405003130436 0.6000000000000001
      vertex -15.052458748221397 17.179305002093315 0.6000000000000001
      vertex -15.157389998435974 16.53762000054121 0.6000000000000001
    endloop
  endfacet
  facet normal 0 0 -1
    outer loop
      vertex -15.052458748221397 17.179305002093315 0.6000000000000001
      vertex -14.939175002276897 17.191004998981953 0.6000000000000001
      vertex -14.901947498321533 16.54457125067711 0.6000000000000001
    endloop
  endfacet
  facet normal 0 0 -1
    outer loop
      vertex -15.052458748221397 17.179305002093315 0.6000000000000001
      vertex -14.901947498321533 16.54457125067711 0.6000000000000001
      vertex -15.157389998435974 16.53762000054121 0.6000000000000001
    endloop
  endfacet
  facet normal 0 0 -1
    outer loop
      vertex -14.939175002276897 17.191004998981953 0.6000000000000001
      vertex -14.835808746516705 17.21050500124693 0.6000000000000001
      vertex -14.668629996478558 16.565425001084805 0.6000000000000001
    endloop
  endfacet
  facet normal 0 0 -1
    outer loop
      vertex -14.835808746516705 17.21050500124693 0.6000000000000001
      vertex -14.74236000329256 17.237805001437664 0.6000000000000001
      vertex -14.668629996478558 16.565425001084805 0.6000000000000001
    endloop
  endfacet
  facet normal 0 0 -1
    outer loop
      vertex -14.939175002276897 17.191004998981953 0.6000000000000001
      vertex -14.668629996478558 16.565425001084805 0.6000000000000001
      vertex -14.901947498321533 16.54457125067711 0.6000000000000001
    endloop
  endfacet
  facet normal 0 0 -1
    outer loop
      vertex -14.74236000329256 17.237805001437664 0.6000000000000001
      vertex -14.457437500357628 16.600181251764297 0.6000000000000001
      vertex -14.668629996478558 16.565425001084805 0.6000000000000001
    endloop
  endfacet
  facet normal 0 0 -1
    outer loop
      vertex -14.658828750252724 17.272904999554157 0.6000000000000001
      vertex -14.268370002508163 16.648840002715588 0.6000000000000001
      vertex -14.457437500357628 16.600181251764297 0.6000000000000001
    endloop
  endfacet
  facet normal 0 0 -1
    outer loop
      vertex -14.585215002298355 17.31580500304699 0.6000000000000001
      vertex -14.101427502930164 16.711401246488094 0.6000000000000001
      vertex -14.268370002508163 16.648840002715588 0.6000000000000001
    endloop
  endfacet
  facet normal 0 0 -1
    outer loop
      vertex -14.520403750240803 17.366405002772808 0.6000000000000001
      vertex -13.95661000162363 16.78786499798298 0.6000000000000001
      vertex -14.101427502930164 16.711401246488094 0.6000000000000001
    endloop
  endfacet
  facet normal -0.027202512406210393 0.9996299431883732 0
    outer loop
      vertex -15.157389998435974 16.53762000054121 0.6000000000000001
      vertex -14.901947498321533 16.54457125067711 0.6000000000000001
      vertex -14.901947498321533 16.54457125067711 0
    endloop
  endfacet
  facet normal -0.08902439508070249 0.9960294458902884 0
    outer loop
      vertex -14.901947498321533 16.54457125067711 0.6000000000000001
      vertex -14.668629996478558 16.565425001084805 0.6000000000000001
      vertex -14.668629996478558 16.565425001084805 0
    endloop
  endfacet
  facet normal -0.24923991438785792 0.9684417716496605 0
    outer loop
      vertex -14.457437500357628 16.600181251764297 0.6000000000000001
      vertex -14.268370002508163 16.648840002715588 0.6000000000000001
      vertex -14.268370002508163 16.648840002715588 0
    endloop
  endfacet
  facet normal -0.16238709311978128 0.9867271314746076 0
    outer loop
      vertex -14.668629996478558 16.565425001084805 0.6000000000000001
      vertex -14.457437500357628 16.600181251764297 0.6000000000000001
      vertex -14.457437500357628 16.600181251764297 0
    endloop
  endfacet
  facet normal -0.027202512406210393 0.9996299431883732 0
    outer loop
      vertex -15.157389998435974 16.53762000054121 0.6000000000000001
      vertex -14.901947498321533 16.54457125067711 0
      vertex -15.157389998435974 16.53762000054121 0
    endloop
  endfacet
  facet normal -0.08902439508070249 0.9960294458902884 0
    outer loop
      vertex -14.901947498321533 16.54457125067711 0.6000000000000001
      vertex -14.668629996478558 16.565425001084805 0
      vertex -14.901947498321533 16.54457125067711 0
    endloop
  endfacet
  facet normal -0.16238709311978128 0.9867271314746076 0
    outer loop
      vertex -14.668629996478558 16.565425001084805 0.6000000000000001
      vertex -14.457437500357628 16.600181251764297 0
      vertex -14.668629996478558 16.565425001084805 0
    endloop
  endfacet
  facet normal -0.24923991438785792 0.9684417716496605 0
    outer loop
      vertex -14.457437500357628 16.600181251764297 0.6000000000000001
      vertex -14.268370002508163 16.648840002715588 0
      vertex -14.457437500357628 16.600181251764297 0
    endloop
  endfacet
  facet normal -0.35091594108890517 0.9364069640331003 0
    outer loop
      vertex -14.268370002508163 16.648840002715588 0.6000000000000001
      vertex -14.101427502930164 16.711401246488094 0.6000000000000001
      vertex -14.101427502930164 16.711401246488094 0
    endloop
  endfacet
  facet normal -0.5921372237887567 0.8058371474458993 0
    outer loop
      vertex -13.95661000162363 16.78786499798298 0.6000000000000001
      vertex -13.830766253173351 16.880336247384548 0.6000000000000001
      vertex -13.830766253173351 16.880336247384548 0
    endloop
  endfacet
  facet normal -0.4669128407354344 0.8843033411428269 0
    outer loop
      vertex -14.101427502930164 16.711401246488094 0.6000000000000001
      vertex -13.95661000162363 16.78786499798298 0.6000000000000001
      vertex -13.95661000162363 16.78786499798298 0
    endloop
  endfacet
  facet normal -0.7090992727757921 0.7051086592496527 0
    outer loop
      vertex -13.830766253173351 16.880336247384548 0.6000000000000001
      vertex -13.720775000751019 16.990950003266335 0.6000000000000001
      vertex -13.720775000751019 16.990950003266335 0
    endloop
  endfacet
  facet normal -0.35091594108890517 0.9364069640331003 0
    outer loop
      vertex -14.268370002508163 16.648840002715588 0.6000000000000001
      vertex -14.101427502930164 16.711401246488094 0
      vertex -14.268370002508163 16.648840002715588 0
    endloop
  endfacet
  facet normal -0.4669128407354344 0.8843033411428269 0
    outer loop
      vertex -14.101427502930164 16.711401246488094 0.6000000000000001
      vertex -13.95661000162363 16.78786499798298 0
      vertex -14.101427502930164 16.711401246488094 0
    endloop
  endfacet
  facet normal -0.7090992727757921 0.7051086592496527 0
    outer loop
      vertex -13.830766253173351 16.880336247384548 0.6000000000000001
      vertex -13.720775000751019 16.990950003266335 0
      vertex -13.830766253173351 16.880336247384548 0
    endloop
  endfacet
  facet normal -0.5921372237887567 0.8058371474458993 0
    outer loop
      vertex -13.95661000162363 16.78786499798298 0.6000000000000001
      vertex -13.830766253173351 16.880336247384548 0
      vertex -13.95661000162363 16.78786499798298 0
    endloop
  endfacet
  facet normal 0 0 -1
    outer loop
      vertex -13.011835001409054 17.297444999217987 0.6000000000000001
      vertex -11.623405002057552 17.297444999217987 0.6000000000000001
      vertex -13.011835001409054 16.601700000464916 0.6000000000000001
    endloop
  endfacet
  facet normal 0 -1 0
    outer loop
      vertex -13.011835001409054 17.297444999217987 0.6000000000000001
      vertex -13.011835001409054 17.297444999217987 0
      vertex -11.623405002057552 17.297444999217987 0.6000000000000001
    endloop
  endfacet
  facet normal 1 0 0
    outer loop
      vertex -13.011835001409054 17.297444999217987 0.6000000000000001
      vertex -13.011835001409054 16.601700000464916 0
      vertex -13.011835001409054 17.297444999217987 0
    endloop
  endfacet
  facet normal 1 0 0
    outer loop
      vertex -11.623405002057552 20.901359997689724 0.6000000000000001
      vertex -11.623405002057552 17.297444999217987 0.6000000000000001
      vertex -11.623405002057552 17.297444999217987 0
    endloop
  endfacet
  facet normal 0 -1 0
    outer loop
      vertex -11.623405002057552 17.297444999217987 0.6000000000000001
      vertex -13.011835001409054 17.297444999217987 0
      vertex -11.623405002057552 17.297444999217987 0
    endloop
  endfacet
  facet normal 1 0 0
    outer loop
      vertex -13.011835001409054 17.297444999217987 0.6000000000000001
      vertex -13.011835001409054 16.601700000464916 0.6000000000000001
      vertex -13.011835001409054 16.601700000464916 0
    endloop
  endfacet
  facet normal 0 1 0
    outer loop
      vertex -13.011835001409054 16.601700000464916 0.6000000000000001
      vertex -9.331644997000694 16.601700000464916 0
      vertex -13.011835001409054 16.601700000464916 0
    endloop
  endfacet
  facet normal 0 0 -1
    outer loop
      vertex -10.723180003464222 20.901359997689724 0.6000000000000001
      vertex -10.723180003464222 17.297444999217987 0.6000000000000001
      vertex -11.623405002057552 17.297444999217987 0.6000000000000001
    endloop
  endfacet
  facet normal 0 0 -1
    outer loop
      vertex -11.623405002057552 17.297444999217987 0.6000000000000001
      vertex -10.723180003464222 17.297444999217987 0.6000000000000001
      vertex -9.331644997000694 16.601700000464916 0.6000000000000001
    endloop
  endfacet
  facet normal 0 0 -1
    outer loop
      vertex -10.723180003464222 17.297444999217987 0.6000000000000001
      vertex -9.331644997000694 17.297444999217987 0.6000000000000001
      vertex -9.331644997000694 16.601700000464916 0.6000000000000001
    endloop
  endfacet
  facet normal -1 0 0
    outer loop
      vertex -10.723180003464222 17.297444999217987 0.6000000000000001
      vertex -10.723180003464222 20.901359997689724 0
      vertex -10.723180003464222 17.297444999217987 0
    endloop
  endfacet
  facet normal 0 -1 0
    outer loop
      vertex -10.723180003464222 17.297444999217987 0.6000000000000001
      vertex -10.723180003464222 17.297444999217987 0
      vertex -9.331644997000694 17.297444999217987 0.6000000000000001
    endloop
  endfacet
  facet normal 0 -1 0
    outer loop
      vertex -9.331644997000694 17.297444999217987 0.6000000000000001
      vertex -10.723180003464222 17.297444999217987 0
      vertex -9.331644997000694 17.297444999217987 0
    endloop
  endfacet
  facet normal 0 0 -1
    outer loop
      vertex -13.011835001409054 16.601700000464916 0.6000000000000001
      vertex -11.623405002057552 17.297444999217987 0.6000000000000001
      vertex -9.331644997000694 16.601700000464916 0.6000000000000001
    endloop
  endfacet
  facet normal 0 1 0
    outer loop
      vertex -13.011835001409054 16.601700000464916 0.6000000000000001
      vertex -9.331644997000694 16.601700000464916 0.6000000000000001
      vertex -9.331644997000694 16.601700000464916 0
    endloop
  endfacet
  facet normal 0 0 -1
    outer loop
      vertex -9.572530001401901 20.901359997689724 0.6000000000000001
      vertex -7.717157498002052 18.03745874762535 0.6000000000000001
      vertex -8.004009999334812 16.601700000464916 0.6000000000000001
    endloop
  endfacet
  facet normal 0 0 -1
    outer loop
      vertex -7.717157498002052 18.03745874762535 0.6000000000000001
      vertex -7.641884997487068 17.81520500034094 0.6000000000000001
      vertex -8.004009999334812 16.601700000464916 0.6000000000000001
    endloop
  endfacet
  facet normal 0 0 -1
    outer loop
      vertex -7.641884997487068 17.81520500034094 0.6000000000000001
      vertex -7.591027498245239 17.66313874721527 0.6000000000000001
      vertex -8.004009999334812 16.601700000464916 0.6000000000000001
    endloop
  endfacet
  facet normal 0 0 -1
    outer loop
      vertex -7.591027498245239 17.66313874721527 0.6000000000000001
      vertex -7.5645850002765656 17.58126000314951 0.6000000000000001
      vertex -8.004009999334812 16.601700000464916 0.6000000000000001
    endloop
  endfacet
  facet normal 0 0 -1
    outer loop
      vertex -7.5645850002765656 17.58126000314951 0.6000000000000001
      vertex -7.550687499344349 17.5353212505579 0.6000000000000001
      vertex -8.004009999334812 16.601700000464916 0.6000000000000001
    endloop
  endfacet
  facet normal 0 0 -1
    outer loop
      vertex -7.550687499344349 17.5353212505579 0.6000000000000001
      vertex -7.537464998662472 17.49107500165701 0.6000000000000001
      vertex -8.004009999334812 16.601700000464916 0.6000000000000001
    endloop
  endfacet
  facet normal 0 0 -1
    outer loop
      vertex -7.537464998662472 17.49107500165701 0.6000000000000001
      vertex -7.524917498230934 17.448521248996258 0.6000000000000001
      vertex -8.004009999334812 16.601700000464916 0.6000000000000001
    endloop
  endfacet
  facet normal 0 0 -1
    outer loop
      vertex -7.524917498230934 17.448521248996258 0.6000000000000001
      vertex -7.513044998049736 17.407660000026226 0.6000000000000001
      vertex -8.004009999334812 16.601700000464916 0.6000000000000001
    endloop
  endfacet
  facet normal 0 0 -1
    outer loop
      vertex -7.513044998049736 17.407660000026226 0.6000000000000001
      vertex -7.501847498118877 17.368491247296333 0.6000000000000001
      vertex -8.004009999334812 16.601700000464916 0.6000000000000001
    endloop
  endfacet
  facet normal 0 0 -1
    outer loop
      vertex -7.501847498118877 17.368491247296333 0.6000000000000001
      vertex -7.491324998438358 17.33101499825716 0.6000000000000001
      vertex -8.004009999334812 16.601700000464916 0.6000000000000001
    endloop
  endfacet
  facet normal 0 0 -1
    outer loop
      vertex -7.491324998438358 17.33101499825716 0.6000000000000001
      vertex -7.473054997622967 17.263875000178814 0.6000000000000001
      vertex -8.004009999334812 16.601700000464916 0.6000000000000001
    endloop
  endfacet
  facet normal -1 0 0
    outer loop
      vertex -9.331644997000694 17.297444999217987 0.6000000000000001
      vertex -9.331644997000694 17.297444999217987 0
      vertex -9.331644997000694 16.601700000464916 0.6000000000000001
    endloop
  endfacet
  facet normal 0.9394415530161737 0.34270916017311187 8.085830376676006e-17
    outer loop
      vertex -9.572530001401901 20.901359997689724 0.6000000000000001
      vertex -8.004009999334812 16.601700000464916 0.6000000000000001
      vertex -8.004009999334812 16.601700000464916 0
    endloop
  endfacet
  facet normal -0.9465184700867679 -0.3226496331697963 0
    outer loop
      vertex -7.816844999790192 18.32989999651909 0.6000000000000001
      vertex -7.816844999790192 18.32989999651909 0
      vertex -7.717157498002052 18.03745874762535 0.6000000000000001
    endloop
  endfacet
  facet normal -0.9471536323723133 -0.32078029347815745 0
    outer loop
      vertex -7.717157498002052 18.03745874762535 0.6000000000000001
      vertex -7.717157498002052 18.03745874762535 0
      vertex -7.641884997487068 17.81520500034094 0.6000000000000001
    endloop
  endfacet
  facet normal -0.9461277824022892 -0.32379348258809415 0
    outer loop
      vertex -7.816844999790192 18.32989999651909 0.6000000000000001
      vertex -7.940947502851486 18.692528747022152 0
      vertex -7.816844999790192 18.32989999651909 0
    endloop
  endfacet
  facet normal -0.9465184700867679 -0.3226496331697963 0
    outer loop
      vertex -7.717157498002052 18.03745874762535 0.6000000000000001
      vertex -7.816844999790192 18.32989999651909 0
      vertex -7.717157498002052 18.03745874762535 0
    endloop
  endfacet
  facet normal -0.9471536323723133 -0.32078029347815745 0
    outer loop
      vertex -7.641884997487068 17.81520500034094 0.6000000000000001
      vertex -7.717157498002052 18.03745874762535 0
      vertex -7.641884997487068 17.81520500034094 0
    endloop
  endfacet
  facet normal -0.9483671038123453 -0.31717477265158406 0
    outer loop
      vertex -7.641884997487068 17.81520500034094 0.6000000000000001
      vertex -7.641884997487068 17.81520500034094 0
      vertex -7.591027498245239 17.66313874721527 0.6000000000000001
    endloop
  endfacet
  facet normal -0.9483671038123453 -0.31717477265158406 0
    outer loop
      vertex -7.591027498245239 17.66313874721527 0.6000000000000001
      vertex -7.641884997487068 17.81520500034094 0
      vertex -7.591027498245239 17.66313874721527 0
    endloop
  endfacet
  facet normal -1 0 0
    outer loop
      vertex -9.331644997000694 16.601700000464916 0.6000000000000001
      vertex -9.331644997000694 17.297444999217987 0
      vertex -9.331644997000694 16.601700000464916 0
    endloop
  endfacet
  facet normal 0 1 0
    outer loop
      vertex -8.004009999334812 16.601700000464916 0.6000000000000001
      vertex -6.9420550018548965 16.601700000464916 0
      vertex -8.004009999334812 16.601700000464916 0
    endloop
  endfacet
  facet normal 0 0 -1
    outer loop
      vertex -6.270700000226498 20.901359997689724 0.6000000000000001
      vertex -5.3796550035476685 20.901359997689724 0.6000000000000001
      vertex -6.652165003120899 19.802775003015995 0.6000000000000001
    endloop
  endfacet
  facet normal 0 -1 0
    outer loop
      vertex -6.270700000226498 20.901359997689724 0.6000000000000001
      vertex -6.270700000226498 20.901359997689724 0
      vertex -5.3796550035476685 20.901359997689724 0.6000000000000001
    endloop
  endfacet
  facet normal 0.9446704988178 -0.3280208052293774 0
    outer loop
      vertex -6.270700000226498 20.901359997689724 0.6000000000000001
      vertex -6.652165003120899 19.802775003015995 0.6000000000000001
      vertex -6.652165003120899 19.802775003015995 0
    endloop
  endfacet
  facet normal 0.9446704988178 -0.3280208052293774 0
    outer loop
      vertex -6.270700000226498 20.901359997689724 0.6000000000000001
      vertex -6.652165003120899 19.802775003015995 0
      vertex -6.270700000226498 20.901359997689724 0
    endloop
  endfacet
  facet normal 0 0 -1
    outer loop
      vertex -8.089464999735355 19.12534499913454 0.6000000000000001
      vertex -6.652165003120899 19.802775003015995 0.6000000000000001
      vertex -6.853584997355938 19.12534499913454 0.6000000000000001
    endloop
  endfacet
  facet normal 0 0 -1
    outer loop
      vertex -6.652165003120899 19.802775003015995 0.6000000000000001
      vertex -5.3796550035476685 20.901359997689724 0.6000000000000001
      vertex -6.853584997355938 19.12534499913454 0.6000000000000001
    endloop
  endfacet
  facet normal 0 0 -1
    outer loop
      vertex -6.853584997355938 19.12534499913454 0.6000000000000001
      vertex -5.3796550035476685 20.901359997689724 0.6000000000000001
      vertex -6.9420550018548965 16.601700000464916 0.6000000000000001
    endloop
  endfacet
  facet normal 0 -1 0
    outer loop
      vertex -6.652165003120899 19.802775003015995 0.6000000000000001
      vertex -8.29083999991417 19.802775003015995 0
      vertex -6.652165003120899 19.802775003015995 0
    endloop
  endfacet
  facet normal 0 1 0
    outer loop
      vertex -8.089464999735355 19.12534499913454 0.6000000000000001
      vertex -6.853584997355938 19.12534499913454 0.6000000000000001
      vertex -6.853584997355938 19.12534499913454 0
    endloop
  endfacet
  facet normal 0.9458426550408625 -0.32462543323845094 0
    outer loop
      vertex -6.853584997355938 19.12534499913454 0.6000000000000001
      vertex -7.277754999697208 17.889464996755123 0
      vertex -6.853584997355938 19.12534499913454 0
    endloop
  endfacet
  facet normal -0.939871517720478 0.34152822749782386 0
    outer loop
      vertex -5.3796550035476685 20.901359997689724 0.6000000000000001
      vertex -5.3796550035476685 20.901359997689724 0
      vertex -6.9420550018548965 16.601700000464916 0.6000000000000001
    endloop
  endfacet
  facet normal 0 -1 0
    outer loop
      vertex -5.3796550035476685 20.901359997689724 0.6000000000000001
      vertex -6.270700000226498 20.901359997689724 0
      vertex -5.3796550035476685 20.901359997689724 0
    endloop
  endfacet
  facet normal 0 -1 0
    outer loop
      vertex -4.219824999570847 20.901359997689724 0.6000000000000001
      vertex -4.219824999570847 20.901359997689724 0
      vertex -3.319600000977516 20.901359997689724 0.6000000000000001
    endloop
  endfacet
  facet normal 0 0 -1
    outer loop
      vertex -4.219824999570847 20.901359997689724 0.6000000000000001
      vertex -3.319600000977516 20.901359997689724 0.6000000000000001
      vertex -4.219824999570847 17.297444999217987 0.6000000000000001
    endloop
  endfacet
  facet normal 1 0 0
    outer loop
      vertex -4.219824999570847 20.901359997689724 0.6000000000000001
      vertex -4.219824999570847 17.297444999217987 0
      vertex -4.219824999570847 20.901359997689724 0
    endloop
  endfacet
  facet normal 0 -1 0
    outer loop
      vertex -3.319600000977516 20.901359997689724 0.6000000000000001
      vertex -4.219824999570847 20.901359997689724 0
      vertex -3.319600000977516 20.901359997689724 0
    endloop
  endfacet
  facet normal -1 0 0
    outer loop
      vertex -3.319600000977516 20.901359997689724 0.6000000000000001
      vertex -3.319600000977516 20.901359997689724 0
      vertex -3.319600000977516 17.297444999217987 0.6000000000000001
    endloop
  endfacet
  facet normal 0 -1 0
    outer loop
      vertex -1.4426499977707863 20.901359997689724 0.6000000000000001
      vertex -1.4426499977707863 20.901359997689724 0
      vertex -0.5424249991774559 20.901359997689724 0.6000000000000001
    endloop
  endfacet
  facet normal 0 -1 0
    outer loop
      vertex -0.5424249991774559 20.901359997689724 0.6000000000000001
      vertex -1.4426499977707863 20.901359997689724 0
      vertex -0.5424249991774559 20.901359997689724 0
    endloop
  endfacet
  facet normal 0 0 -1
    outer loop
      vertex -1.4426499977707863 20.901359997689724 0.6000000000000001
      vertex -0.5424249991774559 20.901359997689724 0.6000000000000001
      vertex -0.5424249991774559 16.601700000464916 0.6000000000000001
    endloop
  endfacet
  facet normal 1 0 0
    outer loop
      vertex -1.4426499977707863 20.901359997689724 0.6000000000000001
      vertex -1.4426499977707863 16.601700000464916 0
      vertex -1.4426499977707863 20.901359997689724 0
    endloop
  endfacet
  facet normal -1 0 0
    outer loop
      vertex -0.5424249991774559 20.901359997689724 0.6000000000000001
      vertex -0.5424249991774559 20.901359997689724 0
      vertex -0.5424249991774559 16.601700000464916 0.6000000000000001
    endloop
  endfacet
  facet normal 0 0 -1
    outer loop
      vertex -6.853584997355938 19.12534499913454 0.6000000000000001
      vertex -6.9420550018548965 16.601700000464916 0.6000000000000001
      vertex -7.277754999697208 17.889464996755123 0.6000000000000001
    endloop
  endfacet
  facet normal 0 0 -1
    outer loop
      vertex -7.277754999697208 17.889464996755123 0.6000000000000001
      vertex -6.9420550018548965 16.601700000464916 0.6000000000000001
      vertex -7.408930003643036 17.474474996328354 0.6000000000000001
    endloop
  endfacet
  facet normal 0 0 -1
    outer loop
      vertex -7.408930003643036 17.474474996328354 0.6000000000000001
      vertex -6.9420550018548965 16.601700000464916 0.6000000000000001
      vertex -7.473054997622967 17.263875000178814 0.6000000000000001
    endloop
  endfacet
  facet normal 0.9458426550408625 -0.32462543323845094 0
    outer loop
      vertex -6.853584997355938 19.12534499913454 0.6000000000000001
      vertex -7.277754999697208 17.889464996755123 0.6000000000000001
      vertex -7.277754999697208 17.889464996755123 0
    endloop
  endfacet
  facet normal -0.9516066939858541 -0.30731856429658344 0
    outer loop
      vertex -7.591027498245239 17.66313874721527 0.6000000000000001
      vertex -7.591027498245239 17.66313874721527 0
      vertex -7.5645850002765656 17.58126000314951 0.6000000000000001
    endloop
  endfacet
  facet normal 0.9534998071482599 -0.3013936259581995 0
    outer loop
      vertex -7.277754999697208 17.889464996755123 0.6000000000000001
      vertex -7.408930003643036 17.474474996328354 0.6000000000000001
      vertex -7.408930003643036 17.474474996328354 0
    endloop
  endfacet
  facet normal -0.9571592316594446 -0.2895620922170259 0
    outer loop
      vertex -7.5645850002765656 17.58126000314951 0.6000000000000001
      vertex -7.5645850002765656 17.58126000314951 0
      vertex -7.550687499344349 17.5353212505579 0.6000000000000001
    endloop
  endfacet
  facet normal -0.9581319285555762 -0.28632709875660056 0
    outer loop
      vertex -7.550687499344349 17.5353212505579 0.6000000000000001
      vertex -7.550687499344349 17.5353212505579 0
      vertex -7.537464998662472 17.49107500165701 0.6000000000000001
    endloop
  endfacet
  facet normal -0.9591719097198883 -0.28282370410611335 0
    outer loop
      vertex -7.537464998662472 17.49107500165701 0.6000000000000001
      vertex -7.537464998662472 17.49107500165701 0
      vertex -7.524917498230934 17.448521248996258 0.6000000000000001
    endloop
  endfacet
  facet normal -0.960286067109175 -0.2790173279851865 0
    outer loop
      vertex -7.524917498230934 17.448521248996258 0.6000000000000001
      vertex -7.524917498230934 17.448521248996258 0
      vertex -7.513044998049736 17.407660000026226 0.6000000000000001
    endloop
  endfacet
  facet normal 0.9566367455601118 -0.29128360242924367 0
    outer loop
      vertex -7.408930003643036 17.474474996328354 0.6000000000000001
      vertex -7.473054997622967 17.263875000178814 0.6000000000000001
      vertex -7.408930003643036 17.474474996328354 0
    endloop
  endfacet
  facet normal -0.9614822581977868 -0.27486699905751594 0
    outer loop
      vertex -7.513044998049736 17.407660000026226 0.6000000000000001
      vertex -7.513044998049736 17.407660000026226 0
      vertex -7.501847498118877 17.368491247296333 0.6000000000000001
    endloop
  endfacet
  facet normal -0.9627693309060137 -0.27032427835247524 0
    outer loop
      vertex -7.501847498118877 17.368491247296333 0.6000000000000001
      vertex -7.501847498118877 17.368491247296333 0
      vertex -7.491324998438358 17.33101499825716 0.6000000000000001
    endloop
  endfacet
  facet normal -0.9649129052752766 -0.26257015297482933 0
    outer loop
      vertex -7.491324998438358 17.33101499825716 0.6000000000000001
      vertex -7.491324998438358 17.33101499825716 0
      vertex -7.473054997622967 17.263875000178814 0.6000000000000001
    endloop
  endfacet
  facet normal -0.9516066939858541 -0.30731856429658344 0
    outer loop
      vertex -7.5645850002765656 17.58126000314951 0.6000000000000001
      vertex -7.591027498245239 17.66313874721527 0
      vertex -7.5645850002765656 17.58126000314951 0
    endloop
  endfacet
  facet normal -0.9571592316594446 -0.2895620922170259 0
    outer loop
      vertex -7.550687499344349 17.5353212505579 0.6000000000000001
      vertex -7.5645850002765656 17.58126000314951 0
      vertex -7.550687499344349 17.5353212505579 0
    endloop
  endfacet
  facet normal -0.9581319285555762 -0.28632709875660056 0
    outer loop
      vertex -7.537464998662472 17.49107500165701 0.6000000000000001
      vertex -7.550687499344349 17.5353212505579 0
      vertex -7.537464998662472 17.49107500165701 0
    endloop
  endfacet
  facet normal -0.9591719097198883 -0.28282370410611335 0
    outer loop
      vertex -7.524917498230934 17.448521248996258 0.6000000000000001
      vertex -7.537464998662472 17.49107500165701 0
      vertex -7.524917498230934 17.448521248996258 0
    endloop
  endfacet
  facet normal -0.960286067109175 -0.2790173279851865 0
    outer loop
      vertex -7.513044998049736 17.407660000026226 0.6000000000000001
      vertex -7.524917498230934 17.448521248996258 0
      vertex -7.513044998049736 17.407660000026226 0
    endloop
  endfacet
  facet normal 0.9534998071482599 -0.3013936259581995 0
    outer loop
      vertex -7.277754999697208 17.889464996755123 0.6000000000000001
      vertex -7.408930003643036 17.474474996328354 0
      vertex -7.277754999697208 17.889464996755123 0
    endloop
  endfacet
  facet normal -0.9614822581977868 -0.27486699905751594 0
    outer loop
      vertex -7.501847498118877 17.368491247296333 0.6000000000000001
      vertex -7.513044998049736 17.407660000026226 0
      vertex -7.501847498118877 17.368491247296333 0
    endloop
  endfacet
  facet normal -0.9627693309060137 -0.27032427835247524 0
    outer loop
      vertex -7.491324998438358 17.33101499825716 0.6000000000000001
      vertex -7.501847498118877 17.368491247296333 0
      vertex -7.491324998438358 17.33101499825716 0
    endloop
  endfacet
  facet normal 0.9566367455601118 -0.29128360242924367 0
    outer loop
      vertex -7.473054997622967 17.263875000178814 0.6000000000000001
      vertex -7.473054997622967 17.263875000178814 0
      vertex -7.408930003643036 17.474474996328354 0
    endloop
  endfacet
  facet normal -0.9649129052752766 -0.26257015297482933 0
    outer loop
      vertex -7.473054997622967 17.263875000178814 0.6000000000000001
      vertex -7.491324998438358 17.33101499825716 0
      vertex -7.473054997622967 17.263875000178814 0
    endloop
  endfacet
  facet normal -0.939871517720478 0.34152822749782386 0
    outer loop
      vertex -6.9420550018548965 16.601700000464916 0.6000000000000001
      vertex -5.3796550035476685 20.901359997689724 0
      vertex -6.9420550018548965 16.601700000464916 0
    endloop
  endfacet
  facet normal 0 0 -1
    outer loop
      vertex -7.473054997622967 17.263875000178814 0.6000000000000001
      vertex -6.9420550018548965 16.601700000464916 0.6000000000000001
      vertex -8.004009999334812 16.601700000464916 0.6000000000000001
    endloop
  endfacet
  facet normal 0 1 0
    outer loop
      vertex -8.004009999334812 16.601700000464916 0.6000000000000001
      vertex -6.9420550018548965 16.601700000464916 0.6000000000000001
      vertex -6.9420550018548965 16.601700000464916 0
    endloop
  endfacet
  facet normal 0 0 -1
    outer loop
      vertex -5.608254998922348 17.297444999217987 0.6000000000000001
      vertex -4.219824999570847 17.297444999217987 0.6000000000000001
      vertex -5.608254998922348 16.601700000464916 0.6000000000000001
    endloop
  endfacet
  facet normal 0 -1 0
    outer loop
      vertex -5.608254998922348 17.297444999217987 0.6000000000000001
      vertex -5.608254998922348 17.297444999217987 0
      vertex -4.219824999570847 17.297444999217987 0.6000000000000001
    endloop
  endfacet
  facet normal 1 0 0
    outer loop
      vertex -5.608254998922348 17.297444999217987 0.6000000000000001
      vertex -5.608254998922348 16.601700000464916 0
      vertex -5.608254998922348 17.297444999217987 0
    endloop
  endfacet
  facet normal 1 0 0
    outer loop
      vertex -4.219824999570847 20.901359997689724 0.6000000000000001
      vertex -4.219824999570847 17.297444999217987 0.6000000000000001
      vertex -4.219824999570847 17.297444999217987 0
    endloop
  endfacet
  facet normal 0 -1 0
    outer loop
      vertex -4.219824999570847 17.297444999217987 0.6000000000000001
      vertex -5.608254998922348 17.297444999217987 0
      vertex -4.219824999570847 17.297444999217987 0
    endloop
  endfacet
  facet normal 0 0 -1
    outer loop
      vertex -4.219824999570847 17.297444999217987 0.6000000000000001
      vertex -1.928065001964569 16.601700000464916 0.6000000000000001
      vertex -5.608254998922348 16.601700000464916 0.6000000000000001
    endloop
  endfacet
  facet normal 1 0 0
    outer loop
      vertex -5.608254998922348 17.297444999217987 0.6000000000000001
      vertex -5.608254998922348 16.601700000464916 0.6000000000000001
      vertex -5.608254998922348 16.601700000464916 0
    endloop
  endfacet
  facet normal 0 1 0
    outer loop
      vertex -5.608254998922348 16.601700000464916 0.6000000000000001
      vertex -1.928065001964569 16.601700000464916 0
      vertex -5.608254998922348 16.601700000464916 0
    endloop
  endfacet
  facet normal 0 0 -1
    outer loop
      vertex -4.219824999570847 17.297444999217987 0.6000000000000001
      vertex -3.319600000977516 20.901359997689724 0.6000000000000001
      vertex -3.319600000977516 17.297444999217987 0.6000000000000001
    endloop
  endfacet
  facet normal 0 0 -1
    outer loop
      vertex -4.219824999570847 17.297444999217987 0.6000000000000001
      vertex -3.319600000977516 17.297444999217987 0.6000000000000001
      vertex -1.928065001964569 16.601700000464916 0.6000000000000001
    endloop
  endfacet
  facet normal 0 0 -1
    outer loop
      vertex -3.319600000977516 17.297444999217987 0.6000000000000001
      vertex -1.928065001964569 17.297444999217987 0.6000000000000001
      vertex -1.928065001964569 16.601700000464916 0.6000000000000001
    endloop
  endfacet
  facet normal -1 0 0
    outer loop
      vertex -3.319600000977516 17.297444999217987 0.6000000000000001
      vertex -3.319600000977516 20.901359997689724 0
      vertex -3.319600000977516 17.297444999217987 0
    endloop
  endfacet
  facet normal 0 -1 0
    outer loop
      vertex -3.319600000977516 17.297444999217987 0.6000000000000001
      vertex -3.319600000977516 17.297444999217987 0
      vertex -1.928065001964569 17.297444999217987 0.6000000000000001
    endloop
  endfacet
  facet normal -1 0 0
    outer loop
      vertex -1.928065001964569 17.297444999217987 0.6000000000000001
      vertex -1.928065001964569 17.297444999217987 0
      vertex -1.928065001964569 16.601700000464916 0.6000000000000001
    endloop
  endfacet
  facet normal 0 -1 0
    outer loop
      vertex -1.928065001964569 17.297444999217987 0.6000000000000001
      vertex -3.319600000977516 17.297444999217987 0
      vertex -1.928065001964569 17.297444999217987 0
    endloop
  endfacet
  facet normal 0 1 0
    outer loop
      vertex -5.608254998922348 16.601700000464916 0.6000000000000001
      vertex -1.928065001964569 16.601700000464916 0.6000000000000001
      vertex -1.928065001964569 16.601700000464916 0
    endloop
  endfacet
  facet normal -1 0 0
    outer loop
      vertex -1.928065001964569 16.601700000464916 0.6000000000000001
      vertex -1.928065001964569 17.297444999217987 0
      vertex -1.928065001964569 16.601700000464916 0
    endloop
  endfacet
  facet normal 0 0 -1
    outer loop
      vertex -1.4426499977707863 20.901359997689724 0.6000000000000001
      vertex -0.5424249991774559 16.601700000464916 0.6000000000000001
      vertex -1.4426499977707863 16.601700000464916 0.6000000000000001
    endloop
  endfacet
  facet normal 1 0 0
    outer loop
      vertex -1.4426499977707863 20.901359997689724 0.6000000000000001
      vertex -1.4426499977707863 16.601700000464916 0.6000000000000001
      vertex -1.4426499977707863 16.601700000464916 0
    endloop
  endfacet
  facet normal -1 0 0
    outer loop
      vertex -0.5424249991774559 16.601700000464916 0.6000000000000001
      vertex -0.5424249991774559 20.901359997689724 0
      vertex -0.5424249991774559 16.601700000464916 0
    endloop
  endfacet
  facet normal 0 1 0
    outer loop
      vertex -1.4426499977707863 16.601700000464916 0.6000000000000001
      vertex -0.5424249991774559 16.601700000464916 0
      vertex -1.4426499977707863 16.601700000464916 0
    endloop
  endfacet
  facet normal 0 1 0
    outer loop
      vertex -1.4426499977707863 16.601700000464916 0.6000000000000001
      vertex -0.5424249991774559 16.601700000464916 0.6000000000000001
      vertex -0.5424249991774559 16.601700000464916 0
    endloop
  endfacet
  facet normal 0 0 -1
    outer loop
      vertex 1.139454998075962 20.697240002453327 0.6000000000000001
      vertex 1.3920124992728233 20.813238747417927 0.6000000000000001
      vertex 1.6276950016617775 20.0733800008893 0.6000000000000001
    endloop
  endfacet
  facet normal 0 0 -1
    outer loop
      vertex 0.9112225025892258 20.548098750412464 0.6000000000000001
      vertex 1.139454998075962 20.697240002453327 0.6000000000000001
      vertex 1.4948287531733513 19.971533752977848 0.6000000000000001
    endloop
  endfacet
  facet normal 0 0 -1
    outer loop
      vertex 0.9112225025892258 20.548098750412464 0.6000000000000001
      vertex 1.375610001385212 19.84705500304699 0.6000000000000001
      vertex 0.7073149979114532 20.36581499874592 0.6000000000000001
    endloop
  endfacet
  facet normal 0 0 -1
    outer loop
      vertex 0.9112225025892258 20.548098750412464 0.6000000000000001
      vertex 1.4948287531733513 19.971533752977848 0.6000000000000001
      vertex 1.375610001385212 19.84705500304699 0.6000000000000001
    endloop
  endfacet
  facet normal 0 0 -1
    outer loop
      vertex 1.139454998075962 20.697240002453327 0.6000000000000001
      vertex 1.6276950016617775 20.0733800008893 0.6000000000000001
      vertex 1.4948287531733513 19.971533752977848 0.6000000000000001
    endloop
  endfacet
  facet normal 0 0 -1
    outer loop
      vertex 1.3920124992728233 20.813238747417927 0.6000000000000001
      vertex 1.668894998729229 20.896095000207424 0.6000000000000001
      vertex 1.7742087468504906 20.15259374678135 0.6000000000000001
    endloop
  endfacet
  facet normal 0 0 -1
    outer loop
      vertex 1.668894998729229 20.896095000207424 0.6000000000000001
      vertex 1.970102496445179 20.94580875337124 0.6000000000000001
      vertex 1.9343700036406517 20.209174998104572 0.6000000000000001
    endloop
  endfacet
  facet normal 0 0 -1
    outer loop
      vertex 1.3920124992728233 20.813238747417927 0.6000000000000001
      vertex 1.7742087468504906 20.15259374678135 0.6000000000000001
      vertex 1.6276950016617775 20.0733800008893 0.6000000000000001
    endloop
  endfacet
  facet normal 0 0 -1
    outer loop
      vertex 1.668894998729229 20.896095000207424 0.6000000000000001
      vertex 1.9343700036406517 20.209174998104572 0.6000000000000001
      vertex 1.7742087468504906 20.15259374678135 0.6000000000000001
    endloop
  endfacet
  facet normal 0.7684979691815078 -0.6398522261928127 0
    outer loop
      vertex 0.5315487533807755 20.15471000224352 0.6000000000000001
      vertex 0.5315487533807755 20.15471000224352 0
      vertex 0.7073149979114532 20.36581499874592 0.6000000000000001
    endloop
  endfacet
  facet normal 0.6664702941989095 -0.745531586822731 0
    outer loop
      vertex 0.9112225025892258 20.548098750412464 0.6000000000000001
      vertex 0.7073149979114532 20.36581499874592 0.6000000000000001
      vertex 0.7073149979114532 20.36581499874592 0
    endloop
  endfacet
  facet normal 0.7684979691815078 -0.6398522261928127 0
    outer loop
      vertex 0.7073149979114532 20.36581499874592 0.6000000000000001
      vertex 0.5315487533807755 20.15471000224352 0
      vertex 0.7073149979114532 20.36581499874592 0
    endloop
  endfacet
  facet normal 0.6664702941989095 -0.745531586822731 0
    outer loop
      vertex 0.9112225025892258 20.548098750412464 0.6000000000000001
      vertex 0.7073149979114532 20.36581499874592 0
      vertex 0.9112225025892258 20.548098750412464 0
    endloop
  endfacet
  facet normal 0.16284507211959456 -0.98665165204664 0
    outer loop
      vertex 1.668894998729229 20.896095000207424 0.6000000000000001
      vertex 1.668894998729229 20.896095000207424 0
      vertex 1.970102496445179 20.94580875337124 0.6000000000000001
    endloop
  endfacet
  facet normal 0.16284507211959456 -0.98665165204664 0
    outer loop
      vertex 1.970102496445179 20.94580875337124 0.6000000000000001
      vertex 1.668894998729229 20.896095000207424 0
      vertex 1.970102496445179 20.94580875337124 0
    endloop
  endfacet
  facet normal 0.5470240412897077 -0.8371168964075903 0
    outer loop
      vertex 0.9112225025892258 20.548098750412464 0.6000000000000001
      vertex 0.9112225025892258 20.548098750412464 0
      vertex 1.139454998075962 20.697240002453327 0.6000000000000001
    endloop
  endfacet
  facet normal 0.4173778003267377 -0.9087330586010469 0
    outer loop
      vertex 1.139454998075962 20.697240002453327 0.6000000000000001
      vertex 1.139454998075962 20.697240002453327 0
      vertex 1.3920124992728233 20.813238747417927 0.6000000000000001
    endloop
  endfacet
  facet normal 0.28668597459311096 -0.958024609272433 0
    outer loop
      vertex 1.3920124992728233 20.813238747417927 0.6000000000000001
      vertex 1.3920124992728233 20.813238747417927 0
      vertex 1.668894998729229 20.896095000207424 0.6000000000000001
    endloop
  endfacet
  facet normal -0.4755966102045418 0.8796634949581283 0
    outer loop
      vertex 1.6276950016617775 20.0733800008893 0.6000000000000001
      vertex 1.7742087468504906 20.15259374678135 0.6000000000000001
      vertex 1.7742087468504906 20.15259374678135 0
    endloop
  endfacet
  facet normal -0.33310147972260257 0.9428909821430113 0
    outer loop
      vertex 1.7742087468504906 20.15259374678135 0.6000000000000001
      vertex 1.9343700036406517 20.209174998104572 0.6000000000000001
      vertex 1.9343700036406517 20.209174998104572 0
    endloop
  endfacet
  facet normal 0.5470240412897077 -0.8371168964075903 0
    outer loop
      vertex 1.139454998075962 20.697240002453327 0.6000000000000001
      vertex 0.9112225025892258 20.548098750412464 0
      vertex 1.139454998075962 20.697240002453327 0
    endloop
  endfacet
  facet normal 0.4173778003267377 -0.9087330586010469 0
    outer loop
      vertex 1.3920124992728233 20.813238747417927 0.6000000000000001
      vertex 1.139454998075962 20.697240002453327 0
      vertex 1.3920124992728233 20.813238747417927 0
    endloop
  endfacet
  facet normal 0.28668597459311096 -0.958024609272433 0
    outer loop
      vertex 1.668894998729229 20.896095000207424 0.6000000000000001
      vertex 1.3920124992728233 20.813238747417927 0
      vertex 1.668894998729229 20.896095000207424 0
    endloop
  endfacet
  facet normal -0.33310147972260257 0.9428909821430113 0
    outer loop
      vertex 1.7742087468504906 20.15259374678135 0.6000000000000001
      vertex 1.9343700036406517 20.209174998104572 0
      vertex 1.7742087468504906 20.15259374678135 0
    endloop
  endfacet
  facet normal 0 0 -1
    outer loop
      vertex 0.5315487533807755 20.15471000224352 0.6000000000000001
      vertex 1.2725812494754791 19.702909998595715 0.6000000000000001
      vertex 0.38774000108242035 19.919105000793934 0.6000000000000001
    endloop
  endfacet
  facet normal 0 0 -1
    outer loop
      vertex 0.5315487533807755 20.15471000224352 0.6000000000000001
      vertex 0.7073149979114532 20.36581499874592 0.6000000000000001
      vertex 1.2725812494754791 19.702909998595715 0.6000000000000001
    endloop
  endfacet
  facet normal 0 0 -1
    outer loop
      vertex 0.38774000108242035 19.919105000793934 0.6000000000000001
      vertex 1.1882850006222725 19.542065002024174 0.6000000000000001
      vertex 0.27588874846696854 19.659000001847744 0.6000000000000001
    endloop
  endfacet
  facet normal 0 0 -1
    outer loop
      vertex 0.27588874846696854 19.659000001847744 0.6000000000000001
      vertex 1.1227212473750114 19.364519998431206 0.6000000000000001
      vertex 0.1959950029850006 19.37439499795437 0.6000000000000001
    endloop
  endfacet
  facet normal 0 0 -1
    outer loop
      vertex 0.38774000108242035 19.919105000793934 0.6000000000000001
      vertex 1.2725812494754791 19.702909998595715 0.6000000000000001
      vertex 1.1882850006222725 19.542065002024174 0.6000000000000001
    endloop
  endfacet
  facet normal 0 0 -1
    outer loop
      vertex 0.27588874846696854 19.659000001847744 0.6000000000000001
      vertex 1.1882850006222725 19.542065002024174 0.6000000000000001
      vertex 1.1227212473750114 19.364519998431206 0.6000000000000001
    endloop
  endfacet
  facet normal 0 0 -1
    outer loop
      vertex 0.1959950029850006 19.37439499795437 0.6000000000000001
      vertex 1.0758899971842766 19.170275002717972 0.6000000000000001
      vertex 0.14805874973535538 19.06528999656439 0.6000000000000001
    endloop
  endfacet
  facet normal 0 0 -1
    outer loop
      vertex 0.14805874973535538 19.06528999656439 0.6000000000000001
      vertex 1.047791250050068 18.95932999998331 0.6000000000000001
      vertex 0.13208000361919403 18.731684997677803 0.6000000000000001
    endloop
  endfacet
  facet normal 0 0 -1
    outer loop
      vertex 0.1959950029850006 19.37439499795437 0.6000000000000001
      vertex 1.1227212473750114 19.364519998431206 0.6000000000000001
      vertex 1.0758899971842766 19.170275002717972 0.6000000000000001
    endloop
  endfacet
  facet normal 0 0 -1
    outer loop
      vertex 0.14805874973535538 19.06528999656439 0.6000000000000001
      vertex 1.0758899971842766 19.170275002717972 0.6000000000000001
      vertex 1.047791250050068 18.95932999998331 0.6000000000000001
    endloop
  endfacet
  facet normal 0 0 -1
    outer loop
      vertex 0.13208000361919403 18.731684997677803 0.6000000000000001
      vertex 1.047791250050068 18.95932999998331 0.6000000000000001
      vertex 1.0384249985218048 18.731684997677803 0.6000000000000001
    endloop
  endfacet
  facet normal 0 0 -1
    outer loop
      vertex 0.13208000361919403 18.731684997677803 0.6000000000000001
      vertex 1.0384249985218048 18.731684997677803 0.6000000000000001
      vertex 1.047578752040863 18.506334997713566 0.6000000000000001
    endloop
  endfacet
  facet normal 0 0 -1
    outer loop
      vertex 0.7073149979114532 20.36581499874592 0.6000000000000001
      vertex 1.375610001385212 19.84705500304699 0.6000000000000001
      vertex 1.2725812494754791 19.702909998595715 0.6000000000000001
    endloop
  endfacet
  facet normal 0.8535591021017569 -0.5209960261069585 0
    outer loop
      vertex 0.5315487533807755 20.15471000224352 0.6000000000000001
      vertex 0.38774000108242035 19.919105000793934 0.6000000000000001
      vertex 0.38774000108242035 19.919105000793934 0
    endloop
  endfacet
  facet normal 0.9186613649685725 -0.39504594228276657 0
    outer loop
      vertex 0.38774000108242035 19.919105000793934 0.6000000000000001
      vertex 0.27588874846696854 19.659000001847744 0.6000000000000001
      vertex 0.27588874846696854 19.659000001847744 0
    endloop
  endfacet
  facet normal 0.9627843216944186 -0.27027088244836533 0
    outer loop
      vertex 0.27588874846696854 19.659000001847744 0.6000000000000001
      vertex 0.1959950029850006 19.37439499795437 0.6000000000000001
      vertex 0.1959950029850006 19.37439499795437 0
    endloop
  endfacet
  facet normal 0.9186613649685725 -0.39504594228276657 0
    outer loop
      vertex 0.38774000108242035 19.919105000793934 0.6000000000000001
      vertex 0.27588874846696854 19.659000001847744 0
      vertex 0.38774000108242035 19.919105000793934 0
    endloop
  endfacet
  facet normal 0.9627843216944186 -0.27027088244836533 0
    outer loop
      vertex 0.27588874846696854 19.659000001847744 0.6000000000000001
      vertex 0.1959950029850006 19.37439499795437 0
      vertex 0.27588874846696854 19.659000001847744 0
    endloop
  endfacet
  facet normal 0.8535591021017569 -0.5209960261069585 0
    outer loop
      vertex 0.5315487533807755 20.15471000224352 0.6000000000000001
      vertex 0.38774000108242035 19.919105000793934 0
      vertex 0.5315487533807755 20.15471000224352 0
    endloop
  endfacet
  facet normal 0.9881876159749381 -0.15324893354855082 0
    outer loop
      vertex 0.1959950029850006 19.37439499795437 0.6000000000000001
      vertex 0.14805874973535538 19.06528999656439 0.6000000000000001
      vertex 0.14805874973535538 19.06528999656439 0
    endloop
  endfacet
  facet normal 0.9988548988986077 -0.047842355149512884 0
    outer loop
      vertex 0.14805874973535538 19.06528999656439 0.6000000000000001
      vertex 0.13208000361919403 18.731684997677803 0.6000000000000001
      vertex 0.13208000361919403 18.731684997677803 0
    endloop
  endfacet
  facet normal 0.9881876159749381 -0.15324893354855082 0
    outer loop
      vertex 0.1959950029850006 19.37439499795437 0.6000000000000001
      vertex 0.14805874973535538 19.06528999656439 0
      vertex 0.1959950029850006 19.37439499795437 0
    endloop
  endfacet
  facet normal 0.9988548988986077 -0.047842355149512884 0
    outer loop
      vertex 0.14805874973535538 19.06528999656439 0.6000000000000001
      vertex 0.13208000361919403 18.731684997677803 0
      vertex 0.14805874973535538 19.06528999656439 0
    endloop
  endfacet
  facet normal 0.9988512640321077 0.047918183828905024 0
    outer loop
      vertex 0.13208000361919403 18.731684997677803 0.6000000000000001
      vertex 0.14801625162363052 18.399494998157024 0
      vertex 0.13208000361919403 18.731684997677803 0
    endloop
  endfacet
  facet normal -0.8135518168696756 0.5814924258045411 0
    outer loop
      vertex 1.375610001385212 19.84705500304699 0.6000000000000001
      vertex 1.375610001385212 19.84705500304699 0
      vertex 1.2725812494754791 19.702909998595715 0.6000000000000001
    endloop
  endfacet
  facet normal -0.9380815798532435 0.3464144187819592 0
    outer loop
      vertex 1.1882850006222725 19.542065002024174 0.6000000000000001
      vertex 1.1882850006222725 19.542065002024174 0
      vertex 1.1227212473750114 19.364519998431206 0.6000000000000001
    endloop
  endfacet
  facet normal -0.8857316791365545 0.46419757924179184 0
    outer loop
      vertex 1.1882850006222725 19.542065002024174 0.6000000000000001
      vertex 1.2725812494754791 19.702909998595715 0.6000000000000001
      vertex 1.2725812494754791 19.702909998595715 0
    endloop
  endfacet
  facet normal -0.722200856744322 0.6916833976016536 0
    outer loop
      vertex 1.375610001385212 19.84705500304699 0.6000000000000001
      vertex 1.4948287531733513 19.971533752977848 0.6000000000000001
      vertex 1.4948287531733513 19.971533752977848 0
    endloop
  endfacet
  facet normal -0.6083642906503584 0.793657917406162 0
    outer loop
      vertex 1.6276950016617775 20.0733800008893 0.6000000000000001
      vertex 1.6276950016617775 20.0733800008893 0
      vertex 1.4948287531733513 19.971533752977848 0.6000000000000001
    endloop
  endfacet
  facet normal -0.722200856744322 0.6916833976016536 0
    outer loop
      vertex 1.375610001385212 19.84705500304699 0.6000000000000001
      vertex 1.4948287531733513 19.971533752977848 0
      vertex 1.375610001385212 19.84705500304699 0
    endloop
  endfacet
  facet normal -0.8135518168696756 0.5814924258045411 0
    outer loop
      vertex 1.2725812494754791 19.702909998595715 0.6000000000000001
      vertex 1.375610001385212 19.84705500304699 0
      vertex 1.2725812494754791 19.702909998595715 0
    endloop
  endfacet
  facet normal -0.9380815798532435 0.3464144187819592 0
    outer loop
      vertex 1.1227212473750114 19.364519998431206 0.6000000000000001
      vertex 1.1882850006222725 19.542065002024174 0
      vertex 1.1227212473750114 19.364519998431206 0
    endloop
  endfacet
  facet normal -0.8857316791365545 0.46419757924179184 0
    outer loop
      vertex 1.1882850006222725 19.542065002024174 0.6000000000000001
      vertex 1.2725812494754791 19.702909998595715 0
      vertex 1.1882850006222725 19.542065002024174 0
    endloop
  endfacet
  facet normal -0.6083642906503584 0.793657917406162 0
    outer loop
      vertex 1.4948287531733513 19.971533752977848 0.6000000000000001
      vertex 1.6276950016617775 20.0733800008893 0
      vertex 1.4948287531733513 19.971533752977848 0
    endloop
  endfacet
  facet normal -0.4755966102045418 0.8796634949581283 0
    outer loop
      vertex 1.6276950016617775 20.0733800008893 0.6000000000000001
      vertex 1.7742087468504906 20.15259374678135 0
      vertex 1.6276950016617775 20.0733800008893 0
    endloop
  endfacet
  facet normal -0.9721454971862138 0.23437818221961104 0
    outer loop
      vertex 1.1227212473750114 19.364519998431206 0.6000000000000001
      vertex 1.1227212473750114 19.364519998431206 0
      vertex 1.0758899971842766 19.170275002717972 0.6000000000000001
    endloop
  endfacet
  facet normal -0.9912446697379546 0.13203789121344472 0
    outer loop
      vertex 1.0758899971842766 19.170275002717972 0.6000000000000001
      vertex 1.0758899971842766 19.170275002717972 0
      vertex 1.047791250050068 18.95932999998331 0.6000000000000001
    endloop
  endfacet
  facet normal -0.9991546541374374 0.041109331246054495 0
    outer loop
      vertex 1.047791250050068 18.95932999998331 0.6000000000000001
      vertex 1.047791250050068 18.95932999998331 0
      vertex 1.0384249985218048 18.731684997677803 0.6000000000000001
    endloop
  endfacet
  facet normal -0.9991760207497861 -0.04058669189060769 0
    outer loop
      vertex 1.0384249985218048 18.731684997677803 0.6000000000000001
      vertex 1.0384249985218048 18.731684997677803 0
      vertex 1.047578752040863 18.506334997713566 0.6000000000000001
    endloop
  endfacet
  facet normal -0.9721454971862138 0.23437818221961104 0
    outer loop
      vertex 1.0758899971842766 19.170275002717972 0.6000000000000001
      vertex 1.1227212473750114 19.364519998431206 0
      vertex 1.0758899971842766 19.170275002717972 0
    endloop
  endfacet
  facet normal -0.9912446697379546 0.13203789121344472 0
    outer loop
      vertex 1.047791250050068 18.95932999998331 0.6000000000000001
      vertex 1.0758899971842766 19.170275002717972 0
      vertex 1.047791250050068 18.95932999998331 0
    endloop
  endfacet
  facet normal -0.9991546541374374 0.041109331246054495 0
    outer loop
      vertex 1.0384249985218048 18.731684997677803 0.6000000000000001
      vertex 1.047791250050068 18.95932999998331 0
      vertex 1.0384249985218048 18.731684997677803 0
    endloop
  endfacet
  facet normal -0.9991760207497861 -0.04058669189060769 0
    outer loop
      vertex 1.047578752040863 18.506334997713566 0.6000000000000001
      vertex 1.0384249985218048 18.731684997677803 0
      vertex 1.047578752040863 18.506334997713566 0
    endloop
  endfacet
  facet normal 0 0 -1
    outer loop
      vertex 1.970102496445179 20.94580875337124 0.6000000000000001
      vertex 2.295634999871254 20.96237999945879 0.6000000000000001
      vertex 2.108178749680519 20.24312374740839 0.6000000000000001
    endloop
  endfacet
  facet normal 0 0 -1
    outer loop
      vertex 2.295634999871254 20.96237999945879 0.6000000000000001
      vertex 2.510776251554489 20.954878747463226 0.6000000000000001
      vertex 2.295634999871254 20.254440002143383 0.6000000000000001
    endloop
  endfacet
  facet normal 0 0 -1
    outer loop
      vertex 1.970102496445179 20.94580875337124 0.6000000000000001
      vertex 2.108178749680519 20.24312374740839 0.6000000000000001
      vertex 1.9343700036406517 20.209174998104572 0.6000000000000001
    endloop
  endfacet
  facet normal 0 0 -1
    outer loop
      vertex 2.295634999871254 20.96237999945879 0.6000000000000001
      vertex 2.295634999871254 20.254440002143383 0.6000000000000001
      vertex 2.108178749680519 20.24312374740839 0.6000000000000001
    endloop
  endfacet
  facet normal 0 0 -1
    outer loop
      vertex 2.510776251554489 20.954878747463226 0.6000000000000001
      vertex 2.716760002076626 20.932374998927116 0.6000000000000001
      vertex 2.489368751645088 20.243419997394085 0.6000000000000001
    endloop
  endfacet
  facet normal 0 0 -1
    outer loop
      vertex 2.716760002076626 20.932374998927116 0.6000000000000001
      vertex 2.913586251437664 20.89486874639988 0.6000000000000001
      vertex 2.6677599996328354 20.210359998047352 0.6000000000000001
    endloop
  endfacet
  facet normal 0 0 -1
    outer loop
      vertex 2.510776251554489 20.954878747463226 0.6000000000000001
      vertex 2.489368751645088 20.243419997394085 0.6000000000000001
      vertex 2.295634999871254 20.254440002143383 0.6000000000000001
    endloop
  endfacet
  facet normal 0 0 -1
    outer loop
      vertex 2.489368751645088 20.243419997394085 0.6000000000000001
      vertex 2.716760002076626 20.932374998927116 0.6000000000000001
      vertex 2.6677599996328354 20.210359998047352 0.6000000000000001
    endloop
  endfacet
  facet normal 0 0 -1
    outer loop
      vertex 2.913586251437664 20.89486874639988 0.6000000000000001
      vertex 2.830808751285076 20.155259996652603 0.6000000000000001
      vertex 2.6677599996328354 20.210359998047352 0.6000000000000001
    endloop
  endfacet
  facet normal 0 0 -1
    outer loop
      vertex 2.913586251437664 20.89486874639988 0.6000000000000001
      vertex 3.1012549996376038 20.842359997332096 0.6000000000000001
      vertex 2.830808751285076 20.155259996652603 0.6000000000000001
    endloop
  endfacet
  facet normal 0 0 -1
    outer loop
      vertex 3.1012549996376038 20.842359997332096 0.6000000000000001
      vertex 3.279766246676445 20.774848751723766 0.6000000000000001
      vertex 2.830808751285076 20.155259996652603 0.6000000000000001
    endloop
  endfacet
  facet normal 0 0 -1
    outer loop
      vertex 2.97851499915123 20.07812000066042 0.6000000000000001
      vertex 3.279766246676445 20.774848751723766 0.6000000000000001
      vertex 3.4491200000047684 20.69233500212431 0.6000000000000001
    endloop
  endfacet
  facet normal 0 0 -1
    outer loop
      vertex 2.830808751285076 20.155259996652603 0.6000000000000001
      vertex 3.279766246676445 20.774848751723766 0.6000000000000001
      vertex 2.97851499915123 20.07812000066042 0.6000000000000001
    endloop
  endfacet
  facet normal 0 0 -1
    outer loop
      vertex 2.97851499915123 20.07812000066042 0.6000000000000001
      vertex 3.4491200000047684 20.69233500212431 0.6000000000000001
      vertex 3.110878750681877 19.97894000262022 0.6000000000000001
    endloop
  endfacet
  facet normal 0 0 -1
    outer loop
      vertex 3.110878750681877 19.97894000262022 0.6000000000000001
      vertex 3.4491200000047684 20.69233500212431 0.6000000000000001
      vertex 3.607551246881485 20.595652498304844 0.6000000000000001
    endloop
  endfacet
  facet normal 0 0 -1
    outer loop
      vertex 3.110878750681877 19.97894000262022 0.6000000000000001
      vertex 3.607551246881485 20.595652498304844 0.6000000000000001
      vertex 3.7532650008797646 20.485665000975132 0.6000000000000001
    endloop
  endfacet
  facet normal 0 0 -1
    outer loop
      vertex 3.7532650008797646 20.485665000975132 0.6000000000000001
      vertex 3.886261247098446 20.362372502684593 0.6000000000000001
      vertex 3.2278999984264374 19.857720002532005 0.6000000000000001
    endloop
  endfacet
  facet normal 0.05083921520204845 -0.998706850981628 0
    outer loop
      vertex 1.970102496445179 20.94580875337124 0.6000000000000001
      vertex 1.970102496445179 20.94580875337124 0
      vertex 2.295634999871254 20.96237999945879 0.6000000000000001
    endloop
  endfacet
  facet normal -0.03484546324769136 -0.9993927124464406 0
    outer loop
      vertex 2.295634999871254 20.96237999945879 0.6000000000000001
      vertex 2.295634999871254 20.96237999945879 0
      vertex 2.510776251554489 20.954878747463226 0.6000000000000001
    endloop
  endfacet
  facet normal -0.10860391222516426 -0.9940851021162066 0
    outer loop
      vertex 2.510776251554489 20.954878747463226 0.6000000000000001
      vertex 2.510776251554489 20.954878747463226 0
      vertex 2.716760002076626 20.932374998927116 0.6000000000000001
    endloop
  endfacet
  facet normal -0.18718694144597098 -0.9823243094579828 0
    outer loop
      vertex 2.716760002076626 20.932374998927116 0.6000000000000001
      vertex 2.716760002076626 20.932374998927116 0
      vertex 2.913586251437664 20.89486874639988 0.6000000000000001
    endloop
  endfacet
  facet normal 0.05083921520204845 -0.998706850981628 0
    outer loop
      vertex 2.295634999871254 20.96237999945879 0.6000000000000001
      vertex 1.970102496445179 20.94580875337124 0
      vertex 2.295634999871254 20.96237999945879 0
    endloop
  endfacet
  facet normal -0.03484546324769136 -0.9993927124464406 0
    outer loop
      vertex 2.510776251554489 20.954878747463226 0.6000000000000001
      vertex 2.295634999871254 20.96237999945879 0
      vertex 2.510776251554489 20.954878747463226 0
    endloop
  endfacet
  facet normal -0.10860391222516426 -0.9940851021162066 0
    outer loop
      vertex 2.716760002076626 20.932374998927116 0.6000000000000001
      vertex 2.510776251554489 20.954878747463226 0
      vertex 2.716760002076626 20.932374998927116 0
    endloop
  endfacet
  facet normal -0.18718694144597098 -0.9823243094579828 0
    outer loop
      vertex 2.913586251437664 20.89486874639988 0.6000000000000001
      vertex 2.716760002076626 20.932374998927116 0
      vertex 2.913586251437664 20.89486874639988 0
    endloop
  endfacet
  facet normal -0.19169991456584842 0.9814535866537175 0
    outer loop
      vertex 1.9343700036406517 20.209174998104572 0.6000000000000001
      vertex 2.108178749680519 20.24312374740839 0.6000000000000001
      vertex 2.108178749680519 20.24312374740839 0
    endloop
  endfacet
  facet normal -0.06025774761585191 0.9981828509107258 0
    outer loop
      vertex 2.108178749680519 20.24312374740839 0.6000000000000001
      vertex 2.295634999871254 20.254440002143383 0.6000000000000001
      vertex 2.295634999871254 20.254440002143383 0
    endloop
  endfacet
  facet normal 0.05679041316950521 0.9983861221852178 0
    outer loop
      vertex 2.295634999871254 20.254440002143383 0.6000000000000001
      vertex 2.489368751645088 20.243419997394085 0.6000000000000001
      vertex 2.489368751645088 20.243419997394085 0
    endloop
  endfacet
  facet normal 0.18222026294830462 0.9832577361867288 0
    outer loop
      vertex 2.489368751645088 20.243419997394085 0.6000000000000001
      vertex 2.6677599996328354 20.210359998047352 0.6000000000000001
      vertex 2.6677599996328354 20.210359998047352 0
    endloop
  endfacet
  facet normal 0.3201492170312672 0.9473671299101878 0
    outer loop
      vertex 2.6677599996328354 20.210359998047352 0.6000000000000001
      vertex 2.830808751285076 20.155259996652603 0.6000000000000001
      vertex 2.830808751285076 20.155259996652603 0
    endloop
  endfacet
  facet normal -0.19169991456584842 0.9814535866537175 0
    outer loop
      vertex 1.9343700036406517 20.209174998104572 0.6000000000000001
      vertex 2.108178749680519 20.24312374740839 0
      vertex 1.9343700036406517 20.209174998104572 0
    endloop
  endfacet
  facet normal -0.06025774761585191 0.9981828509107258 0
    outer loop
      vertex 2.108178749680519 20.24312374740839 0.6000000000000001
      vertex 2.295634999871254 20.254440002143383 0
      vertex 2.108178749680519 20.24312374740839 0
    endloop
  endfacet
  facet normal 0.05679041316950521 0.9983861221852178 0
    outer loop
      vertex 2.295634999871254 20.254440002143383 0.6000000000000001
      vertex 2.489368751645088 20.243419997394085 0
      vertex 2.295634999871254 20.254440002143383 0
    endloop
  endfacet
  facet normal 0.18222026294830462 0.9832577361867288 0
    outer loop
      vertex 2.489368751645088 20.243419997394085 0.6000000000000001
      vertex 2.6677599996328354 20.210359998047352 0
      vertex 2.489368751645088 20.243419997394085 0
    endloop
  endfacet
  facet normal 0.3201492170312672 0.9473671299101878 0
    outer loop
      vertex 2.6677599996328354 20.210359998047352 0.6000000000000001
      vertex 2.830808751285076 20.155259996652603 0
      vertex 2.6677599996328354 20.210359998047352 0
    endloop
  endfacet
  facet normal -0.2694467200328814 -0.9630152984576735 0
    outer loop
      vertex 2.913586251437664 20.89486874639988 0.6000000000000001
      vertex 2.913586251437664 20.89486874639988 0
      vertex 3.1012549996376038 20.842359997332096 0.6000000000000001
    endloop
  endfacet
  facet normal -0.3537383143623113 -0.9353444311867745 0
    outer loop
      vertex 3.1012549996376038 20.842359997332096 0.6000000000000001
      vertex 3.1012549996376038 20.842359997332096 0
      vertex 3.279766246676445 20.774848751723766 0.6000000000000001
    endloop
  endfacet
  facet normal -0.4380040646086903 -0.8989729914665213 0
    outer loop
      vertex 3.279766246676445 20.774848751723766 0.6000000000000001
      vertex 3.279766246676445 20.774848751723766 0
      vertex 3.4491200000047684 20.69233500212431 0.6000000000000001
    endloop
  endfacet
  facet normal -0.5209140768446336 -0.8536091169528962 0
    outer loop
      vertex 3.4491200000047684 20.69233500212431 0.6000000000000001
      vertex 3.4491200000047684 20.69233500212431 0
      vertex 3.607551246881485 20.595652498304844 0.6000000000000001
    endloop
  endfacet
  facet normal -0.6024587373665027 -0.7981500296127034 0
    outer loop
      vertex 3.607551246881485 20.595652498304844 0.6000000000000001
      vertex 3.607551246881485 20.595652498304844 0
      vertex 3.7532650008797646 20.485665000975132 0.6000000000000001
    endloop
  endfacet
  facet normal -0.6798467777432067 -0.7333541837285574 0
    outer loop
      vertex 3.7532650008797646 20.485665000975132 0.6000000000000001
      vertex 3.7532650008797646 20.485665000975132 0
      vertex 3.886261247098446 20.362372502684593 0.6000000000000001
    endloop
  endfacet
  facet normal -0.2694467200328814 -0.9630152984576735 0
    outer loop
      vertex 3.1012549996376038 20.842359997332096 0.6000000000000001
      vertex 2.913586251437664 20.89486874639988 0
      vertex 3.1012549996376038 20.842359997332096 0
    endloop
  endfacet
  facet normal -0.3537383143623113 -0.9353444311867745 0
    outer loop
      vertex 3.279766246676445 20.774848751723766 0.6000000000000001
      vertex 3.1012549996376038 20.842359997332096 0
      vertex 3.279766246676445 20.774848751723766 0
    endloop
  endfacet
  facet normal 0.4629238359398938 0.8863980607597775 0
    outer loop
      vertex 2.830808751285076 20.155259996652603 0.6000000000000001
      vertex 2.97851499915123 20.07812000066042 0
      vertex 2.830808751285076 20.155259996652603 0
    endloop
  endfacet
  facet normal -0.4380040646086903 -0.8989729914665213 0
    outer loop
      vertex 3.4491200000047684 20.69233500212431 0.6000000000000001
      vertex 3.279766246676445 20.774848751723766 0
      vertex 3.4491200000047684 20.69233500212431 0
    endloop
  endfacet
  facet normal -0.5209140768446336 -0.8536091169528962 0
    outer loop
      vertex 3.607551246881485 20.595652498304844 0.6000000000000001
      vertex 3.4491200000047684 20.69233500212431 0
      vertex 3.607551246881485 20.595652498304844 0
    endloop
  endfacet
  facet normal -0.6024587373665027 -0.7981500296127034 0
    outer loop
      vertex 3.7532650008797646 20.485665000975132 0.6000000000000001
      vertex 3.607551246881485 20.595652498304844 0
      vertex 3.7532650008797646 20.485665000975132 0
    endloop
  endfacet
  facet normal 0 0 -1
    outer loop
      vertex 3.110878750681877 19.97894000262022 0.6000000000000001
      vertex 3.7532650008797646 20.485665000975132 0.6000000000000001
      vertex 3.2278999984264374 19.857720002532005 0.6000000000000001
    endloop
  endfacet
  facet normal 0 0 -1
    outer loop
      vertex 3.886261247098446 20.362372502684593 0.6000000000000001
      vertex 3.3281375020742416 19.716241247951984 0.6000000000000001
      vertex 3.2278999984264374 19.857720002532005 0.6000000000000001
    endloop
  endfacet
  facet normal 0 0 -1
    outer loop
      vertex 3.886261247098446 20.362372502684593 0.6000000000000001
      vertex 4.00654000043869 20.225775003433228 0.6000000000000001
      vertex 3.3281375020742416 19.716241247951984 0.6000000000000001
    endloop
  endfacet
  facet normal 0 0 -1
    outer loop
      vertex 4.114101253449917 20.075872503221035 0.6000000000000001
      vertex 3.410149998962879 19.55628500133753 0.6000000000000001
      vertex 3.3281375020742416 19.716241247951984 0.6000000000000001
    endloop
  endfacet
  facet normal 0 0 -1
    outer loop
      vertex 3.410149998962879 19.55628500133753 0.6000000000000001
      vertex 4.290069997310638 19.738297499716282 0.6000000000000001
      vertex 3.4739374965429306 19.377851247787476 0.6000000000000001
    endloop
  endfacet
  facet normal 0 0 -1
    outer loop
      vertex 3.4739374965429306 19.377851247787476 0.6000000000000001
      vertex 4.356444999575615 19.55494499951601 0.6000000000000001
      vertex 3.5195000022649765 19.180940002202988 0.6000000000000001
    endloop
  endfacet
  facet normal 0.4629238359398938 0.8863980607597775 0
    outer loop
      vertex 2.830808751285076 20.155259996652603 0.6000000000000001
      vertex 2.97851499915123 20.07812000066042 0.6000000000000001
      vertex 2.97851499915123 20.07812000066042 0
    endloop
  endfacet
  facet normal 0.5996407959950351 0.8002692770426969 0
    outer loop
      vertex 2.97851499915123 20.07812000066042 0.6000000000000001
      vertex 3.110878750681877 19.97894000262022 0.6000000000000001
      vertex 3.110878750681877 19.97894000262022 0
    endloop
  endfacet
  facet normal 0.719457072903133 0.6945369106459758 0
    outer loop
      vertex 3.110878750681877 19.97894000262022 0.6000000000000001
      vertex 3.2278999984264374 19.857720002532005 0.6000000000000001
      vertex 3.2278999984264374 19.857720002532005 0
    endloop
  endfacet
  facet normal 0.8159608589282443 0.5781071498408246 0
    outer loop
      vertex 3.2278999984264374 19.857720002532005 0.6000000000000001
      vertex 3.3281375020742416 19.716241247951984 0.6000000000000001
      vertex 3.3281375020742416 19.716241247951984 0
    endloop
  endfacet
  facet normal 0.8898543863099699 0.4562446396012853 0
    outer loop
      vertex 3.3281375020742416 19.716241247951984 0.6000000000000001
      vertex 3.410149998962879 19.55628500133753 0.6000000000000001
      vertex 3.410149998962879 19.55628500133753 0
    endloop
  endfacet
  facet normal 0.9416396424536254 0.336622613262699 0
    outer loop
      vertex 3.410149998962879 19.55628500133753 0.6000000000000001
      vertex 3.4739374965429306 19.377851247787476 0.6000000000000001
      vertex 3.4739374965429306 19.377851247787476 0
    endloop
  endfacet
  facet normal 0.5996407959950351 0.8002692770426969 0
    outer loop
      vertex 2.97851499915123 20.07812000066042 0.6000000000000001
      vertex 3.110878750681877 19.97894000262022 0
      vertex 2.97851499915123 20.07812000066042 0
    endloop
  endfacet
  facet normal 0.719457072903133 0.6945369106459758 0
    outer loop
      vertex 3.110878750681877 19.97894000262022 0.6000000000000001
      vertex 3.2278999984264374 19.857720002532005 0
      vertex 3.110878750681877 19.97894000262022 0
    endloop
  endfacet
  facet normal 0.8159608589282443 0.5781071498408246 0
    outer loop
      vertex 3.2278999984264374 19.857720002532005 0.6000000000000001
      vertex 3.3281375020742416 19.716241247951984 0
      vertex 3.2278999984264374 19.857720002532005 0
    endloop
  endfacet
  facet normal 0.8898543863099699 0.4562446396012853 0
    outer loop
      vertex 3.3281375020742416 19.716241247951984 0.6000000000000001
      vertex 3.410149998962879 19.55628500133753 0
      vertex 3.3281375020742416 19.716241247951984 0
    endloop
  endfacet
  facet normal 0.9416396424536254 0.336622613262699 0
    outer loop
      vertex 3.410149998962879 19.55628500133753 0.6000000000000001
      vertex 3.4739374965429306 19.377851247787476 0
      vertex 3.410149998962879 19.55628500133753 0
    endloop
  endfacet
  facet normal 0.9742593720270033 0.22542998029887062 0
    outer loop
      vertex 3.4739374965429306 19.377851247787476 0.6000000000000001
      vertex 3.5195000022649765 19.180940002202988 0.6000000000000001
      vertex 3.5195000022649765 19.180940002202988 0
    endloop
  endfacet
  facet normal 0.9920414711096184 0.12591155466701295 0
    outer loop
      vertex 3.5195000022649765 19.180940002202988 0.6000000000000001
      vertex 3.5468375012278557 18.965551249682903 0.6000000000000001
      vertex 3.5468375012278557 18.965551249682903 0
    endloop
  endfacet
  facet normal 0.9992417441585165 0.038935032182416375 0
    outer loop
      vertex 3.5468375012278557 18.965551249682903 0.6000000000000001
      vertex 3.5559500008821487 18.731684997677803 0.6000000000000001
      vertex 3.5559500008821487 18.731684997677803 0
    endloop
  endfacet
  facet normal 0.9991625997465213 -0.04091575818401906 0
    outer loop
      vertex 3.5559500008821487 18.731684997677803 0.6000000000000001
      vertex 3.546795003116131 18.508120000362396 0.6000000000000001
      vertex 3.546795003116131 18.508120000362396 0
    endloop
  endfacet
  facet normal 0.9742593720270033 0.22542998029887062 0
    outer loop
      vertex 3.4739374965429306 19.377851247787476 0.6000000000000001
      vertex 3.5195000022649765 19.180940002202988 0
      vertex 3.4739374965429306 19.377851247787476 0
    endloop
  endfacet
  facet normal 0.9920414711096184 0.12591155466701295 0
    outer loop
      vertex 3.5195000022649765 19.180940002202988 0.6000000000000001
      vertex 3.5468375012278557 18.965551249682903 0
      vertex 3.5195000022649765 19.180940002202988 0
    endloop
  endfacet
  facet normal 0.9992417441585165 0.038935032182416375 0
    outer loop
      vertex 3.5468375012278557 18.965551249682903 0.6000000000000001
      vertex 3.5559500008821487 18.731684997677803 0
      vertex 3.5468375012278557 18.965551249682903 0
    endloop
  endfacet
  facet normal 0.9991625997465213 -0.04091575818401906 0
    outer loop
      vertex 3.5559500008821487 18.731684997677803 0.6000000000000001
      vertex 3.546795003116131 18.508120000362396 0
      vertex 3.5559500008821487 18.731684997677803 0
    endloop
  endfacet
  facet normal -0.7505146919450453 -0.6608537638348092 0
    outer loop
      vertex 3.886261247098446 20.362372502684593 0.6000000000000001
      vertex 3.886261247098446 20.362372502684593 0
      vertex 4.00654000043869 20.225775003433228 0.6000000000000001
    endloop
  endfacet
  facet normal -0.8124804788838702 -0.5829883973396358 0
    outer loop
      vertex 4.00654000043869 20.225775003433228 0.6000000000000001
      vertex 4.00654000043869 20.225775003433228 0
      vertex 4.114101253449917 20.075872503221035 0.6000000000000001
    endloop
  endfacet
  facet normal -0.6798467777432067 -0.7333541837285574 0
    outer loop
      vertex 3.886261247098446 20.362372502684593 0.6000000000000001
      vertex 3.7532650008797646 20.485665000975132 0
      vertex 3.886261247098446 20.362372502684593 0
    endloop
  endfacet
  facet normal -0.7505146919450453 -0.6608537638348092 0
    outer loop
      vertex 4.00654000043869 20.225775003433228 0.6000000000000001
      vertex 3.886261247098446 20.362372502684593 0
      vertex 4.00654000043869 20.225775003433228 0
    endloop
  endfacet
  facet normal -0.8124804788838702 -0.5829883973396358 0
    outer loop
      vertex 4.114101253449917 20.075872503221035 0.6000000000000001
      vertex 4.00654000043869 20.225775003433228 0
      vertex 4.114101253449917 20.075872503221035 0
    endloop
  endfacet
  facet normal 0 -1 0
    outer loop
      vertex 5.155249997973442 20.901359997689724 0.6000000000000001
      vertex 5.155249997973442 20.901359997689724 0
      vertex 5.954764999449253 20.901359997689724 0.6000000000000001
    endloop
  endfacet
  facet normal 0 -1 0
    outer loop
      vertex 5.954764999449253 20.901359997689724 0.6000000000000001
      vertex 5.155249997973442 20.901359997689724 0
      vertex 5.954764999449253 20.901359997689724 0
    endloop
  endfacet
  facet normal 0 0 -1
    outer loop
      vertex 4.00654000043869 20.225775003433228 0.6000000000000001
      vertex 4.114101253449917 20.075872503221035 0.6000000000000001
      vertex 3.3281375020742416 19.716241247951984 0.6000000000000001
    endloop
  endfacet
  facet normal 0 0 -1
    outer loop
      vertex 4.114101253449917 20.075872503221035 0.6000000000000001
      vertex 4.208944998681545 19.912665002048016 0.6000000000000001
      vertex 3.410149998962879 19.55628500133753 0.6000000000000001
    endloop
  endfacet
  facet normal 0 0 -1
    outer loop
      vertex 3.410149998962879 19.55628500133753 0.6000000000000001
      vertex 4.208944998681545 19.912665002048016 0.6000000000000001
      vertex 4.290069997310638 19.738297499716282 0.6000000000000001
    endloop
  endfacet
  facet normal 0 0 -1
    outer loop
      vertex 3.4739374965429306 19.377851247787476 0.6000000000000001
      vertex 4.290069997310638 19.738297499716282 0.6000000000000001
      vertex 4.356444999575615 19.55494499951601 0.6000000000000001
    endloop
  endfacet
  facet normal 0 0 -1
    outer loop
      vertex 3.5195000022649765 19.180940002202988 0.6000000000000001
      vertex 4.356444999575615 19.55494499951601 0.6000000000000001
      vertex 4.408069998025894 19.3626075014472 0.6000000000000001
    endloop
  endfacet
  facet normal 0 0 -1
    outer loop
      vertex 3.5195000022649765 19.180940002202988 0.6000000000000001
      vertex 4.444945000112057 19.161284998059273 0.6000000000000001
      vertex 3.5468375012278557 18.965551249682903 0.6000000000000001
    endloop
  endfacet
  facet normal 0 0 -1
    outer loop
      vertex 3.5195000022649765 19.180940002202988 0.6000000000000001
      vertex 4.408069998025894 19.3626075014472 0.6000000000000001
      vertex 4.444945000112057 19.161284998059273 0.6000000000000001
    endloop
  endfacet
  facet normal 0 0 -1
    outer loop
      vertex 4.444945000112057 19.161284998059273 0.6000000000000001
      vertex 4.467069998383522 18.950977496802807 0.6000000000000001
      vertex 3.5468375012278557 18.965551249682903 0.6000000000000001
    endloop
  endfacet
  facet normal 0 0 -1
    outer loop
      vertex 3.5468375012278557 18.965551249682903 0.6000000000000001
      vertex 4.467069998383522 18.950977496802807 0.6000000000000001
      vertex 3.5559500008821487 18.731684997677803 0.6000000000000001
    endloop
  endfacet
  facet normal 0 0 -1
    outer loop
      vertex 3.5559500008821487 18.731684997677803 0.6000000000000001
      vertex 4.474445000290871 18.731684997677803 0.6000000000000001
      vertex 3.546795003116131 18.508120000362396 0.6000000000000001
    endloop
  endfacet
  facet normal 0 0 -1
    outer loop
      vertex 3.5559500008821487 18.731684997677803 0.6000000000000001
      vertex 4.467069998383522 18.950977496802807 0.6000000000000001
      vertex 4.474445000290871 18.731684997677803 0.6000000000000001
    endloop
  endfacet
  facet normal 0 0 -1
    outer loop
      vertex 5.155249997973442 20.901359997689724 0.6000000000000001
      vertex 5.954764999449253 20.901359997689724 0.6000000000000001
      vertex 5.954764999449253 18.365520000457764 0.6000000000000001
    endloop
  endfacet
  facet normal 0 0 -1
    outer loop
      vertex 5.155249997973442 20.901359997689724 0.6000000000000001
      vertex 5.954764999449253 18.365520000457764 0.6000000000000001
      vertex 5.155249997973442 16.601700000464916 0.6000000000000001
    endloop
  endfacet
  facet normal -0.8646092283327728 -0.502444904722704 0
    outer loop
      vertex 4.114101253449917 20.075872503221035 0.6000000000000001
      vertex 4.114101253449917 20.075872503221035 0
      vertex 4.208944998681545 19.912665002048016 0.6000000000000001
    endloop
  endfacet
  facet normal -0.9066737141515253 -0.42183263987827957 0
    outer loop
      vertex 4.208944998681545 19.912665002048016 0.6000000000000001
      vertex 4.208944998681545 19.912665002048016 0
      vertex 4.290069997310638 19.738297499716282 0.6000000000000001
    endloop
  endfacet
  facet normal -0.9402843128737459 -0.34039008646484936 0
    outer loop
      vertex 4.290069997310638 19.738297499716282 0.6000000000000001
      vertex 4.290069997310638 19.738297499716282 0
      vertex 4.356444999575615 19.55494499951601 0.6000000000000001
    endloop
  endfacet
  facet normal -0.9658148623751859 -0.25923281353872 0
    outer loop
      vertex 4.356444999575615 19.55494499951601 0.6000000000000001
      vertex 4.356444999575615 19.55494499951601 0
      vertex 4.408069998025894 19.3626075014472 0.6000000000000001
    endloop
  endfacet
  facet normal -0.8646092283327728 -0.502444904722704 0
    outer loop
      vertex 4.208944998681545 19.912665002048016 0.6000000000000001
      vertex 4.114101253449917 20.075872503221035 0
      vertex 4.208944998681545 19.912665002048016 0
    endloop
  endfacet
  facet normal -0.9066737141515253 -0.42183263987827957 0
    outer loop
      vertex 4.290069997310638 19.738297499716282 0.6000000000000001
      vertex 4.208944998681545 19.912665002048016 0
      vertex 4.290069997310638 19.738297499716282 0
    endloop
  endfacet
  facet normal -0.9402843128737459 -0.34039008646484936 0
    outer loop
      vertex 4.356444999575615 19.55494499951601 0.6000000000000001
      vertex 4.290069997310638 19.738297499716282 0
      vertex 4.356444999575615 19.55494499951601 0
    endloop
  endfacet
  facet normal -0.9658148623751859 -0.25923281353872 0
    outer loop
      vertex 4.408069998025894 19.3626075014472 0.6000000000000001
      vertex 4.356444999575615 19.55494499951601 0
      vertex 4.408069998025894 19.3626075014472 0
    endloop
  endfacet
  facet normal -0.9836361161325134 -0.1801665647109485 0
    outer loop
      vertex 4.408069998025894 19.3626075014472 0.6000000000000001
      vertex 4.408069998025894 19.3626075014472 0
      vertex 4.444945000112057 19.161284998059273 0.6000000000000001
    endloop
  endfacet
  facet normal -0.9945116708378975 -0.1046256974515028 0
    outer loop
      vertex 4.444945000112057 19.161284998059273 0.6000000000000001
      vertex 4.444945000112057 19.161284998059273 0
      vertex 4.467069998383522 18.950977496802807 0.6000000000000001
    endloop
  endfacet
  facet normal -0.9994349608850714 -0.03361188719271558 0
    outer loop
      vertex 4.467069998383522 18.950977496802807 0.6000000000000001
      vertex 4.467069998383522 18.950977496802807 0
      vertex 4.474445000290871 18.731684997677803 0.6000000000000001
    endloop
  endfacet
  facet normal -0.9988200535812741 0.04856439605205383 0
    outer loop
      vertex 4.474445000290871 18.731684997677803 0.6000000000000001
      vertex 4.474445000290871 18.731684997677803 0
      vertex 4.458466246724129 18.403051249682903 0.6000000000000001
    endloop
  endfacet
  facet normal -0.9836361161325134 -0.1801665647109485 0
    outer loop
      vertex 4.444945000112057 19.161284998059273 0.6000000000000001
      vertex 4.408069998025894 19.3626075014472 0
      vertex 4.444945000112057 19.161284998059273 0
    endloop
  endfacet
  facet normal -0.9945116708378975 -0.1046256974515028 0
    outer loop
      vertex 4.467069998383522 18.950977496802807 0.6000000000000001
      vertex 4.444945000112057 19.161284998059273 0
      vertex 4.467069998383522 18.950977496802807 0
    endloop
  endfacet
  facet normal -0.9994349608850714 -0.03361188719271558 0
    outer loop
      vertex 4.474445000290871 18.731684997677803 0.6000000000000001
      vertex 4.467069998383522 18.950977496802807 0
      vertex 4.474445000290871 18.731684997677803 0
    endloop
  endfacet
  facet normal 1 0 0
    outer loop
      vertex 5.155249997973442 20.901359997689724 0.6000000000000001
      vertex 5.155249997973442 16.601700000464916 0
      vertex 5.155249997973442 20.901359997689724 0
    endloop
  endfacet
  facet normal 0 0 -1
    outer loop
      vertex 5.899865001440048 17.590395003557205 0.6000000000000001
      vertex 7.773484997451305 20.901359997689724 0.6000000000000001
      vertex 8.08474999666214 19.940114997327328 0.6000000000000001
    endloop
  endfacet
  facet normal -1 0 0
    outer loop
      vertex 5.954764999449253 20.901359997689724 0.6000000000000001
      vertex 5.954764999449253 20.901359997689724 0
      vertex 5.954764999449253 18.365520000457764 0.6000000000000001
    endloop
  endfacet
  facet normal -1 0 0
    outer loop
      vertex 5.954764999449253 18.365520000457764 0.6000000000000001
      vertex 5.954764999449253 20.901359997689724 0
      vertex 5.954764999449253 18.365520000457764 0
    endloop
  endfacet
  facet normal 0.8703144455568793 -0.492496462784274 0
    outer loop
      vertex 5.899865001440048 17.590395003557205 0.6000000000000001
      vertex 5.899865001440048 17.590395003557205 0
      vertex 7.773484997451305 20.901359997689724 0
    endloop
  endfacet
  facet normal 0.8703144455568793 -0.492496462784274 -7.295781878043404e-17
    outer loop
      vertex 5.899865001440048 17.590395003557205 0.6000000000000001
      vertex 7.773484997451305 20.901359997689724 0
      vertex 7.773484997451305 20.901359997689724 0.6000000000000001
    endloop
  endfacet
  facet normal -0.8689767062037592 0.49485299238790637 0
    outer loop
      vertex 8.08474999666214 19.940114997327328 0.6000000000000001
      vertex 8.08474999666214 19.940114997327328 0
      vertex 6.183634996414185 16.601700000464916 0
    endloop
  endfacet
  facet normal 0 0 -1
    outer loop
      vertex 0.13208000361919403 18.731684997677803 0.6000000000000001
      vertex 1.047578752040863 18.506334997713566 0.6000000000000001
      vertex 0.14801625162363052 18.399494998157024 0.6000000000000001
    endloop
  endfacet
  facet normal 0 0 -1
    outer loop
      vertex 0.14801625162363052 18.399494998157024 0.6000000000000001
      vertex 1.0750399976968765 18.298194997012615 0.6000000000000001
      vertex 0.1958250030875206 18.09256500005722 0.6000000000000001
    endloop
  endfacet
  facet normal 0 0 -1
    outer loop
      vertex 0.14801625162363052 18.399494998157024 0.6000000000000001
      vertex 1.047578752040863 18.506334997713566 0.6000000000000001
      vertex 1.0750399976968765 18.298194997012615 0.6000000000000001
    endloop
  endfacet
  facet normal 0 0 -1
    outer loop
      vertex 0.1958250030875206 18.09256500005722 0.6000000000000001
      vertex 1.1208087503910065 18.10726500302553 0.6000000000000001
      vertex 0.27550625056028366 17.81089500337839 0.6000000000000001
    endloop
  endfacet
  facet normal 0 0 -1
    outer loop
      vertex 0.1958250030875206 18.09256500005722 0.6000000000000001
      vertex 1.0750399976968765 18.298194997012615 0.6000000000000001
      vertex 1.1208087503910065 18.10726500302553 0.6000000000000001
    endloop
  endfacet
  facet normal 0 0 -1
    outer loop
      vertex 0.27550625056028366 17.81089500337839 0.6000000000000001
      vertex 1.1208087503910065 18.10726500302553 0.6000000000000001
      vertex 1.1848850026726723 17.933545000851154 0.6000000000000001
    endloop
  endfacet
  facet normal 0 0 -1
    outer loop
      vertex 0.27550625056028366 17.81089500337839 0.6000000000000001
      vertex 1.1848850026726723 17.933545000851154 0.6000000000000001
      vertex 0.3870600014925003 17.554485000669956 0.6000000000000001
    endloop
  endfacet
  facet normal 0 0 -1
    outer loop
      vertex 0.3870600014925003 17.554485000669956 0.6000000000000001
      vertex 1.1848850026726723 17.933545000851154 0.6000000000000001
      vertex 1.2672687470912933 17.777034997940063 0.6000000000000001
    endloop
  endfacet
  facet normal 0 0 -1
    outer loop
      vertex 0.3870600014925003 17.554485000669956 0.6000000000000001
      vertex 1.2672687470912933 17.777034997940063 0.6000000000000001
      vertex 0.5304862484335899 17.323334999382496 0.6000000000000001
    endloop
  endfacet
  facet normal 0 0 -1
    outer loop
      vertex 0.5304862484335899 17.323334999382496 0.6000000000000001
      vertex 1.2672687470912933 17.777034997940063 0.6000000000000001
      vertex 0.7057849988341331 17.11744499951601 0.6000000000000001
    endloop
  endfacet
  facet normal 0 0 -1
    outer loop
      vertex 0.7057849988341331 17.11744499951601 0.6000000000000001
      vertex 1.2672687470912933 17.777034997940063 0.6000000000000001
      vertex 1.3679599985480309 17.63773500174284 0.6000000000000001
    endloop
  endfacet
  facet normal 0 0 -1
    outer loop
      vertex 0.7057849988341331 17.11744499951601 0.6000000000000001
      vertex 1.3679599985480309 17.63773500174284 0.6000000000000001
      vertex 0.9094799980521202 16.940276250243187 0.6000000000000001
    endloop
  endfacet
  facet normal 0 0 -1
    outer loop
      vertex 0.9094799980521202 16.940276250243187 0.6000000000000001
      vertex 1.4854487478733063 17.51791749894619 0.6000000000000001
      vertex 1.138094998896122 16.795319996774197 0.6000000000000001
    endloop
  endfacet
  facet normal 0 0 -1
    outer loop
      vertex 0.9094799980521202 16.940276250243187 0.6000000000000001
      vertex 1.3679599985480309 17.63773500174284 0.6000000000000001
      vertex 1.4854487478733063 17.51791749894619 0.6000000000000001
    endloop
  endfacet
  facet normal 0 0 -1
    outer loop
      vertex 1.4854487478733063 17.51791749894619 0.6000000000000001
      vertex 1.6181949973106384 17.419885002076626 0.6000000000000001
      vertex 1.138094998896122 16.795319996774197 0.6000000000000001
    endloop
  endfacet
  facet normal 0 0 -1
    outer loop
      vertex 1.6181949973106384 17.419885002076626 0.6000000000000001
      vertex 1.7661987468600273 17.343637503683567 0.6000000000000001
      vertex 1.3916300013661385 16.68257624655962 0.6000000000000001
    endloop
  endfacet
  facet normal 0 0 -1
    outer loop
      vertex 1.7661987468600273 17.343637503683567 0.6000000000000001
      vertex 1.929459996521473 17.289174996316433 0.6000000000000001
      vertex 1.670084998011589 16.602044999599457 0.6000000000000001
    endloop
  endfacet
  facet normal 0.9988512640321077 0.047918183828905024 0
    outer loop
      vertex 0.13208000361919403 18.731684997677803 0.6000000000000001
      vertex 0.14801625162363052 18.399494998157024 0.6000000000000001
      vertex 0.14801625162363052 18.399494998157024 0
    endloop
  endfacet
  facet normal 0.988085114567763 0.15390843501774262 0
    outer loop
      vertex 0.14801625162363052 18.399494998157024 0.6000000000000001
      vertex 0.1958250030875206 18.09256500005722 0.6000000000000001
      vertex 0.1958250030875206 18.09256500005722 0
    endloop
  endfacet
  facet normal 0.9622388693089529 0.27220646280172733 0
    outer loop
      vertex 0.1958250030875206 18.09256500005722 0.6000000000000001
      vertex 0.27550625056028366 17.81089500337839 0.6000000000000001
      vertex 0.27550625056028366 17.81089500337839 0
    endloop
  endfacet
  facet normal 0.988085114567763 0.15390843501774262 0
    outer loop
      vertex 0.14801625162363052 18.399494998157024 0.6000000000000001
      vertex 0.1958250030875206 18.09256500005722 0
      vertex 0.14801625162363052 18.399494998157024 0
    endloop
  endfacet
  facet normal 0.9622388693089529 0.27220646280172733 0
    outer loop
      vertex 0.1958250030875206 18.09256500005722 0.6000000000000001
      vertex 0.27550625056028366 17.81089500337839 0
      vertex 0.1958250030875206 18.09256500005722 0
    endloop
  endfacet
  facet normal 0.9169770017257205 0.39894006856432485 0
    outer loop
      vertex 0.27550625056028366 17.81089500337839 0.6000000000000001
      vertex 0.3870600014925003 17.554485000669956 0.6000000000000001
      vertex 0.3870600014925003 17.554485000669956 0
    endloop
  endfacet
  facet normal 0.8497162009102507 0.5272403416949907 0
    outer loop
      vertex 0.3870600014925003 17.554485000669956 0.6000000000000001
      vertex 0.5304862484335899 17.323334999382496 0.6000000000000001
      vertex 0.5304862484335899 17.323334999382496 0
    endloop
  endfacet
  facet normal 0.7614057295935223 0.6482756473462165 0
    outer loop
      vertex 0.5304862484335899 17.323334999382496 0.6000000000000001
      vertex 0.7057849988341331 17.11744499951601 0.6000000000000001
      vertex 0.7057849988341331 17.11744499951601 0
    endloop
  endfacet
  facet normal 0.9169770017257205 0.39894006856432485 0
    outer loop
      vertex 0.27550625056028366 17.81089500337839 0.6000000000000001
      vertex 0.3870600014925003 17.554485000669956 0
      vertex 0.27550625056028366 17.81089500337839 0
    endloop
  endfacet
  facet normal 0.8497162009102507 0.5272403416949907 0
    outer loop
      vertex 0.3870600014925003 17.554485000669956 0.6000000000000001
      vertex 0.5304862484335899 17.323334999382496 0
      vertex 0.3870600014925003 17.554485000669956 0
    endloop
  endfacet
  facet normal 0.7614057295935223 0.6482756473462165 0
    outer loop
      vertex 0.5304862484335899 17.323334999382496 0.6000000000000001
      vertex 0.7057849988341331 17.11744499951601 0
      vertex 0.5304862484335899 17.323334999382496 0
    endloop
  endfacet
  facet normal 0.6562686985249203 0.7545272661318525 0
    outer loop
      vertex 0.7057849988341331 17.11744499951601 0.6000000000000001
      vertex 0.9094799980521202 16.940276250243187 0
      vertex 0.7057849988341331 17.11744499951601 0
    endloop
  endfacet
  facet normal -0.9914083967296596 -0.13080287035813065 0
    outer loop
      vertex 1.047578752040863 18.506334997713566 0.6000000000000001
      vertex 1.047578752040863 18.506334997713566 0
      vertex 1.0750399976968765 18.298194997012615 0.6000000000000001
    endloop
  endfacet
  facet normal -0.9724501952036524 -0.23311074159801914 0
    outer loop
      vertex 1.0750399976968765 18.298194997012615 0.6000000000000001
      vertex 1.0750399976968765 18.298194997012615 0
      vertex 1.1208087503910065 18.10726500302553 0.6000000000000001
    endloop
  endfacet
  facet normal -0.938213150777007 -0.3460579195872871 0
    outer loop
      vertex 1.1208087503910065 18.10726500302553 0.6000000000000001
      vertex 1.1208087503910065 18.10726500302553 0
      vertex 1.1848850026726723 17.933545000851154 0.6000000000000001
    endloop
  endfacet
  facet normal -0.8848947820482811 -0.46579096674766574 0
    outer loop
      vertex 1.1848850026726723 17.933545000851154 0.6000000000000001
      vertex 1.1848850026726723 17.933545000851154 0
      vertex 1.2672687470912933 17.777034997940063 0.6000000000000001
    endloop
  endfacet
  facet normal -0.9914083967296596 -0.13080287035813065 0
    outer loop
      vertex 1.0750399976968765 18.298194997012615 0.6000000000000001
      vertex 1.047578752040863 18.506334997713566 0
      vertex 1.0750399976968765 18.298194997012615 0
    endloop
  endfacet
  facet normal -0.9724501952036524 -0.23311074159801914 0
    outer loop
      vertex 1.1208087503910065 18.10726500302553 0.6000000000000001
      vertex 1.0750399976968765 18.298194997012615 0
      vertex 1.1208087503910065 18.10726500302553 0
    endloop
  endfacet
  facet normal -0.938213150777007 -0.3460579195872871 0
    outer loop
      vertex 1.1848850026726723 17.933545000851154 0.6000000000000001
      vertex 1.1208087503910065 18.10726500302553 0
      vertex 1.1848850026726723 17.933545000851154 0
    endloop
  endfacet
  facet normal -0.8848947820482811 -0.46579096674766574 0
    outer loop
      vertex 1.2672687470912933 17.777034997940063 0.6000000000000001
      vertex 1.1848850026726723 17.933545000851154 0
      vertex 1.2672687470912933 17.777034997940063 0
    endloop
  endfacet
  facet normal -0.8104425080874208 -0.58581818091023 0
    outer loop
      vertex 1.2672687470912933 17.777034997940063 0.6000000000000001
      vertex 1.2672687470912933 17.777034997940063 0
      vertex 1.3679599985480309 17.63773500174284 0.6000000000000001
    endloop
  endfacet
  facet normal -0.7140114413133399 -0.7001340312209136 0
    outer loop
      vertex 1.3679599985480309 17.63773500174284 0.6000000000000001
      vertex 1.3679599985480309 17.63773500174284 0
      vertex 1.4854487478733063 17.51791749894619 0.6000000000000001
    endloop
  endfacet
  facet normal -0.5940606634051593 -0.8044202435261197 0
    outer loop
      vertex 1.4854487478733063 17.51791749894619 0.6000000000000001
      vertex 1.4854487478733063 17.51791749894619 0
      vertex 1.6181949973106384 17.419885002076626 0.6000000000000001
    endloop
  endfacet
  facet normal -0.45797150641211426 -0.8889668718881591 0
    outer loop
      vertex 1.6181949973106384 17.419885002076626 0.6000000000000001
      vertex 1.6181949973106384 17.419885002076626 0
      vertex 1.7661987468600273 17.343637503683567 0.6000000000000001
    endloop
  endfacet
  facet normal -0.31644786476427456 -0.9486099034303466 0
    outer loop
      vertex 1.7661987468600273 17.343637503683567 0.6000000000000001
      vertex 1.7661987468600273 17.343637503683567 0
      vertex 1.929459996521473 17.289174996316433 0.6000000000000001
    endloop
  endfacet
  facet normal -0.8104425080874208 -0.58581818091023 0
    outer loop
      vertex 1.3679599985480309 17.63773500174284 0.6000000000000001
      vertex 1.2672687470912933 17.777034997940063 0
      vertex 1.3679599985480309 17.63773500174284 0
    endloop
  endfacet
  facet normal -0.7140114413133399 -0.7001340312209136 0
    outer loop
      vertex 1.4854487478733063 17.51791749894619 0.6000000000000001
      vertex 1.3679599985480309 17.63773500174284 0
      vertex 1.4854487478733063 17.51791749894619 0
    endloop
  endfacet
  facet normal -0.5940606634051593 -0.8044202435261197 0
    outer loop
      vertex 1.6181949973106384 17.419885002076626 0.6000000000000001
      vertex 1.4854487478733063 17.51791749894619 0
      vertex 1.6181949973106384 17.419885002076626 0
    endloop
  endfacet
  facet normal -0.45797150641211426 -0.8889668718881591 0
    outer loop
      vertex 1.7661987468600273 17.343637503683567 0.6000000000000001
      vertex 1.6181949973106384 17.419885002076626 0
      vertex 1.7661987468600273 17.343637503683567 0
    endloop
  endfacet
  facet normal -0.31644786476427456 -0.9486099034303466 0
    outer loop
      vertex 1.929459996521473 17.289174996316433 0.6000000000000001
      vertex 1.7661987468600273 17.343637503683567 0
      vertex 1.929459996521473 17.289174996316433 0
    endloop
  endfacet
  facet normal 0 0 -1
    outer loop
      vertex 1.6181949973106384 17.419885002076626 0.6000000000000001
      vertex 1.3916300013661385 16.68257624655962 0.6000000000000001
      vertex 1.138094998896122 16.795319996774197 0.6000000000000001
    endloop
  endfacet
  facet normal 0 0 -1
    outer loop
      vertex 1.7661987468600273 17.343637503683567 0.6000000000000001
      vertex 1.670084998011589 16.602044999599457 0.6000000000000001
      vertex 1.3916300013661385 16.68257624655962 0.6000000000000001
    endloop
  endfacet
  facet normal 0 0 -1
    outer loop
      vertex 1.929459996521473 17.289174996316433 0.6000000000000001
      vertex 1.9734599962830544 16.553726248443127 0.6000000000000001
      vertex 1.670084998011589 16.602044999599457 0.6000000000000001
    endloop
  endfacet
  facet normal 0.6562686985249203 0.7545272661318525 0
    outer loop
      vertex 0.7057849988341331 17.11744499951601 0.6000000000000001
      vertex 0.9094799980521202 16.940276250243187 0.6000000000000001
      vertex 0.9094799980521202 16.940276250243187 0
    endloop
  endfacet
  facet normal 0.5354916684401508 0.8445405100000732 0
    outer loop
      vertex 0.9094799980521202 16.940276250243187 0.6000000000000001
      vertex 1.138094998896122 16.795319996774197 0.6000000000000001
      vertex 1.138094998896122 16.795319996774197 0
    endloop
  endfacet
  facet normal 0.40632362227892066 0.9137292344990047 0
    outer loop
      vertex 1.138094998896122 16.795319996774197 0.6000000000000001
      vertex 1.3916300013661385 16.68257624655962 0.6000000000000001
      vertex 1.3916300013661385 16.68257624655962 0
    endloop
  endfacet
  facet normal 0.2778220488122211 0.9606325568050356 0
    outer loop
      vertex 1.3916300013661385 16.68257624655962 0.6000000000000001
      vertex 1.670084998011589 16.602044999599457 0.6000000000000001
      vertex 1.670084998011589 16.602044999599457 0
    endloop
  endfacet
  facet normal 0.15728822535422465 0.9875527399409708 0
    outer loop
      vertex 1.670084998011589 16.602044999599457 0.6000000000000001
      vertex 1.9734599962830544 16.553726248443127 0.6000000000000001
      vertex 1.9734599962830544 16.553726248443127 0
    endloop
  endfacet
  facet normal 0.5354916684401508 0.8445405100000732 0
    outer loop
      vertex 0.9094799980521202 16.940276250243187 0.6000000000000001
      vertex 1.138094998896122 16.795319996774197 0
      vertex 0.9094799980521202 16.940276250243187 0
    endloop
  endfacet
  facet normal 0.40632362227892066 0.9137292344990047 0
    outer loop
      vertex 1.138094998896122 16.795319996774197 0.6000000000000001
      vertex 1.3916300013661385 16.68257624655962 0
      vertex 1.138094998896122 16.795319996774197 0
    endloop
  endfacet
  facet normal 0.2778220488122211 0.9606325568050356 0
    outer loop
      vertex 1.3916300013661385 16.68257624655962 0.6000000000000001
      vertex 1.670084998011589 16.602044999599457 0
      vertex 1.3916300013661385 16.68257624655962 0
    endloop
  endfacet
  facet normal 0.15728822535422465 0.9875527399409708 0
    outer loop
      vertex 1.670084998011589 16.602044999599457 0.6000000000000001
      vertex 1.9734599962830544 16.553726248443127 0
      vertex 1.670084998011589 16.602044999599457 0
    endloop
  endfacet
  facet normal 0 0 -1
    outer loop
      vertex 1.929459996521473 17.289174996316433 0.6000000000000001
      vertex 2.1079787462949753 17.256497502326965 0.6000000000000001
      vertex 1.9734599962830544 16.553726248443127 0.6000000000000001
    endloop
  endfacet
  facet normal 0 0 -1
    outer loop
      vertex 2.4927262514829636 17.256582498550415 0.6000000000000001
      vertex 2.6689499989151955 17.289515003561974 0.6000000000000001
      vertex 2.6300912499427795 16.553894996643066 0.6000000000000001
    endloop
  endfacet
  facet normal 0 0 -1
    outer loop
      vertex 2.6689499989151955 17.289515003561974 0.6000000000000001
      vertex 2.8304262533783913 17.344402499496937 0.6000000000000001
      vertex 2.9335900023579597 16.602719999849796 0.6000000000000001
    endloop
  endfacet
  facet normal 0 0 -1
    outer loop
      vertex 3.4735549986362457 18.11108999699354 0.6000000000000001
      vertex 4.330636247992516 17.818511247634888 0.6000000000000001
      vertex 3.409469999372959 17.937624998390675 0.6000000000000001
    endloop
  endfacet
  facet normal 0 0 -1
    outer loop
      vertex 2.8304262533783913 17.344402499496937 0.6000000000000001
      vertex 2.9771549999713898 17.421245001256466 0.6000000000000001
      vertex 3.212251253426075 16.68409500271082 0.6000000000000001
    endloop
  endfacet
  facet normal 0 0 -1
    outer loop
      vertex 3.109136253595352 17.52004250138998 0.6000000000000001
      vertex 3.4660750031471252 16.798019997775555 0.6000000000000001
      vertex 2.9771549999713898 17.421245001256466 0.6000000000000001
    endloop
  endfacet
  facet normal 0 0 -1
    outer loop
      vertex 3.327074997127056 17.780859999358654 0.6000000000000001
      vertex 3.899209998548031 17.123520001769066 0.6000000000000001
      vertex 3.2263699993491173 17.64079499989748 0.6000000000000001
    endloop
  endfacet
  facet normal 0 0 -1
    outer loop
      vertex 3.327074997127056 17.780859999358654 0.6000000000000001
      vertex 3.409469999372959 17.937624998390675 0.6000000000000001
      vertex 4.074976250529289 17.330941252410412 0.6000000000000001
    endloop
  endfacet
  facet normal 0 0 -1
    outer loop
      vertex 3.327074997127056 17.780859999358654 0.6000000000000001
      vertex 4.074976250529289 17.330941252410412 0.6000000000000001
      vertex 3.899209998548031 17.123520001769066 0.6000000000000001
    endloop
  endfacet
  facet normal 0 0 -1
    outer loop
      vertex 3.109136253595352 17.52004250138998 0.6000000000000001
      vertex 3.2263699993491173 17.64079499989748 0.6000000000000001
      vertex 3.6950612515211105 16.944494999945164 0.6000000000000001
    endloop
  endfacet
  facet normal 0 0 -1
    outer loop
      vertex 3.109136253595352 17.52004250138998 0.6000000000000001
      vertex 3.6950612515211105 16.944494999945164 0.6000000000000001
      vertex 3.4660750031471252 16.798019997775555 0.6000000000000001
    endloop
  endfacet
  facet normal 0 0 -1
    outer loop
      vertex 3.2263699993491173 17.64079499989748 0.6000000000000001
      vertex 3.899209998548031 17.123520001769066 0.6000000000000001
      vertex 3.6950612515211105 16.944494999945164 0.6000000000000001
    endloop
  endfacet
  facet normal -0.18005628628959014 -0.9836563087621616 0
    outer loop
      vertex 1.929459996521473 17.289174996316433 0.6000000000000001
      vertex 1.929459996521473 17.289174996316433 0
      vertex 2.1079787462949753 17.256497502326965 0.6000000000000001
    endloop
  endfacet
  facet normal -0.056123154272626145 -0.9984238536586008 0
    outer loop
      vertex 2.1079787462949753 17.256497502326965 0.6000000000000001
      vertex 2.1079787462949753 17.256497502326965 0
      vertex 2.301755003631115 17.245604999363422 0.6000000000000001
    endloop
  endfacet
  facet normal 0.05738773776594801 -0.9983519657686395 0
    outer loop
      vertex 2.301755003631115 17.245604999363422 0.6000000000000001
      vertex 2.301755003631115 17.245604999363422 0
      vertex 2.4927262514829636 17.256582498550415 0.6000000000000001
    endloop
  endfacet
  facet normal 0.18369873298956435 -0.982982591655635 0
    outer loop
      vertex 2.4927262514829636 17.256582498550415 0.6000000000000001
      vertex 2.4927262514829636 17.256582498550415 0
      vertex 2.6689499989151955 17.289515003561974 0.6000000000000001
    endloop
  endfacet
  facet normal 0.32182688767580514 -0.946798528922022 0
    outer loop
      vertex 2.6689499989151955 17.289515003561974 0.6000000000000001
      vertex 2.6689499989151955 17.289515003561974 0
      vertex 2.8304262533783913 17.344402499496937 0.6000000000000001
    endloop
  endfacet
  facet normal -0.18005628628959014 -0.9836563087621616 0
    outer loop
      vertex 2.1079787462949753 17.256497502326965 0.6000000000000001
      vertex 1.929459996521473 17.289174996316433 0
      vertex 2.1079787462949753 17.256497502326965 0
    endloop
  endfacet
  facet normal -0.056123154272626145 -0.9984238536586008 0
    outer loop
      vertex 2.301755003631115 17.245604999363422 0.6000000000000001
      vertex 2.1079787462949753 17.256497502326965 0
      vertex 2.301755003631115 17.245604999363422 0
    endloop
  endfacet
  facet normal 0.05738773776594801 -0.9983519657686395 0
    outer loop
      vertex 2.4927262514829636 17.256582498550415 0.6000000000000001
      vertex 2.301755003631115 17.245604999363422 0
      vertex 2.4927262514829636 17.256582498550415 0
    endloop
  endfacet
  facet normal 0.18369873298956435 -0.982982591655635 0
    outer loop
      vertex 2.6689499989151955 17.289515003561974 0.6000000000000001
      vertex 2.4927262514829636 17.256582498550415 0
      vertex 2.6689499989151955 17.289515003561974 0
    endloop
  endfacet
  facet normal 0.32182688767580514 -0.946798528922022 0
    outer loop
      vertex 2.8304262533783913 17.344402499496937 0.6000000000000001
      vertex 2.6689499989151955 17.289515003561974 0
      vertex 2.8304262533783913 17.344402499496937 0
    endloop
  endfacet
  facet normal 0.9913011966914195 -0.13161283158628462 0
    outer loop
      vertex 3.546795003116131 18.508120000362396 0.6000000000000001
      vertex 3.5193300023674965 18.301255002617836 0.6000000000000001
      vertex 3.5193300023674965 18.301255002617836 0
    endloop
  endfacet
  facet normal 0.9380325267792023 -0.34654722434933016 0
    outer loop
      vertex 3.4735549986362457 18.11108999699354 0.6000000000000001
      vertex 3.409469999372959 17.937624998390675 0.6000000000000001
      vertex 3.409469999372959 17.937624998390675 0
    endloop
  endfacet
  facet normal 0.9722299895177686 -0.23402745027513214 0
    outer loop
      vertex 3.4735549986362457 18.11108999699354 0.6000000000000001
      vertex 3.4735549986362457 18.11108999699354 0
      vertex 3.5193300023674965 18.301255002617836 0.6000000000000001
    endloop
  endfacet
  facet normal 0.885180804931107 -0.46524718438859763 0
    outer loop
      vertex 3.327074997127056 17.780859999358654 0.6000000000000001
      vertex 3.327074997127056 17.780859999358654 0
      vertex 3.409469999372959 17.937624998390675 0.6000000000000001
    endloop
  endfacet
  facet normal 0.9913011966914195 -0.13161283158628462 0
    outer loop
      vertex 3.546795003116131 18.508120000362396 0.6000000000000001
      vertex 3.5193300023674965 18.301255002617836 0
      vertex 3.546795003116131 18.508120000362396 0
    endloop
  endfacet
  facet normal 0.9722299895177686 -0.23402745027513214 0
    outer loop
      vertex 3.5193300023674965 18.301255002617836 0.6000000000000001
      vertex 3.4735549986362457 18.11108999699354 0
      vertex 3.5193300023674965 18.301255002617836 0
    endloop
  endfacet
  facet normal 0.9380325267792023 -0.34654722434933016 0
    outer loop
      vertex 3.4735549986362457 18.11108999699354 0.6000000000000001
      vertex 3.409469999372959 17.937624998390675 0
      vertex 3.4735549986362457 18.11108999699354 0
    endloop
  endfacet
  facet normal 0.885180804931107 -0.46524718438859763 0
    outer loop
      vertex 3.409469999372959 17.937624998390675 0.6000000000000001
      vertex 3.327074997127056 17.780859999358654 0
      vertex 3.409469999372959 17.937624998390675 0
    endloop
  endfacet
  facet normal 0.599268225192504 -0.8005483085202455 0
    outer loop
      vertex 3.109136253595352 17.52004250138998 0.6000000000000001
      vertex 2.9771549999713898 17.421245001256466 0.6000000000000001
      vertex 2.9771549999713898 17.421245001256466 0
    endloop
  endfacet
  facet normal 0.8119239357910628 -0.5837632418108818 0
    outer loop
      vertex 3.327074997127056 17.780859999358654 0.6000000000000001
      vertex 3.2263699993491173 17.64079499989748 0.6000000000000001
      vertex 3.2263699993491173 17.64079499989748 0
    endloop
  endfacet
  facet normal 0.7174833088038427 -0.6965756969546739 0
    outer loop
      vertex 3.109136253595352 17.52004250138998 0.6000000000000001
      vertex 3.109136253595352 17.52004250138998 0
      vertex 3.2263699993491173 17.64079499989748 0.6000000000000001
    endloop
  endfacet
  facet normal 0.4639339721263637 -0.8858697813488472 0
    outer loop
      vertex 2.8304262533783913 17.344402499496937 0.6000000000000001
      vertex 2.8304262533783913 17.344402499496937 0
      vertex 2.9771549999713898 17.421245001256466 0.6000000000000001
    endloop
  endfacet
  facet normal 0.599268225192504 -0.8005483085202455 0
    outer loop
      vertex 3.109136253595352 17.52004250138998 0.6000000000000001
      vertex 2.9771549999713898 17.421245001256466 0
      vertex 3.109136253595352 17.52004250138998 0
    endloop
  endfacet
  facet normal 0.7174833088038427 -0.6965756969546739 0
    outer loop
      vertex 3.2263699993491173 17.64079499989748 0.6000000000000001
      vertex 3.109136253595352 17.52004250138998 0
      vertex 3.2263699993491173 17.64079499989748 0
    endloop
  endfacet
  facet normal 0.8119239357910628 -0.5837632418108818 0
    outer loop
      vertex 3.327074997127056 17.780859999358654 0.6000000000000001
      vertex 3.2263699993491173 17.64079499989748 0
      vertex 3.327074997127056 17.780859999358654 0
    endloop
  endfacet
  facet normal 0.4639339721263637 -0.8858697813488472 0
    outer loop
      vertex 2.9771549999713898 17.421245001256466 0.6000000000000001
      vertex 2.8304262533783913 17.344402499496937 0
      vertex 2.9771549999713898 17.421245001256466 0
    endloop
  endfacet
  facet normal 0 0 -1
    outer loop
      vertex 2.1079787462949753 17.256497502326965 0.6000000000000001
      vertex 2.301755003631115 16.53762000054121 0.6000000000000001
      vertex 1.9734599962830544 16.553726248443127 0.6000000000000001
    endloop
  endfacet
  facet normal 0 0 -1
    outer loop
      vertex 2.1079787462949753 17.256497502326965 0.6000000000000001
      vertex 2.301755003631115 17.245604999363422 0.6000000000000001
      vertex 2.301755003631115 16.53762000054121 0.6000000000000001
    endloop
  endfacet
  facet normal 0 0 -1
    outer loop
      vertex 2.301755003631115 17.245604999363422 0.6000000000000001
      vertex 2.4927262514829636 17.256582498550415 0.6000000000000001
      vertex 2.301755003631115 16.53762000054121 0.6000000000000001
    endloop
  endfacet
  facet normal 0 0 -1
    outer loop
      vertex 2.4927262514829636 17.256582498550415 0.6000000000000001
      vertex 2.6300912499427795 16.553894996643066 0.6000000000000001
      vertex 2.301755003631115 16.53762000054121 0.6000000000000001
    endloop
  endfacet
  facet normal 0 0 -1
    outer loop
      vertex 2.6689499989151955 17.289515003561974 0.6000000000000001
      vertex 2.9335900023579597 16.602719999849796 0.6000000000000001
      vertex 2.6300912499427795 16.553894996643066 0.6000000000000001
    endloop
  endfacet
  facet normal 0 0 -1
    outer loop
      vertex 2.8304262533783913 17.344402499496937 0.6000000000000001
      vertex 3.212251253426075 16.68409500271082 0.6000000000000001
      vertex 2.9335900023579597 16.602719999849796 0.6000000000000001
    endloop
  endfacet
  facet normal 0 0 -1
    outer loop
      vertex 2.9771549999713898 17.421245001256466 0.6000000000000001
      vertex 3.4660750031471252 16.798019997775555 0.6000000000000001
      vertex 3.212251253426075 16.68409500271082 0.6000000000000001
    endloop
  endfacet
  facet normal 0.0490013533612956 0.998798712138117 0
    outer loop
      vertex 1.9734599962830544 16.553726248443127 0.6000000000000001
      vertex 2.301755003631115 16.53762000054121 0.6000000000000001
      vertex 2.301755003631115 16.53762000054121 0
    endloop
  endfacet
  facet normal -0.049507294023255335 0.9987737620895409 0
    outer loop
      vertex 2.301755003631115 16.53762000054121 0.6000000000000001
      vertex 2.6300912499427795 16.553894996643066 0.6000000000000001
      vertex 2.6300912499427795 16.553894996643066 0
    endloop
  endfacet
  facet normal -0.15883163523414523 0.9873056829821488 0
    outer loop
      vertex 2.6300912499427795 16.553894996643066 0.6000000000000001
      vertex 2.9335900023579597 16.602719999849796 0.6000000000000001
      vertex 2.9335900023579597 16.602719999849796 0
    endloop
  endfacet
  facet normal 0.0490013533612956 0.998798712138117 0
    outer loop
      vertex 1.9734599962830544 16.553726248443127 0.6000000000000001
      vertex 2.301755003631115 16.53762000054121 0
      vertex 1.9734599962830544 16.553726248443127 0
    endloop
  endfacet
  facet normal -0.049507294023255335 0.9987737620895409 0
    outer loop
      vertex 2.301755003631115 16.53762000054121 0.6000000000000001
      vertex 2.6300912499427795 16.553894996643066 0
      vertex 2.301755003631115 16.53762000054121 0
    endloop
  endfacet
  facet normal -0.15883163523414523 0.9873056829821488 0
    outer loop
      vertex 2.6300912499427795 16.553894996643066 0.6000000000000001
      vertex 2.9335900023579597 16.602719999849796 0
      vertex 2.6300912499427795 16.553894996643066 0
    endloop
  endfacet
  facet normal -0.28031365507412953 0.9599084616665184 0
    outer loop
      vertex 2.9335900023579597 16.602719999849796 0.6000000000000001
      vertex 3.212251253426075 16.68409500271082 0.6000000000000001
      vertex 3.212251253426075 16.68409500271082 0
    endloop
  endfacet
  facet normal -0.40948065342213946 0.9123188008985552 0
    outer loop
      vertex 3.212251253426075 16.68409500271082 0.6000000000000001
      vertex 3.4660750031471252 16.798019997775555 0.6000000000000001
      vertex 3.4660750031471252 16.798019997775555 0
    endloop
  endfacet
  facet normal -0.5388548206628961 0.8423986480570574 0
    outer loop
      vertex 3.4660750031471252 16.798019997775555 0.6000000000000001
      vertex 3.6950612515211105 16.944494999945164 0.6000000000000001
      vertex 3.6950612515211105 16.944494999945164 0
    endloop
  endfacet
  facet normal -0.28031365507412953 0.9599084616665184 0
    outer loop
      vertex 2.9335900023579597 16.602719999849796 0.6000000000000001
      vertex 3.212251253426075 16.68409500271082 0
      vertex 2.9335900023579597 16.602719999849796 0
    endloop
  endfacet
  facet normal -0.40948065342213946 0.9123188008985552 0
    outer loop
      vertex 3.212251253426075 16.68409500271082 0.6000000000000001
      vertex 3.4660750031471252 16.798019997775555 0
      vertex 3.212251253426075 16.68409500271082 0
    endloop
  endfacet
  facet normal -0.5388548206628961 0.8423986480570574 0
    outer loop
      vertex 3.4660750031471252 16.798019997775555 0.6000000000000001
      vertex 3.6950612515211105 16.944494999945164 0
      vertex 3.4660750031471252 16.798019997775555 0
    endloop
  endfacet
  facet normal -0.6593278193009701 0.751855588990218 0
    outer loop
      vertex 3.6950612515211105 16.944494999945164 0.6000000000000001
      vertex 3.899209998548031 17.123520001769066 0
      vertex 3.6950612515211105 16.944494999945164 0
    endloop
  endfacet
  facet normal 0 0 -1
    outer loop
      vertex 3.546795003116131 18.508120000362396 0.6000000000000001
      vertex 4.458466246724129 18.403051249682903 0.6000000000000001
      vertex 3.5193300023674965 18.301255002617836 0.6000000000000001
    endloop
  endfacet
  facet normal 0 0 -1
    outer loop
      vertex 3.546795003116131 18.508120000362396 0.6000000000000001
      vertex 4.474445000290871 18.731684997677803 0.6000000000000001
      vertex 4.458466246724129 18.403051249682903 0.6000000000000001
    endloop
  endfacet
  facet normal 0 0 -1
    outer loop
      vertex 3.5193300023674965 18.301255002617836 0.6000000000000001
      vertex 4.458466246724129 18.403051249682903 0.6000000000000001
      vertex 4.410530000925064 18.098659999668598 0.6000000000000001
    endloop
  endfacet
  facet normal 0 0 -1
    outer loop
      vertex 3.4735549986362457 18.11108999699354 0.6000000000000001
      vertex 3.5193300023674965 18.301255002617836 0.6000000000000001
      vertex 4.410530000925064 18.098659999668598 0.6000000000000001
    endloop
  endfacet
  facet normal 0 0 -1
    outer loop
      vertex 3.4735549986362457 18.11108999699354 0.6000000000000001
      vertex 4.410530000925064 18.098659999668598 0.6000000000000001
      vertex 4.330636247992516 17.818511247634888 0.6000000000000001
    endloop
  endfacet
  facet normal 0 0 -1
    outer loop
      vertex 3.409469999372959 17.937624998390675 0.6000000000000001
      vertex 4.218785002827644 17.562605001032352 0.6000000000000001
      vertex 4.074976250529289 17.330941252410412 0.6000000000000001
    endloop
  endfacet
  facet normal 0 0 -1
    outer loop
      vertex 3.409469999372959 17.937624998390675 0.6000000000000001
      vertex 4.330636247992516 17.818511247634888 0.6000000000000001
      vertex 4.218785002827644 17.562605001032352 0.6000000000000001
    endloop
  endfacet
  facet normal 0 0 -1
    outer loop
      vertex 5.155249997973442 16.601700000464916 0.6000000000000001
      vertex 5.954764999449253 18.365520000457764 0.6000000000000001
      vertex 5.9532399997115135 18.262613750994205 0.6000000000000001
    endloop
  endfacet
  facet normal 0 0 -1
    outer loop
      vertex 5.155249997973442 16.601700000464916 0.6000000000000001
      vertex 5.9532399997115135 18.262613750994205 0.6000000000000001
      vertex 5.948665000498295 18.14919500052929 0.6000000000000001
    endloop
  endfacet
  facet normal 0 0 -1
    outer loop
      vertex 5.155249997973442 16.601700000464916 0.6000000000000001
      vertex 5.948665000498295 18.14919500052929 0.6000000000000001
      vertex 5.941040001809597 18.025263749063015 0.6000000000000001
    endloop
  endfacet
  facet normal 0 0 -1
    outer loop
      vertex 5.155249997973442 16.601700000464916 0.6000000000000001
      vertex 5.941040001809597 18.025263749063015 0.6000000000000001
      vertex 5.93036500364542 17.890819996595383 0.6000000000000001
    endloop
  endfacet
  facet normal 0 0 -1
    outer loop
      vertex 5.155249997973442 16.601700000464916 0.6000000000000001
      vertex 5.93036500364542 17.890819996595383 0.6000000000000001
      vertex 5.916639998555183 17.745863750576973 0.6000000000000001
    endloop
  endfacet
  facet normal 0 0 -1
    outer loop
      vertex 5.155249997973442 16.601700000464916 0.6000000000000001
      vertex 5.916639998555183 17.745863750576973 0.6000000000000001
      vertex 5.899865001440048 17.590395003557205 0.6000000000000001
    endloop
  endfacet
  facet normal -0.9878256435755541 0.15556509214647793 0
    outer loop
      vertex 4.458466246724129 18.403051249682903 0.6000000000000001
      vertex 4.458466246724129 18.403051249682903 0
      vertex 4.410530000925064 18.098659999668598 0.6000000000000001
    endloop
  endfacet
  facet normal -0.9616587077197902 0.27424902892572495 0
    outer loop
      vertex 4.330636247992516 17.818511247634888 0.6000000000000001
      vertex 4.410530000925064 18.098659999668598 0.6000000000000001
      vertex 4.410530000925064 18.098659999668598 0
    endloop
  endfacet
  facet normal -0.9988200535812741 0.04856439605205383 0
    outer loop
      vertex 4.458466246724129 18.403051249682903 0.6000000000000001
      vertex 4.474445000290871 18.731684997677803 0
      vertex 4.458466246724129 18.403051249682903 0
    endloop
  endfacet
  facet normal -0.9878256435755541 0.15556509214647793 0
    outer loop
      vertex 4.410530000925064 18.098659999668598 0.6000000000000001
      vertex 4.458466246724129 18.403051249682903 0
      vertex 4.410530000925064 18.098659999668598 0
    endloop
  endfacet
  facet normal -0.9616587077197902 0.27424902892572495 0
    outer loop
      vertex 4.330636247992516 17.818511247634888 0.6000000000000001
      vertex 4.410530000925064 18.098659999668598 0
      vertex 4.330636247992516 17.818511247634888 0
    endloop
  endfacet
  facet normal -0.8496114734999767 0.5274090860965502 0
    outer loop
      vertex 4.218785002827644 17.562605001032352 0.6000000000000001
      vertex 4.218785002827644 17.562605001032352 0
      vertex 4.074976250529289 17.330941252410412 0.6000000000000001
    endloop
  endfacet
  facet normal -0.7629218488125916 0.6464907212051672 0
    outer loop
      vertex 3.899209998548031 17.123520001769066 0.6000000000000001
      vertex 4.074976250529289 17.330941252410412 0.6000000000000001
      vertex 4.074976250529289 17.330941252410412 0
    endloop
  endfacet
  facet normal -0.6593278193009701 0.751855588990218 0
    outer loop
      vertex 3.899209998548031 17.123520001769066 0.6000000000000001
      vertex 3.899209998548031 17.123520001769066 0
      vertex 3.6950612515211105 16.944494999945164 0.6000000000000001
    endloop
  endfacet
  facet normal -0.9162989360658279 0.4004950184017674 0
    outer loop
      vertex 4.330636247992516 17.818511247634888 0.6000000000000001
      vertex 4.330636247992516 17.818511247634888 0
      vertex 4.218785002827644 17.562605001032352 0.6000000000000001
    endloop
  endfacet
  facet normal -0.9162989360658279 0.4004950184017674 0
    outer loop
      vertex 4.218785002827644 17.562605001032352 0.6000000000000001
      vertex 4.330636247992516 17.818511247634888 0
      vertex 4.218785002827644 17.562605001032352 0
    endloop
  endfacet
  facet normal -0.8496114734999767 0.5274090860965502 0
    outer loop
      vertex 4.074976250529289 17.330941252410412 0.6000000000000001
      vertex 4.218785002827644 17.562605001032352 0
      vertex 4.074976250529289 17.330941252410412 0
    endloop
  endfacet
  facet normal -0.7629218488125916 0.6464907212051672 0
    outer loop
      vertex 3.899209998548031 17.123520001769066 0.6000000000000001
      vertex 4.074976250529289 17.330941252410412 0
      vertex 3.899209998548031 17.123520001769066 0
    endloop
  endfacet
  facet normal 1 0 0
    outer loop
      vertex 5.155249997973442 20.901359997689724 0.6000000000000001
      vertex 5.155249997973442 16.601700000464916 0.6000000000000001
      vertex 5.155249997973442 16.601700000464916 0
    endloop
  endfacet
  facet normal 0 1 0
    outer loop
      vertex 5.155249997973442 16.601700000464916 0.6000000000000001
      vertex 6.183634996414185 16.601700000464916 0
      vertex 5.155249997973442 16.601700000464916 0
    endloop
  endfacet
  facet normal 0 0 -1
    outer loop
      vertex 5.899865001440048 17.590395003557205 0.6000000000000001
      vertex 8.08474999666214 19.940114997327328 0.6000000000000001
      vertex 6.183634996414185 16.601700000464916 0.6000000000000001
    endloop
  endfacet
  facet normal -0.9998902120901414 0.014817684243227663 0
    outer loop
      vertex 5.954764999449253 18.365520000457764 0.6000000000000001
      vertex 5.954764999449253 18.365520000457764 0
      vertex 5.9532399997115135 18.262613750994205 0.6000000000000001
    endloop
  endfacet
  facet normal -0.9991874450285188 0.04030446249958906 0
    outer loop
      vertex 5.9532399997115135 18.262613750994205 0.6000000000000001
      vertex 5.9532399997115135 18.262613750994205 0
      vertex 5.948665000498295 18.14919500052929 0.6000000000000001
    endloop
  endfacet
  facet normal -0.9968625504105666 0.07915210413463812 0
    outer loop
      vertex 5.941040001809597 18.025263749063015 0.6000000000000001
      vertex 5.941040001809597 18.025263749063015 0
      vertex 5.93036500364542 17.890819996595383 0.6000000000000001
    endloop
  endfacet
  facet normal -0.9955474069600594 0.09426219016711694 0
    outer loop
      vertex 5.93036500364542 17.890819996595383 0.6000000000000001
      vertex 5.93036500364542 17.890819996595383 0
      vertex 5.916639998555183 17.745863750576973 0.6000000000000001
    endloop
  endfacet
  facet normal -0.9981126301479868 0.061409914012868834 0
    outer loop
      vertex 5.948665000498295 18.14919500052929 0.6000000000000001
      vertex 5.948665000498295 18.14919500052929 0
      vertex 5.941040001809597 18.025263749063015 0.6000000000000001
    endloop
  endfacet
  facet normal -0.9998902120901414 0.014817684243227663 0
    outer loop
      vertex 5.9532399997115135 18.262613750994205 0.6000000000000001
      vertex 5.954764999449253 18.365520000457764 0
      vertex 5.9532399997115135 18.262613750994205 0
    endloop
  endfacet
  facet normal -0.9991874450285188 0.04030446249958906 0
    outer loop
      vertex 5.948665000498295 18.14919500052929 0.6000000000000001
      vertex 5.9532399997115135 18.262613750994205 0
      vertex 5.948665000498295 18.14919500052929 0
    endloop
  endfacet
  facet normal -0.9968625504105666 0.07915210413463812 0
    outer loop
      vertex 5.93036500364542 17.890819996595383 0.6000000000000001
      vertex 5.941040001809597 18.025263749063015 0
      vertex 5.93036500364542 17.890819996595383 0
    endloop
  endfacet
  facet normal -0.9955474069600594 0.09426219016711694 0
    outer loop
      vertex 5.916639998555183 17.745863750576973 0.6000000000000001
      vertex 5.93036500364542 17.890819996595383 0
      vertex 5.916639998555183 17.745863750576973 0
    endloop
  endfacet
  facet normal -0.9981126301479868 0.061409914012868834 0
    outer loop
      vertex 5.941040001809597 18.025263749063015 0.6000000000000001
      vertex 5.948665000498295 18.14919500052929 0
      vertex 5.941040001809597 18.025263749063015 0
    endloop
  endfacet
  facet normal -0.9942291914996192 0.10727681375774313 0
    outer loop
      vertex 5.916639998555183 17.745863750576973 0.6000000000000001
      vertex 5.916639998555183 17.745863750576973 0
      vertex 5.899865001440048 17.590395003557205 0.6000000000000001
    endloop
  endfacet
  facet normal -0.9942291914996192 0.10727681375774313 0
    outer loop
      vertex 5.899865001440048 17.590395003557205 0.6000000000000001
      vertex 5.916639998555183 17.745863750576973 0
      vertex 5.899865001440048 17.590395003557205 0
    endloop
  endfacet
  facet normal -0.8689767062037592 0.49485299238790637 0
    outer loop
      vertex 8.08474999666214 19.940114997327328 0.6000000000000001
      vertex 6.183634996414185 16.601700000464916 0
      vertex 6.183634996414185 16.601700000464916 0.6000000000000001
    endloop
  endfacet
  facet normal 0 0 -1
    outer loop
      vertex 5.155249997973442 16.601700000464916 0.6000000000000001
      vertex 5.899865001440048 17.590395003557205 0.6000000000000001
      vertex 6.183634996414185 16.601700000464916 0.6000000000000001
    endloop
  endfacet
  facet normal 0 1 0
    outer loop
      vertex 5.155249997973442 16.601700000464916 0.6000000000000001
      vertex 6.183634996414185 16.601700000464916 0.6000000000000001
      vertex 6.183634996414185 16.601700000464916 0
    endloop
  endfacet
  facet normal 0 0 -1
    outer loop
      vertex 7.773484997451305 20.901359997689724 0.6000000000000001
      vertex 8.829365000128746 20.901359997689724 0.6000000000000001
      vertex 8.08474999666214 19.940114997327328 0.6000000000000001
    endloop
  endfacet
  facet normal 0 -1 0
    outer loop
      vertex 7.773484997451305 20.901359997689724 0.6000000000000001
      vertex 7.773484997451305 20.901359997689724 0
      vertex 8.829365000128746 20.901359997689724 0.6000000000000001
    endloop
  endfacet
  facet normal 0 -1 0
    outer loop
      vertex 8.829365000128746 20.901359997689724 0.6000000000000001
      vertex 7.773484997451305 20.901359997689724 0
      vertex 8.829365000128746 20.901359997689724 0
    endloop
  endfacet
  facet normal 0 0 -1
    outer loop
      vertex 8.054250001907349 19.64207500219345 0.6000000000000001
      vertex 8.829365000128746 16.601700000464916 0.6000000000000001
      vertex 8.043574996292591 19.49992500245571 0.6000000000000001
    endloop
  endfacet
  facet normal 0 0 -1
    outer loop
      vertex 8.08474999666214 19.940114997327328 0.6000000000000001
      vertex 8.829365000128746 16.601700000464916 0.6000000000000001
      vertex 8.067974999547005 19.78880500048399 0.6000000000000001
    endloop
  endfacet
  facet normal 0 0 -1
    outer loop
      vertex 8.067974999547005 19.78880500048399 0.6000000000000001
      vertex 8.829365000128746 16.601700000464916 0.6000000000000001
      vertex 8.054250001907349 19.64207500219345 0.6000000000000001
    endloop
  endfacet
  facet normal 0 0 -1
    outer loop
      vertex 8.829365000128746 20.901359997689724 0.6000000000000001
      vertex 8.829365000128746 16.601700000464916 0.6000000000000001
      vertex 8.08474999666214 19.940114997327328 0.6000000000000001
    endloop
  endfacet
  facet normal 0.993910542709145 -0.11018998634909062 0
    outer loop
      vertex 8.08474999666214 19.940114997327328 0.6000000000000001
      vertex 8.067974999547005 19.78880500048399 0.6000000000000001
      vertex 8.067974999547005 19.78880500048399 0
    endloop
  endfacet
  facet normal 0.995653715168427 -0.09313259081174953 0
    outer loop
      vertex 8.067974999547005 19.78880500048399 0.6000000000000001
      vertex 8.054250001907349 19.64207500219345 0.6000000000000001
      vertex 8.054250001907349 19.64207500219345 0
    endloop
  endfacet
  facet normal 0.9971921084987777 -0.07488590486708385 0
    outer loop
      vertex 8.054250001907349 19.64207500219345 0.6000000000000001
      vertex 8.043574996292591 19.49992500245571 0.6000000000000001
      vertex 8.043574996292591 19.49992500245571 0
    endloop
  endfacet
  facet normal 0.9984674916988122 -0.05534137711226728 0
    outer loop
      vertex 8.043574996292591 19.49992500245571 0.6000000000000001
      vertex 8.035949997603893 19.36235500127077 0.6000000000000001
      vertex 8.035949997603893 19.36235500127077 0
    endloop
  endfacet
  facet normal 0.995653715168427 -0.09313259081174953 0
    outer loop
      vertex 8.067974999547005 19.78880500048399 0.6000000000000001
      vertex 8.054250001907349 19.64207500219345 0
      vertex 8.067974999547005 19.78880500048399 0
    endloop
  endfacet
  facet normal 0.9971921084987777 -0.07488590486708385 0
    outer loop
      vertex 8.054250001907349 19.64207500219345 0.6000000000000001
      vertex 8.043574996292591 19.49992500245571 0
      vertex 8.054250001907349 19.64207500219345 0
    endloop
  endfacet
  facet normal 0.9984674916988122 -0.05534137711226728 0
    outer loop
      vertex 8.043574996292591 19.49992500245571 0.6000000000000001
      vertex 8.035949997603893 19.36235500127077 0
      vertex 8.043574996292591 19.49992500245571 0
    endloop
  endfacet
  facet normal 0.993910542709145 -0.11018998634909062 0
    outer loop
      vertex 8.08474999666214 19.940114997327328 0.6000000000000001
      vertex 8.067974999547005 19.78880500048399 0
      vertex 8.08474999666214 19.940114997327328 0
    endloop
  endfacet
  facet normal 0.999408807654586 -0.03438073853830065 0
    outer loop
      vertex 8.035949997603893 19.36235500127077 0.6000000000000001
      vertex 8.031374998390675 19.22936499863863 0.6000000000000001
      vertex 8.031374998390675 19.22936499863863 0
    endloop
  endfacet
  facet normal 0.999929487528609 -0.011875182978531741 0
    outer loop
      vertex 8.031374998390675 19.22936499863863 0.6000000000000001
      vertex 8.029849998652935 19.10095500200987 0.6000000000000001
      vertex 8.029849998652935 19.10095500200987 0
    endloop
  endfacet
  facet normal 0.999408807654586 -0.03438073853830065 0
    outer loop
      vertex 8.035949997603893 19.36235500127077 0.6000000000000001
      vertex 8.031374998390675 19.22936499863863 0
      vertex 8.035949997603893 19.36235500127077 0
    endloop
  endfacet
  facet normal 0.999929487528609 -0.011875182978531741 0
    outer loop
      vertex 8.031374998390675 19.22936499863863 0.6000000000000001
      vertex 8.029849998652935 19.10095500200987 0
      vertex 8.031374998390675 19.22936499863863 0
    endloop
  endfacet
  facet normal -1 0 0
    outer loop
      vertex 8.829365000128746 20.901359997689724 0.6000000000000001
      vertex 8.829365000128746 20.901359997689724 0
      vertex 8.829365000128746 16.601700000464916 0.6000000000000001
    endloop
  endfacet
  facet normal 0 0 -1
    outer loop
      vertex 8.043574996292591 19.49992500245571 0.6000000000000001
      vertex 8.829365000128746 16.601700000464916 0.6000000000000001
      vertex 8.035949997603893 19.36235500127077 0.6000000000000001
    endloop
  endfacet
  facet normal 0 0 -1
    outer loop
      vertex 8.035949997603893 19.36235500127077 0.6000000000000001
      vertex 8.829365000128746 16.601700000464916 0.6000000000000001
      vertex 8.031374998390675 19.22936499863863 0.6000000000000001
    endloop
  endfacet
  facet normal 0 0 -1
    outer loop
      vertex 8.031374998390675 19.22936499863863 0.6000000000000001
      vertex 8.829365000128746 16.601700000464916 0.6000000000000001
      vertex 8.029849998652935 19.10095500200987 0.6000000000000001
    endloop
  endfacet
  facet normal 0 0 -1
    outer loop
      vertex 8.029849998652935 19.10095500200987 0.6000000000000001
      vertex 8.829365000128746 16.601700000464916 0.6000000000000001
      vertex 8.029849998652935 16.601700000464916 0.6000000000000001
    endloop
  endfacet
  facet normal 1 0 0
    outer loop
      vertex 8.029849998652935 19.10095500200987 0.6000000000000001
      vertex 8.029849998652935 16.601700000464916 0
      vertex 8.029849998652935 19.10095500200987 0
    endloop
  endfacet
  facet normal 1 0 0
    outer loop
      vertex 8.029849998652935 19.10095500200987 0.6000000000000001
      vertex 8.029849998652935 16.601700000464916 0.6000000000000001
      vertex 8.029849998652935 16.601700000464916 0
    endloop
  endfacet
  facet normal -1 0 0
    outer loop
      vertex 8.829365000128746 16.601700000464916 0.6000000000000001
      vertex 8.829365000128746 20.901359997689724 0
      vertex 8.829365000128746 16.601700000464916 0
    endloop
  endfacet
  facet normal 0 1 0
    outer loop
      vertex 8.029849998652935 16.601700000464916 0.6000000000000001
      vertex 8.829365000128746 16.601700000464916 0
      vertex 8.029849998652935 16.601700000464916 0
    endloop
  endfacet
  facet normal 0 1 0
    outer loop
      vertex 8.029849998652935 16.601700000464916 0.6000000000000001
      vertex 8.829365000128746 16.601700000464916 0.6000000000000001
      vertex 8.829365000128746 16.601700000464916 0
    endloop
  endfacet
endsolid OpenSCAD_Model
